Season,Round,Team,Player,PlayerUrl,Position,SelectionType,ScrapedAt
2026,6,Carlton,H Dean,pp-carlton-blues--harry-dean,Interchange,interchange,2026-04-16 13:40
2026,6,Carlton,F Evans,pp-carlton-blues--francis-evans,Interchange,interchange,2026-04-16 13:40
2026,6,Carlton,T Byrne,pp-carlton-blues--talor-byrne,Interchange,interchange,2026-04-16 13:40
2026,6,Carlton,L Young,pp-carlton-blues--lewis-young,Interchange,interchange,2026-04-16 13:40
2026,6,Carlton,A Cerra,pp-carlton-blues--adam-cerra,Interchange,interchange,2026-04-16 13:40
2026,6,Carlton,L Reidy,pp-carlton-blues--liam-reidy,,emergency,2026-04-16 13:40
2026,6,Carlton,F Young,pp-carlton-blues--flynn-young,,emergency,2026-04-16 13:40
2026,6,Carlton,J Boyd,pp-carlton-blues--jordan-boyd,,emergency,2026-04-16 13:40
2026,6,Carlton,L Cowan,pp-carlton-blues--lachlan-cowan,Key Defender,selected,2026-04-16 13:40
2026,6,Carlton,J Weitering,pp-carlton-blues--jacob-weitering,Key Defender,selected,2026-04-16 13:40
2026,6,Carlton,N Haynes,pp-carlton-blues--nick-haynes,Key Defender,selected,2026-04-16 13:40
2026,6,Collingwood,D McStay,pp-collingwood-magpies--daniel-mcstay,Key Forward,selected,2026-04-16 13:40
2026,6,Collingwood,J Elliott,pp-collingwood-magpies--jamie-elliott-1,Key Forward,selected,2026-04-16 13:40
2026,6,Collingwood,T Membrey,pp-collingwood-magpies--tim-membrey,Key Forward,selected,2026-04-16 13:40
2026,6,Carlton,O Florent,pp-carlton-blues--oliver-florent,Gen. Defender,selected,2026-04-16 13:40
2026,6,Carlton,M McGovern,pp-carlton-blues--mitch-mcgovern,Gen. Defender,selected,2026-04-16 13:40
2026,6,Carlton,N Newman,pp-carlton-blues--nic-newman,Gen. Defender,selected,2026-04-16 13:40
2026,6,Collingwood,B McCreery,pp-collingwood-magpies--beau-mccreery,Gen. Forward,selected,2026-04-16 13:40
2026,6,Collingwood,W Hayes,pp-collingwood-magpies--will-hayes-1,Gen. Forward,selected,2026-04-16 13:40
2026,6,Collingwood,L Schultz,pp-collingwood-magpies--lachlan-schultz,Gen. Forward,selected,2026-04-16 13:40
2026,6,Carlton,O Hollands,pp-carlton-blues--oliver-hollands,Midfielder,selected,2026-04-16 13:40
2026,6,Carlton,P Cripps,pp-carlton-blues--patrick-cripps,Midfielder,selected,2026-04-16 13:40
2026,6,Carlton,M Carroll,pp-carlton-blues--matt-carroll,Midfielder,selected,2026-04-16 13:40
2026,6,Collingwood,R Steele,pp-collingwood-magpies--roan-steele,Midfielder,selected,2026-04-16 13:40
2026,6,Collingwood,S Pendlebury,pp-collingwood-magpies--scott-pendlebury,Midfielder,selected,2026-04-16 13:40
2026,6,Collingwood,E Allan,pp-collingwood-magpies--edward-allan,Midfielder,selected,2026-04-16 13:40
2026,6,Carlton,J Smith,pp-carlton-blues--jagga-smith,Gen. Forward,selected,2026-04-16 13:40
2026,6,Carlton,E Hollands,pp-carlton-blues--elijah-hollands,Gen. Forward,selected,2026-04-16 13:40
2026,6,Carlton,B Ainsworth,pp-carlton-blues--ben-ainsworth,Gen. Forward,selected,2026-04-16 13:40
2026,6,Collingwood,I Quaynor,pp-collingwood-magpies--isaac-quaynor,Gen. Defender,selected,2026-04-16 13:40
2026,6,Collingwood,H Perryman,pp-collingwood-magpies--harry-perryman,Gen. Defender,selected,2026-04-16 13:40
2026,6,Collingwood,J Daicos,pp-collingwood-magpies--josh-daicos,Gen. Defender,selected,2026-04-16 13:40
2026,6,Carlton,W Hayward,pp-carlton-blues--will-hayward,Key Forward,selected,2026-04-16 13:40
2026,6,Carlton,H McKay,pp-carlton-blues--harry-mckay,Key Forward,selected,2026-04-16 13:40
2026,6,Carlton,B Kemp,pp-carlton-blues--brodie-kemp,Key Forward,selected,2026-04-16 13:40
2026,6,Collingwood,B Frampton,pp-collingwood-magpies--billy-frampton,Key Defender,selected,2026-04-16 13:40
2026,6,Collingwood,J Howe,pp-collingwood-magpies--jeremy-howe,Key Defender,selected,2026-04-16 13:40
2026,6,Collingwood,B Maynard,pp-collingwood-magpies--brayden-maynard,Key Defender,selected,2026-04-16 13:40
2026,6,Carlton,M Pittonet,pp-carlton-blues--marc-pittonet,Ruck,selected,2026-04-16 13:40
2026,6,Carlton,Z Williams,pp-carlton-blues--zachary-williams,Ruck,selected,2026-04-16 13:40
2026,6,Carlton,S Walsh,pp-carlton-blues--sam-walsh,Ruck,selected,2026-04-16 13:40
2026,6,Collingwood,O Steene,pp-collingwood-magpies--oscar-steene,Ruck,selected,2026-04-16 13:40
2026,6,Collingwood,N Long,pp-collingwood-magpies--ned-long,Ruck,selected,2026-04-16 13:40
2026,6,Collingwood,A Anderson,pp-collingwood-magpies--angus-anderson,Ruck,selected,2026-04-16 13:40
2026,6,Collingwood,P Lipinski,pp-collingwood-magpies--patrick-lipinski,Interchange,interchange,2026-04-16 13:40
2026,6,Collingwood,D Houston,pp-collingwood-magpies--dan-houston,Interchange,interchange,2026-04-16 13:40
2026,6,Collingwood,D Cameron,pp-collingwood-magpies--darcy-cameron,Interchange,interchange,2026-04-16 13:40
2026,6,Collingwood,J Crisp,pp-collingwood-magpies--jack-crisp,Interchange,interchange,2026-04-16 13:40
2026,6,Collingwood,N Daicos,pp-collingwood-magpies--nick-daicos,Interchange,interchange,2026-04-16 13:40
2026,6,Collingwood,W Parker,pp-collingwood-magpies--wil-parker,,emergency,2026-04-16 13:40
2026,6,Collingwood,L Sullivan,pp-collingwood-magpies--lachie-sullivan,,emergency,2026-04-16 13:40
2026,6,Collingwood,J Buller,pp-collingwood-magpies--jack-buller,,emergency,2026-04-16 13:40
