Name,Team,Expiry Year,Source,Source URL,Verified,Notes
Brodie Smith,Adelaide Crows,2025,Zero Hanger,https://www.zerohanger.com/afl/players/off-contract-2025/,,
Chris Burgess,Adelaide Crows,2025,Zero Hanger,https://www.zerohanger.com/afl/players/off-contract-2025/,,
Harry Schoenberg,Adelaide Crows,2025,Zero Hanger,https://www.zerohanger.com/afl/players/off-contract-2025/,,
Hugh Bond,Adelaide Crows,2025,Zero Hanger,https://www.zerohanger.com/afl/players/off-contract-2025/,,
Karl Gallagher,Adelaide Crows,2025,Zero Hanger,https://www.zerohanger.com/afl/players/off-contract-2025/,,
Kieran Strachan,Adelaide Crows,2025,Zero Hanger,https://www.zerohanger.com/afl/players/off-contract-2025/,,
Lachlan Murphy,Adelaide Crows,2025,Zero Hanger,https://www.zerohanger.com/afl/players/off-contract-2025/,,
Taylor Walker,Adelaide Crows,2025,Zero Hanger,https://www.zerohanger.com/afl/players/off-contract-2025/,,
Zac Taylor,Adelaide Crows,2025,Zero Hanger,https://www.zerohanger.com/afl/players/off-contract-2025/,,
Billy Dowling,Adelaide Crows,2026,Zero Hanger,https://www.zerohanger.com/afl/players/off-contract-2026/,,
Brayden Cook,Adelaide Crows,2026,Zero Hanger,https://www.zerohanger.com/afl/players/off-contract-2026/,,
Charlie Edwards,Adelaide Crows,2026,Zero Hanger,https://www.zerohanger.com/afl/players/off-contract-2026/,,
Chayce Jones,Adelaide Crows,2026,Zero Hanger,https://www.zerohanger.com/afl/players/off-contract-2026/,,
Indy Cotton,Adelaide Crows,2026,Zero Hanger,https://www.zerohanger.com/afl/players/off-contract-2026/,,
James Borlase,Adelaide Crows,2026,Zero Hanger,https://www.zerohanger.com/afl/players/off-contract-2026/,,
Jordon Butts,Adelaide Crows,2026,Zero Hanger,https://www.zerohanger.com/afl/players/off-contract-2026/,,
Lachlan Sholl,Adelaide Crows,2026,Zero Hanger,https://www.zerohanger.com/afl/players/off-contract-2026/,,
Luke Pedlar,Adelaide Crows,2026,Zero Hanger,https://www.zerohanger.com/afl/players/off-contract-2026/,,
Max Michalanney,Adelaide Crows,2026,Zero Hanger,https://www.zerohanger.com/afl/players/off-contract-2026/,,
Mitchell Hinge,Adelaide Crows,2026,Zero Hanger,https://www.zerohanger.com/afl/players/off-contract-2026/,,
Oscar Ryan,Adelaide Crows,2026,Zero Hanger,https://www.zerohanger.com/afl/players/off-contract-2026/,,
Rory Laird,Adelaide Crows,2026,Zero Hanger,https://www.zerohanger.com/afl/players/off-contract-2026/,,
Sam Berry,Adelaide Crows,2026,Zero Hanger,https://www.zerohanger.com/afl/players/off-contract-2026/,,
Tyler Welsh,Adelaide Crows,2026,Zero Hanger,https://www.zerohanger.com/afl/players/off-contract-2026/,,
Ben Keays,Adelaide Crows,2027,Zero Hanger,https://www.zerohanger.com/afl/players/off-contract-2027/,,
Izak Rankine,Adelaide Crows,2027,Zero Hanger,https://www.zerohanger.com/afl/players/off-contract-2027/,,
Lachlan McAndrew,Adelaide Crows,2027,Zero Hanger,https://www.zerohanger.com/afl/players/off-contract-2027/,,
Luke Nankervis,Adelaide Crows,2027,Zero Hanger,https://www.zerohanger.com/afl/players/off-contract-2027/,,
Sid Draper,Adelaide Crows,2027,Zero Hanger,https://www.zerohanger.com/afl/players/off-contract-2027/,,
Toby Murray,Adelaide Crows,2027,Zero Hanger,https://www.zerohanger.com/afl/players/off-contract-2027/,,
Alex Neal-Bullen,Adelaide Crows,2028,FootyWire,https://www.footywire.com/afl/footy/out_of_contract_players?year=2028,,
James Peatling,Adelaide Crows,2028,FootyWire,https://www.footywire.com/afl/footy/out_of_contract_players?year=2028,,
Mark Keane,Adelaide Crows,2028,FootyWire,https://www.footywire.com/afl/footy/out_of_contract_players?year=2028,,
Nick Murray,Adelaide Crows,2028,FootyWire,https://www.footywire.com/afl/footy/out_of_contract_players?year=2028,,
Reilly O'Brien,Adelaide Crows,2028,FootyWire,https://www.footywire.com/afl/footy/out_of_contract_players?year=2028,,
Riley Thilthorpe,Adelaide Crows,2028,FootyWire,https://www.footywire.com/afl/footy/out_of_contract_players?year=2028,,
Wayne Milera,Adelaide Crows,2028,FootyWire,https://www.footywire.com/afl/footy/out_of_contract_players?year=2028,,
Daniel Curtin,Adelaide Crows,2029,FootyWire,https://www.footywire.com/afl/footy/out_of_contract_players?year=2029,,
Jake Soligo,Adelaide Crows,2029,FootyWire,https://www.footywire.com/afl/footy/out_of_contract_players?year=2029,,
Jordan Dawson,Adelaide Crows,2029,FootyWire,https://www.footywire.com/afl/footy/out_of_contract_players?year=2029,,
Josh Rachele,Adelaide Crows,2029,FootyWire,https://www.footywire.com/afl/footy/out_of_contract_players?year=2029,,
Isaac Cumming,Adelaide Crows,2030,FootyWire,https://www.footywire.com/afl/footy/out_of_contract_players?year=2030,,
Darcy Fogarty,Adelaide Crows,2031,FootyWire,https://www.footywire.com/afl/footy/out_of_contract_players?year=2031,,
Josh Worrell,Adelaide Crows,2033,FootyWire,https://www.footywire.com/afl/footy/out_of_contract_players?year=2033,,
Brandon Starcevich,Brisbane Lions,2025,Zero Hanger,https://www.zerohanger.com/afl/players/off-contract-2025/,,
Callum Ah Chee,Brisbane Lions,2025,Zero Hanger,https://www.zerohanger.com/afl/players/off-contract-2025/,,
Conor McKenna,Brisbane Lions,2025,Zero Hanger,https://www.zerohanger.com/afl/players/off-contract-2025/,,
Darcy Craven,Brisbane Lions,2025,Zero Hanger,https://www.zerohanger.com/afl/players/off-contract-2025/,,
Darcy Fort,Brisbane Lions,2025,Zero Hanger,https://www.zerohanger.com/afl/players/off-contract-2025/,,
Darcy Gardiner,Brisbane Lions,2025,Zero Hanger,https://www.zerohanger.com/afl/players/off-contract-2025/,,
Darragh Joyce,Brisbane Lions,2025,Zero Hanger,https://www.zerohanger.com/afl/players/off-contract-2025/,,
Deven Robertson,Brisbane Lions,2025,Zero Hanger,https://www.zerohanger.com/afl/players/off-contract-2025/,,
James Tunstill,Brisbane Lions,2025,Zero Hanger,https://www.zerohanger.com/afl/players/off-contract-2025/,,
Lincoln McCarthy,Brisbane Lions,2025,Zero Hanger,https://www.zerohanger.com/afl/players/off-contract-2025/,,
Luke Beecken,Brisbane Lions,2025,Zero Hanger,https://www.zerohanger.com/afl/players/off-contract-2025/,,
Ryan Lester,Brisbane Lions,2025,Zero Hanger,https://www.zerohanger.com/afl/players/off-contract-2025/,,
Sam Day,Brisbane Lions,2025,Zero Hanger,https://www.zerohanger.com/afl/players/off-contract-2025/,,
Brandon Ryan,Brisbane Lions,2026,Zero Hanger,https://www.zerohanger.com/afl/players/off-contract-2026/,,
Bruce Reville,Brisbane Lions,2026,Zero Hanger,https://www.zerohanger.com/afl/players/off-contract-2026/,,
Dayne Zorko,Brisbane Lions,2026,Zero Hanger,https://www.zerohanger.com/afl/players/off-contract-2026/,,
Henry Smith,Brisbane Lions,2026,Zero Hanger,https://www.zerohanger.com/afl/players/off-contract-2026/,,
Lachie Neale,Brisbane Lions,2026,Zero Hanger,https://www.zerohanger.com/afl/players/off-contract-2026/,,
Luke Lloyd,Brisbane Lions,2026,Zero Hanger,https://www.zerohanger.com/afl/players/off-contract-2026/,,
Noah Answerth,Brisbane Lions,2026,Zero Hanger,https://www.zerohanger.com/afl/players/off-contract-2026/,,
Oscar McInerney,Brisbane Lions,2026,Zero Hanger,https://www.zerohanger.com/afl/players/off-contract-2026/,,
Reece Torrent,Brisbane Lions,2026,Zero Hanger,https://www.zerohanger.com/afl/players/off-contract-2026/,,
Shadeau Brain,Brisbane Lions,2026,Zero Hanger,https://www.zerohanger.com/afl/players/off-contract-2026/,,
Will Ashcroft,Brisbane Lions,2026,Zero Hanger,https://www.zerohanger.com/afl/players/off-contract-2026/,,
Will McLachlan,Brisbane Lions,2026,Zero Hanger,https://www.zerohanger.com/afl/players/off-contract-2026/,,
Zac Bailey,Brisbane Lions,2026,Zero Hanger,https://www.zerohanger.com/afl/players/off-contract-2026/,,
Zane Zakostelsky,Brisbane Lions,2026,Zero Hanger,https://www.zerohanger.com/afl/players/off-contract-2026/,,
Darcy Wilmot,Brisbane Lions,2027,Zero Hanger,https://www.zerohanger.com/afl/players/off-contract-2027/,,
Kai Lohmann,Brisbane Lions,2027,Zero Hanger,https://www.zerohanger.com/afl/players/off-contract-2027/,,
Keidean Coleman,Brisbane Lions,2027,Zero Hanger,https://www.zerohanger.com/afl/players/off-contract-2027/,,
Levi Ashcroft,Brisbane Lions,2027,Zero Hanger,https://www.zerohanger.com/afl/players/off-contract-2027/,,
Logan Morris,Brisbane Lions,2027,Zero Hanger,https://www.zerohanger.com/afl/players/off-contract-2027/,,
Sam Marshall,Brisbane Lions,2027,Zero Hanger,https://www.zerohanger.com/afl/players/off-contract-2027/,,
Tom Doedee,Brisbane Lions,2027,Zero Hanger,https://www.zerohanger.com/afl/players/off-contract-2027/,,
Ty Gallop,Brisbane Lions,2027,Zero Hanger,https://www.zerohanger.com/afl/players/off-contract-2027/,,
Charlie Cameron,Brisbane Lions,2028,FootyWire,https://www.footywire.com/afl/footy/out_of_contract_players?year=2028,,
Josh Dunkley,Brisbane Lions,2028,FootyWire,https://www.footywire.com/afl/footy/out_of_contract_players?year=2028,,
Eric Hipwood,Brisbane Lions,2029,FootyWire,https://www.footywire.com/afl/footy/out_of_contract_players?year=2029,,
Harris Andrews,Brisbane Lions,2029,FootyWire,https://www.footywire.com/afl/footy/out_of_contract_players?year=2029,,
Jack Payne,Brisbane Lions,2029,FootyWire,https://www.footywire.com/afl/footy/out_of_contract_players?year=2029,,
Jarrod Berry,Brisbane Lions,2029,FootyWire,https://www.footywire.com/afl/footy/out_of_contract_players?year=2029,,
Levi Ashcroft,Brisbane Lions,2029,FootyWire,https://www.footywire.com/afl/footy/out_of_contract_players?year=2029,,
Jaspa Fletcher,Brisbane Lions,2030,FootyWire,https://www.footywire.com/afl/footy/out_of_contract_players?year=2030,,
Cam Rayner,Brisbane Lions,2031,FootyWire,https://www.footywire.com/afl/footy/out_of_contract_players?year=2031,,
Hugh McCluggage,Brisbane Lions,2031,FootyWire,https://www.footywire.com/afl/footy/out_of_contract_players?year=2031,,
Adam Saad,Carlton,2025,Zero Hanger,https://www.zerohanger.com/afl/players/off-contract-2025/,,
Flynn Young,Carlton,2025,Zero Hanger,https://www.zerohanger.com/afl/players/off-contract-2025/,,
Francis Evans,Carlton,2025,Zero Hanger,https://www.zerohanger.com/afl/players/off-contract-2025/,,
Harry Charleson,Carlton,2025,Zero Hanger,https://www.zerohanger.com/afl/players/off-contract-2025/,,
Jack Silvagni,Carlton,2025,Zero Hanger,https://www.zerohanger.com/afl/players/off-contract-2025/,,
Jesse Motlop,Carlton,2025,Zero Hanger,https://www.zerohanger.com/afl/players/off-contract-2025/,,
Matt Duffy,Carlton,2025,Zero Hanger,https://www.zerohanger.com/afl/players/off-contract-2025/,,
Mitch McGovern,Carlton,2025,Zero Hanger,https://www.zerohanger.com/afl/players/off-contract-2025/,,
Nic Newman,Carlton,2025,Zero Hanger,https://www.zerohanger.com/afl/players/off-contract-2025/,,
Nick Haynes,Carlton,2025,Zero Hanger,https://www.zerohanger.com/afl/players/off-contract-2025/,,
Rob Monahan,Carlton,2025,Zero Hanger,https://www.zerohanger.com/afl/players/off-contract-2025/,,
Will White,Carlton,2025,Zero Hanger,https://www.zerohanger.com/afl/players/off-contract-2025/,,
Ben Camporeale,Carlton,2026,Zero Hanger,https://www.zerohanger.com/afl/players/off-contract-2026/,,
Billy Wilson,Carlton,2026,Zero Hanger,https://www.zerohanger.com/afl/players/off-contract-2026/,,
Cooper Lord,Carlton,2026,Zero Hanger,https://www.zerohanger.com/afl/players/off-contract-2026/,,
Corey Durdin,Carlton,2026,Zero Hanger,https://www.zerohanger.com/afl/players/off-contract-2026/,,
Elijah Hollands,Carlton,2026,Zero Hanger,https://www.zerohanger.com/afl/players/off-contract-2026/,,
Hudson O'Keeffe,Carlton,2026,Zero Hanger,https://www.zerohanger.com/afl/players/off-contract-2026/,,
Jaxon Binns,Carlton,2026,Zero Hanger,https://www.zerohanger.com/afl/players/off-contract-2026/,,
Jordan Boyd,Carlton,2026,Zero Hanger,https://www.zerohanger.com/afl/players/off-contract-2026/,,
Lachie Fogarty,Carlton,2026,Zero Hanger,https://www.zerohanger.com/afl/players/off-contract-2026/,,
Lewis Young,Carlton,2026,Zero Hanger,https://www.zerohanger.com/afl/players/off-contract-2026/,,
Lucas Camporeale,Carlton,2026,Zero Hanger,https://www.zerohanger.com/afl/players/off-contract-2026/,,
Oliver Hollands,Carlton,2026,Zero Hanger,https://www.zerohanger.com/afl/players/off-contract-2026/,,
Sam Walsh,Carlton,2026,Zero Hanger,https://www.zerohanger.com/afl/players/off-contract-2026/,,
Zac Williams,Carlton,2026,Zero Hanger,https://www.zerohanger.com/afl/players/off-contract-2026/,,
Ashton Moir,Carlton,2027,Zero Hanger,https://www.zerohanger.com/afl/players/off-contract-2027/,,
Blake Acres,Carlton,2027,Zero Hanger,https://www.zerohanger.com/afl/players/off-contract-2027/,,
Brodie Kemp,Carlton,2027,Zero Hanger,https://www.zerohanger.com/afl/players/off-contract-2027/,,
George Hewett,Carlton,2027,Zero Hanger,https://www.zerohanger.com/afl/players/off-contract-2027/,,
Harry O'Farrell,Carlton,2027,Zero Hanger,https://www.zerohanger.com/afl/players/off-contract-2027/,,
Jagga Smith,Carlton,2027,Zero Hanger,https://www.zerohanger.com/afl/players/off-contract-2027/,,
Marc Pittonet,Carlton,2027,Zero Hanger,https://www.zerohanger.com/afl/players/off-contract-2027/,,
Matthew Carroll,Carlton,2027,Zero Hanger,https://www.zerohanger.com/afl/players/off-contract-2027/,,
Matthew Cottrell,Carlton,2027,Zero Hanger,https://www.zerohanger.com/afl/players/off-contract-2027/,,
Patrick Cripps,Carlton,2027,Zero Hanger,https://www.zerohanger.com/afl/players/off-contract-2027/,,
Tom De Koning,Carlton,2027,Zero Hanger,https://www.zerohanger.com/afl/players/off-contract-2027/,,
Lachlan Cowan,Carlton,2028,FootyWire,https://www.footywire.com/afl/footy/out_of_contract_players?year=2028,,
Charlie Curnow,Carlton,2029,FootyWire,https://www.footywire.com/afl/footy/out_of_contract_players?year=2029,,
Adam Cerra,Carlton,2030,FootyWire,https://www.footywire.com/afl/footy/out_of_contract_players?year=2030,,
Harry McKay,Carlton,2030,FootyWire,https://www.footywire.com/afl/footy/out_of_contract_players?year=2030,,
Jacob Weitering,Carlton,2031,FootyWire,https://www.footywire.com/afl/footy/out_of_contract_players?year=2031,,
Ash Johnson,Collingwood,2025,Zero Hanger,https://www.zerohanger.com/afl/players/off-contract-2025/,,
Billy Frampton,Collingwood,2025,Zero Hanger,https://www.zerohanger.com/afl/players/off-contract-2025/,,
Brody Mihocek,Collingwood,2025,Zero Hanger,https://www.zerohanger.com/afl/players/off-contract-2025/,,
Charlie Dean,Collingwood,2025,Zero Hanger,https://www.zerohanger.com/afl/players/off-contract-2025/,,
Finlay Macrae,Collingwood,2025,Zero Hanger,https://www.zerohanger.com/afl/players/off-contract-2025/,,
Jamie Elliott,Collingwood,2025,Zero Hanger,https://www.zerohanger.com/afl/players/off-contract-2025/,,
Jeremy Howe,Collingwood,2025,Zero Hanger,https://www.zerohanger.com/afl/players/off-contract-2025/,,
Lachlan Sullivan,Collingwood,2025,Zero Hanger,https://www.zerohanger.com/afl/players/off-contract-2025/,,
Mason Cox,Collingwood,2025,Zero Hanger,https://www.zerohanger.com/afl/players/off-contract-2025/,,
Noah Howes,Collingwood,2025,Zero Hanger,https://www.zerohanger.com/afl/players/off-contract-2025/,,
Oleg Markov,Collingwood,2025,Zero Hanger,https://www.zerohanger.com/afl/players/off-contract-2025/,,
Roan Steele,Collingwood,2025,Zero Hanger,https://www.zerohanger.com/afl/players/off-contract-2025/,,
Steele Sidebottom,Collingwood,2025,Zero Hanger,https://www.zerohanger.com/afl/players/off-contract-2025/,,
Tom Mitchell,Collingwood,2025,Zero Hanger,https://www.zerohanger.com/afl/players/off-contract-2025/,,
Wil Parker,Collingwood,2025,Zero Hanger,https://www.zerohanger.com/afl/players/off-contract-2025/,,
Charlie West,Collingwood,2026,Zero Hanger,https://www.zerohanger.com/afl/players/off-contract-2026/,,
Edward Allan,Collingwood,2026,Zero Hanger,https://www.zerohanger.com/afl/players/off-contract-2026/,,
Iliro Smit,Collingwood,2026,Zero Hanger,https://www.zerohanger.com/afl/players/off-contract-2026/,,
Jack Crisp,Collingwood,2026,Zero Hanger,https://www.zerohanger.com/afl/players/off-contract-2026/,,
Jakob Ryan,Collingwood,2026,Zero Hanger,https://www.zerohanger.com/afl/players/off-contract-2026/,,
Joel Cochran,Collingwood,2026,Zero Hanger,https://www.zerohanger.com/afl/players/off-contract-2026/,,
Scott Pendlebury,Collingwood,2026,Zero Hanger,https://www.zerohanger.com/afl/players/off-contract-2026/,,
Tim Membrey,Collingwood,2026,Zero Hanger,https://www.zerohanger.com/afl/players/off-contract-2026/,,
William Hayes,Collingwood,2026,Zero Hanger,https://www.zerohanger.com/afl/players/off-contract-2026/,,
Beau McCreery,Collingwood,2027,Zero Hanger,https://www.zerohanger.com/afl/players/off-contract-2027/,,
Daniel McStay,Collingwood,2027,Zero Hanger,https://www.zerohanger.com/afl/players/off-contract-2027/,,
Harry DeMattia,Collingwood,2027,Zero Hanger,https://www.zerohanger.com/afl/players/off-contract-2027/,,
Harvey Harrison,Collingwood,2027,Zero Hanger,https://www.zerohanger.com/afl/players/off-contract-2027/,,
Jordan De Goey,Collingwood,2027,Zero Hanger,https://www.zerohanger.com/afl/players/off-contract-2027/,,
Lachie Schultz,Collingwood,2027,Zero Hanger,https://www.zerohanger.com/afl/players/off-contract-2027/,,
Ned Long,Collingwood,2027,Zero Hanger,https://www.zerohanger.com/afl/players/off-contract-2027/,,
Oscar Steene,Collingwood,2027,Zero Hanger,https://www.zerohanger.com/afl/players/off-contract-2027/,,
Patrick Lipinski,Collingwood,2027,Zero Hanger,https://www.zerohanger.com/afl/players/off-contract-2027/,,
Reef McInnes,Collingwood,2027,Zero Hanger,https://www.zerohanger.com/afl/players/off-contract-2027/,,
Tew Jiath,Collingwood,2027,Zero Hanger,https://www.zerohanger.com/afl/players/off-contract-2027/,,
Darcy Moore,Collingwood,2028,FootyWire,https://www.footywire.com/afl/footy/out_of_contract_players?year=2028,,
Brayden Maynard,Collingwood,2029,FootyWire,https://www.footywire.com/afl/footy/out_of_contract_players?year=2029,,
Darcy Cameron,Collingwood,2029,FootyWire,https://www.footywire.com/afl/footy/out_of_contract_players?year=2029,,
Isaac Quaynor,Collingwood,2029,FootyWire,https://www.footywire.com/afl/footy/out_of_contract_players?year=2029,,
Nick Daicos,Collingwood,2029,FootyWire,https://www.footywire.com/afl/footy/out_of_contract_players?year=2029,,
Bobby Hill,Collingwood,2030,FootyWire,https://www.footywire.com/afl/footy/out_of_contract_players?year=2030,,
Dan Houston,Collingwood,2030,FootyWire,https://www.footywire.com/afl/footy/out_of_contract_players?year=2030,,
Harry Perryman,Collingwood,2030,FootyWire,https://www.footywire.com/afl/footy/out_of_contract_players?year=2030,,
Josh Daicos,Collingwood,2030,FootyWire,https://www.footywire.com/afl/footy/out_of_contract_players?year=2030,,
Ben Hobbs,Essendon,2025,Zero Hanger,https://www.zerohanger.com/afl/players/off-contract-2025/,,
Jaxon Prior,Essendon,2025,Zero Hanger,https://www.zerohanger.com/afl/players/off-contract-2025/,,
Jayden Laverde,Essendon,2025,Zero Hanger,https://www.zerohanger.com/afl/players/off-contract-2025/,,
Lachlan Blakiston,Essendon,2025,Zero Hanger,https://www.zerohanger.com/afl/players/off-contract-2025/,,
Liam McMahon,Essendon,2025,Zero Hanger,https://www.zerohanger.com/afl/players/off-contract-2025/,,
Luamon Lual,Essendon,2025,Zero Hanger,https://www.zerohanger.com/afl/players/off-contract-2025/,,
Nick Bryan,Essendon,2025,Zero Hanger,https://www.zerohanger.com/afl/players/off-contract-2025/,,
Oskar Smartt,Essendon,2025,Zero Hanger,https://www.zerohanger.com/afl/players/off-contract-2025/,,
Sam Draper,Essendon,2025,Zero Hanger,https://www.zerohanger.com/afl/players/off-contract-2025/,,
Todd Goldstein,Essendon,2025,Zero Hanger,https://www.zerohanger.com/afl/players/off-contract-2025/,,
Will Setterfield,Essendon,2025,Zero Hanger,https://www.zerohanger.com/afl/players/off-contract-2025/,,
Angus Clarke,Essendon,2026,Zero Hanger,https://www.zerohanger.com/afl/players/off-contract-2026/,,
Archer Day-Wicks,Essendon,2026,Zero Hanger,https://www.zerohanger.com/afl/players/off-contract-2026/,,
Archer May,Essendon,2026,Zero Hanger,https://www.zerohanger.com/afl/players/off-contract-2026/,,
Archie Perkins,Essendon,2026,Zero Hanger,https://www.zerohanger.com/afl/players/off-contract-2026/,,
Elijah Tsatas,Essendon,2026,Zero Hanger,https://www.zerohanger.com/afl/players/off-contract-2026/,,
Jade Gresham,Essendon,2026,Zero Hanger,https://www.zerohanger.com/afl/players/off-contract-2026/,,
Jayden Nguyen,Essendon,2026,Zero Hanger,https://www.zerohanger.com/afl/players/off-contract-2026/,,
Kayle Gerreyn,Essendon,2026,Zero Hanger,https://www.zerohanger.com/afl/players/off-contract-2026/,,
Lewis Hayes,Essendon,2026,Zero Hanger,https://www.zerohanger.com/afl/players/off-contract-2026/,,
Matt Guelfi,Essendon,2026,Zero Hanger,https://www.zerohanger.com/afl/players/off-contract-2026/,,
Nik Cox,Essendon,2026,Zero Hanger,https://www.zerohanger.com/afl/players/off-contract-2026/,,
Rhys Unwin,Essendon,2026,Zero Hanger,https://www.zerohanger.com/afl/players/off-contract-2026/,,
Saad El-Hawli,Essendon,2026,Zero Hanger,https://www.zerohanger.com/afl/players/off-contract-2026/,,
Thomas Edwards,Essendon,2026,Zero Hanger,https://www.zerohanger.com/afl/players/off-contract-2026/,,
Zak Johnson,Essendon,2026,Zero Hanger,https://www.zerohanger.com/afl/players/off-contract-2026/,,
Harrison Jones,Essendon,2027,Zero Hanger,https://www.zerohanger.com/afl/players/off-contract-2027/,,
Isaac Kako,Essendon,2027,Zero Hanger,https://www.zerohanger.com/afl/players/off-contract-2027/,,
Kyle Langford,Essendon,2027,Zero Hanger,https://www.zerohanger.com/afl/players/off-contract-2027/,,
Nic Martin,Essendon,2027,Zero Hanger,https://www.zerohanger.com/afl/players/off-contract-2027/,,
Peter Wright,Essendon,2027,Zero Hanger,https://www.zerohanger.com/afl/players/off-contract-2027/,,
Vigo Visentini,Essendon,2027,Zero Hanger,https://www.zerohanger.com/afl/players/off-contract-2027/,,
Xavier Duursma,Essendon,2027,Zero Hanger,https://www.zerohanger.com/afl/players/off-contract-2027/,,
Zach Merrett,Essendon,2027,Zero Hanger,https://www.zerohanger.com/afl/players/off-contract-2027/,,
Archie Roberts,Essendon,2028,FootyWire,https://www.footywire.com/afl/footy/out_of_contract_players?year=2028,,
Jye Caldwell,Essendon,2028,FootyWire,https://www.footywire.com/afl/footy/out_of_contract_players?year=2028,,
Mason Redman,Essendon,2028,FootyWire,https://www.footywire.com/afl/footy/out_of_contract_players?year=2028,,
Nate Caddy,Essendon,2028,FootyWire,https://www.footywire.com/afl/footy/out_of_contract_players?year=2028,,
Sam Durham,Essendon,2028,FootyWire,https://www.footywire.com/afl/footy/out_of_contract_players?year=2028,,
Zach Reid,Essendon,2028,FootyWire,https://www.footywire.com/afl/footy/out_of_contract_players?year=2028,,
Ben McKay,Essendon,2029,FootyWire,https://www.footywire.com/afl/footy/out_of_contract_players?year=2029,,
Darcy Parish,Essendon,2029,FootyWire,https://www.footywire.com/afl/footy/out_of_contract_players?year=2029,,
Jordan Ridley,Essendon,2029,FootyWire,https://www.footywire.com/afl/footy/out_of_contract_players?year=2029,,
Andrew McGrath,Essendon,2030,FootyWire,https://www.footywire.com/afl/footy/out_of_contract_players?year=2030,,
Jack Delean,Fremantle,2025,Zero Hanger,https://www.zerohanger.com/afl/players/off-contract-2025/,,
James Aish,Fremantle,2025,Zero Hanger,https://www.zerohanger.com/afl/players/off-contract-2025/,,
Jeremy Sharp,Fremantle,2025,Zero Hanger,https://www.zerohanger.com/afl/players/off-contract-2025/,,
Liam Reidy,Fremantle,2025,Zero Hanger,https://www.zerohanger.com/afl/players/off-contract-2025/,,
Neil Erasmus,Fremantle,2025,Zero Hanger,https://www.zerohanger.com/afl/players/off-contract-2025/,,
Odin Jones,Fremantle,2025,Zero Hanger,https://www.zerohanger.com/afl/players/off-contract-2025/,,
Oscar McDonald,Fremantle,2025,Zero Hanger,https://www.zerohanger.com/afl/players/off-contract-2025/,,
Aiden Riddle,Fremantle,2026,Zero Hanger,https://www.zerohanger.com/afl/players/off-contract-2026/,,
Bailey Banfield,Fremantle,2026,Zero Hanger,https://www.zerohanger.com/afl/players/off-contract-2026/,,
Charlie Nicholls,Fremantle,2026,Zero Hanger,https://www.zerohanger.com/afl/players/off-contract-2026/,,
Corey Wagner,Fremantle,2026,Zero Hanger,https://www.zerohanger.com/afl/players/off-contract-2026/,,
Hugh Davies,Fremantle,2026,Zero Hanger,https://www.zerohanger.com/afl/players/off-contract-2026/,,
Isaiah Dudley,Fremantle,2026,Zero Hanger,https://www.zerohanger.com/afl/players/off-contract-2026/,,
Jaeger O'Meara,Fremantle,2026,Zero Hanger,https://www.zerohanger.com/afl/players/off-contract-2026/,,
Jaren Carr,Fremantle,2026,Zero Hanger,https://www.zerohanger.com/afl/players/off-contract-2026/,,
Matthew Johnson,Fremantle,2026,Zero Hanger,https://www.zerohanger.com/afl/players/off-contract-2026/,,
Michael Frederick,Fremantle,2026,Zero Hanger,https://www.zerohanger.com/afl/players/off-contract-2026/,,
Nathan O'Driscoll,Fremantle,2026,Zero Hanger,https://www.zerohanger.com/afl/players/off-contract-2026/,,
Ollie Murphy,Fremantle,2026,Zero Hanger,https://www.zerohanger.com/afl/players/off-contract-2026/,,
Patrick Voss,Fremantle,2026,Zero Hanger,https://www.zerohanger.com/afl/players/off-contract-2026/,,
Sam Sturt,Fremantle,2026,Zero Hanger,https://www.zerohanger.com/afl/players/off-contract-2026/,,
Sam Switkowski,Fremantle,2026,Zero Hanger,https://www.zerohanger.com/afl/players/off-contract-2026/,,
Will Brodie,Fremantle,2026,Zero Hanger,https://www.zerohanger.com/afl/players/off-contract-2026/,,
Alex Pearce,Fremantle,2027,Zero Hanger,https://www.zerohanger.com/afl/players/off-contract-2027/,,
Brandon Walker,Fremantle,2027,Zero Hanger,https://www.zerohanger.com/afl/players/off-contract-2027/,,
Caleb Serong,Fremantle,2027,Zero Hanger,https://www.zerohanger.com/afl/players/off-contract-2027/,,
Cooper Simpson,Fremantle,2027,Zero Hanger,https://www.zerohanger.com/afl/players/off-contract-2027/,,
Heath Chapman,Fremantle,2027,Zero Hanger,https://www.zerohanger.com/afl/players/off-contract-2027/,,
Joshua Draper,Fremantle,2027,Zero Hanger,https://www.zerohanger.com/afl/players/off-contract-2027/,,
Karl Worner,Fremantle,2027,Zero Hanger,https://www.zerohanger.com/afl/players/off-contract-2027/,,
Luke Jackson,Fremantle,2027,Zero Hanger,https://www.zerohanger.com/afl/players/off-contract-2027/,,
Luke Ryan,Fremantle,2027,Zero Hanger,https://www.zerohanger.com/afl/players/off-contract-2027/,,
Jordan Clark,Fremantle,2028,FootyWire,https://www.footywire.com/afl/footy/out_of_contract_players?year=2028,,
Neil Erasmus,Fremantle,2028,FootyWire,https://www.footywire.com/afl/footy/out_of_contract_players?year=2028,,
Andrew Brayshaw,Fremantle,2029,FootyWire,https://www.footywire.com/afl/footy/out_of_contract_players?year=2029,,
Jye Amiss,Fremantle,2029,FootyWire,https://www.footywire.com/afl/footy/out_of_contract_players?year=2029,,
Luke Jackson,Fremantle,2029,FootyWire,https://www.footywire.com/afl/footy/out_of_contract_players?year=2029,,
Murphy Reid,Fremantle,2029,FootyWire,https://www.footywire.com/afl/footy/out_of_contract_players?year=2029,,
Shai Bolton,Fremantle,2029,FootyWire,https://www.footywire.com/afl/footy/out_of_contract_players?year=2029,,
Brennan Cox,Fremantle,2030,FootyWire,https://www.footywire.com/afl/footy/out_of_contract_players?year=2030,,
Josh Treacy,Fremantle,2030,FootyWire,https://www.footywire.com/afl/footy/out_of_contract_players?year=2030,,
Sean Darcy,Fremantle,2030,FootyWire,https://www.footywire.com/afl/footy/out_of_contract_players?year=2030,,
Hayden Young,Fremantle,2033,FootyWire,https://www.footywire.com/afl/footy/out_of_contract_players?year=2033,,
Josaia Delana,GWS Giants,2025,Zero Hanger,https://www.zerohanger.com/afl/players/off-contract-2025/,,
Josh Fahey,GWS Giants,2025,Zero Hanger,https://www.zerohanger.com/afl/players/off-contract-2025/,,
Lachlan Keeffe,GWS Giants,2025,Zero Hanger,https://www.zerohanger.com/afl/players/off-contract-2025/,,
Leek Aleer,GWS Giants,2025,Zero Hanger,https://www.zerohanger.com/afl/players/off-contract-2025/,,
Toby McMullin,GWS Giants,2025,Zero Hanger,https://www.zerohanger.com/afl/players/off-contract-2025/,,
Conor Stone,GWS Giants,2026,Zero Hanger,https://www.zerohanger.com/afl/players/off-contract-2026/,,
Harry Rowston,GWS Giants,2026,Zero Hanger,https://www.zerohanger.com/afl/players/off-contract-2026/,,
Harvey Thomas,GWS Giants,2026,Zero Hanger,https://www.zerohanger.com/afl/players/off-contract-2026/,,
Jack Buckley,GWS Giants,2026,Zero Hanger,https://www.zerohanger.com/afl/players/off-contract-2026/,,
Jack Ough,GWS Giants,2026,Zero Hanger,https://www.zerohanger.com/afl/players/off-contract-2026/,,
Jake Riccardi,GWS Giants,2026,Zero Hanger,https://www.zerohanger.com/afl/players/off-contract-2026/,,
Jake Stringer,GWS Giants,2026,Zero Hanger,https://www.zerohanger.com/afl/players/off-contract-2026/,,
James Leake,GWS Giants,2026,Zero Hanger,https://www.zerohanger.com/afl/players/off-contract-2026/,,
Jesse Hogan,GWS Giants,2026,Zero Hanger,https://www.zerohanger.com/afl/players/off-contract-2026/,,
Kieren Briggs,GWS Giants,2026,Zero Hanger,https://www.zerohanger.com/afl/players/off-contract-2026/,,
Max Gruzewski,GWS Giants,2026,Zero Hanger,https://www.zerohanger.com/afl/players/off-contract-2026/,,
Nicholas Madden,GWS Giants,2026,Zero Hanger,https://www.zerohanger.com/afl/players/off-contract-2026/,,
Phoenix Gothard,GWS Giants,2026,Zero Hanger,https://www.zerohanger.com/afl/players/off-contract-2026/,,
Ryan Angwin,GWS Giants,2026,Zero Hanger,https://www.zerohanger.com/afl/players/off-contract-2026/,,
Stephen Coniglio,GWS Giants,2026,Zero Hanger,https://www.zerohanger.com/afl/players/off-contract-2026/,,
Toby Greene,GWS Giants,2026,Zero Hanger,https://www.zerohanger.com/afl/players/off-contract-2026/,,
Wade Derksen,GWS Giants,2026,Zero Hanger,https://www.zerohanger.com/afl/players/off-contract-2026/,,
Harrison Oliver,GWS Giants,2027,Zero Hanger,https://www.zerohanger.com/afl/players/off-contract-2027/,,
Joe Fonti,GWS Giants,2027,Zero Hanger,https://www.zerohanger.com/afl/players/off-contract-2027/,,
Lachie Ash,GWS Giants,2027,Zero Hanger,https://www.zerohanger.com/afl/players/off-contract-2027/,,
Lachie Whitfield,GWS Giants,2027,Zero Hanger,https://www.zerohanger.com/afl/players/off-contract-2027/,,
Nathan Wardius,GWS Giants,2027,Zero Hanger,https://www.zerohanger.com/afl/players/off-contract-2027/,,
Oliver Hannaford,GWS Giants,2027,Zero Hanger,https://www.zerohanger.com/afl/players/off-contract-2027/,,
Tom Green,GWS Giants,2027,Zero Hanger,https://www.zerohanger.com/afl/players/off-contract-2027/,,
Callum Brown,GWS Giants,2028,FootyWire,https://www.footywire.com/afl/footy/out_of_contract_players?year=2028,,
Darcy Jones,GWS Giants,2028,FootyWire,https://www.footywire.com/afl/footy/out_of_contract_players?year=2028,,
Logan Smith,GWS Giants,2028,FootyWire,https://www.footywire.com/afl/footy/out_of_contract_players?year=2028,,
Xavier O'Halloran,GWS Giants,2028,FootyWire,https://www.footywire.com/afl/footy/out_of_contract_players?year=2028,,
Finn Callaghan,GWS Giants,2029,FootyWire,https://www.footywire.com/afl/footy/out_of_contract_players?year=2029,,
Harry Himmelberg,GWS Giants,2029,FootyWire,https://www.footywire.com/afl/footy/out_of_contract_players?year=2029,,
Josh Kelly,GWS Giants,2029,FootyWire,https://www.footywire.com/afl/footy/out_of_contract_players?year=2029,,
Toby Bedford,GWS Giants,2029,FootyWire,https://www.footywire.com/afl/footy/out_of_contract_players?year=2029,,
Aaron Cadman,GWS Giants,2030,FootyWire,https://www.footywire.com/afl/footy/out_of_contract_players?year=2030,,
Brent Daniels,GWS Giants,2031,FootyWire,https://www.footywire.com/afl/footy/out_of_contract_players?year=2031,,
Connor Idun,GWS Giants,2032,FootyWire,https://www.footywire.com/afl/footy/out_of_contract_players?year=2032,,
Sam Taylor,GWS Giants,2032,FootyWire,https://www.footywire.com/afl/footy/out_of_contract_players?year=2032,,
Cameron Guthrie,Geelong,2025,Zero Hanger,https://www.zerohanger.com/afl/players/off-contract-2025/,,
Cillian Burke,Geelong,2025,Zero Hanger,https://www.zerohanger.com/afl/players/off-contract-2025/,,
George Stevens,Geelong,2025,Zero Hanger,https://www.zerohanger.com/afl/players/off-contract-2025/,,
Jed Bews,Geelong,2025,Zero Hanger,https://www.zerohanger.com/afl/players/off-contract-2025/,,
Joe Pike,Geelong,2025,Zero Hanger,https://www.zerohanger.com/afl/players/off-contract-2025/,,
Mitch Knevitt,Geelong,2025,Zero Hanger,https://www.zerohanger.com/afl/players/off-contract-2025/,,
Oliver Wiltshire,Geelong,2025,Zero Hanger,https://www.zerohanger.com/afl/players/off-contract-2025/,,
Patrick Retschko,Geelong,2025,Zero Hanger,https://www.zerohanger.com/afl/players/off-contract-2025/,,
Rhys Stanley,Geelong,2025,Zero Hanger,https://www.zerohanger.com/afl/players/off-contract-2025/,,
Ted Clohesy,Geelong,2025,Zero Hanger,https://www.zerohanger.com/afl/players/off-contract-2025/,,
Xavier Ivisic,Geelong,2025,Zero Hanger,https://www.zerohanger.com/afl/players/off-contract-2025/,,
Gryan Miers,Geelong,2026,Zero Hanger,https://www.zerohanger.com/afl/players/off-contract-2026/,,
Jack Bowes,Geelong,2026,Zero Hanger,https://www.zerohanger.com/afl/players/off-contract-2026/,,
Jack Martin,Geelong,2026,Zero Hanger,https://www.zerohanger.com/afl/players/off-contract-2026/,,
Jacob Molier,Geelong,2026,Zero Hanger,https://www.zerohanger.com/afl/players/off-contract-2026/,,
Jake Kolodjashnij,Geelong,2026,Zero Hanger,https://www.zerohanger.com/afl/players/off-contract-2026/,,
Jay Polkinghorne,Geelong,2026,Zero Hanger,https://www.zerohanger.com/afl/players/off-contract-2026/,,
Jhye Clark,Geelong,2026,Zero Hanger,https://www.zerohanger.com/afl/players/off-contract-2026/,,
Keighton Matofai-Forbes,Geelong,2026,Zero Hanger,https://www.zerohanger.com/afl/players/off-contract-2026/,,
Lawson Humphries,Geelong,2026,Zero Hanger,https://www.zerohanger.com/afl/players/off-contract-2026/,,
Lennox Hofmann,Geelong,2026,Zero Hanger,https://www.zerohanger.com/afl/players/off-contract-2026/,,
Mark Blicavs,Geelong,2026,Zero Hanger,https://www.zerohanger.com/afl/players/off-contract-2026/,,
Mark O'Connor,Geelong,2026,Zero Hanger,https://www.zerohanger.com/afl/players/off-contract-2026/,,
Patrick Dangerfield,Geelong,2026,Zero Hanger,https://www.zerohanger.com/afl/players/off-contract-2026/,,
Shaun Mannagh,Geelong,2026,Zero Hanger,https://www.zerohanger.com/afl/players/off-contract-2026/,,
Bailey Smith,Geelong,2027,Zero Hanger,https://www.zerohanger.com/afl/players/off-contract-2027/,,
Jeremy Cameron,Geelong,2027,Zero Hanger,https://www.zerohanger.com/afl/players/off-contract-2027/,,
Mitchell Edwards,Geelong,2027,Zero Hanger,https://www.zerohanger.com/afl/players/off-contract-2027/,,
Oisin Mullin,Geelong,2027,Zero Hanger,https://www.zerohanger.com/afl/players/off-contract-2027/,,
Oliver Henry,Geelong,2027,Zero Hanger,https://www.zerohanger.com/afl/players/off-contract-2027/,,
Sam De Koning,Geelong,2027,Zero Hanger,https://www.zerohanger.com/afl/players/off-contract-2027/,,
Tanner Bruhn,Geelong,2027,Zero Hanger,https://www.zerohanger.com/afl/players/off-contract-2027/,,
Toby Conway,Geelong,2027,Zero Hanger,https://www.zerohanger.com/afl/players/off-contract-2027/,,
Tom Atkins,Geelong,2027,Zero Hanger,https://www.zerohanger.com/afl/players/off-contract-2027/,,
Tom Stewart,Geelong,2027,Zero Hanger,https://www.zerohanger.com/afl/players/off-contract-2027/,,
Brad Close,Geelong,2028,FootyWire,https://www.footywire.com/afl/footy/out_of_contract_players?year=2028,,
Connor O'Sullivan,Geelong,2028,FootyWire,https://www.footywire.com/afl/footy/out_of_contract_players?year=2028,,
Gryan Miers,Geelong,2028,FootyWire,https://www.footywire.com/afl/footy/out_of_contract_players?year=2028,,
Max Holmes,Geelong,2028,FootyWire,https://www.footywire.com/afl/footy/out_of_contract_players?year=2028,,
Shannon Neale,Geelong,2028,FootyWire,https://www.footywire.com/afl/footy/out_of_contract_players?year=2028,,
Zach Guthrie,Geelong,2028,FootyWire,https://www.footywire.com/afl/footy/out_of_contract_players?year=2028,,
Jack Henry,Geelong,2029,FootyWire,https://www.footywire.com/afl/footy/out_of_contract_players?year=2029,,
Oliver Dempsey,Geelong,2029,FootyWire,https://www.footywire.com/afl/footy/out_of_contract_players?year=2029,,
Tyson Stengle,Geelong,2029,FootyWire,https://www.footywire.com/afl/footy/out_of_contract_players?year=2029,,
Bailey Smith,Geelong,2031,FootyWire,https://www.footywire.com/afl/footy/out_of_contract_players?year=2031,,
Alex Sexton,Gold Coast Suns,2025,Zero Hanger,https://www.zerohanger.com/afl/players/off-contract-2025/,,
Asher Eastham,Gold Coast Suns,2025,Zero Hanger,https://www.zerohanger.com/afl/players/off-contract-2025/,,
Ben Jepson,Gold Coast Suns,2025,Zero Hanger,https://www.zerohanger.com/afl/players/off-contract-2025/,,
Brayden Fiorini,Gold Coast Suns,2025,Zero Hanger,https://www.zerohanger.com/afl/players/off-contract-2025/,,
Caleb Lewis,Gold Coast Suns,2025,Zero Hanger,https://www.zerohanger.com/afl/players/off-contract-2025/,,
Connor Budarick,Gold Coast Suns,2025,Zero Hanger,https://www.zerohanger.com/afl/players/off-contract-2025/,,
Jy Farrar,Gold Coast Suns,2025,Zero Hanger,https://www.zerohanger.com/afl/players/off-contract-2025/,,
Lachlan Gulbin,Gold Coast Suns,2025,Zero Hanger,https://www.zerohanger.com/afl/players/off-contract-2025/,,
Malcolm Rosas,Gold Coast Suns,2025,Zero Hanger,https://www.zerohanger.com/afl/players/off-contract-2025/,,
Max Knobel,Gold Coast Suns,2025,Zero Hanger,https://www.zerohanger.com/afl/players/off-contract-2025/,,
Nick Holman,Gold Coast Suns,2025,Zero Hanger,https://www.zerohanger.com/afl/players/off-contract-2025/,,
Oscar Adams,Gold Coast Suns,2025,Zero Hanger,https://www.zerohanger.com/afl/players/off-contract-2025/,,
Thomas Berry,Gold Coast Suns,2025,Zero Hanger,https://www.zerohanger.com/afl/players/off-contract-2025/,,
Zak Evans,Gold Coast Suns,2025,Zero Hanger,https://www.zerohanger.com/afl/players/off-contract-2025/,,
Alex Davies,Gold Coast Suns,2026,Zero Hanger,https://www.zerohanger.com/afl/players/off-contract-2026/,,
Ben King,Gold Coast Suns,2026,Zero Hanger,https://www.zerohanger.com/afl/players/off-contract-2026/,,
Ben Long,Gold Coast Suns,2026,Zero Hanger,https://www.zerohanger.com/afl/players/off-contract-2026/,,
Bodhi Uwland,Gold Coast Suns,2026,Zero Hanger,https://www.zerohanger.com/afl/players/off-contract-2026/,,
Caleb Graham,Gold Coast Suns,2026,Zero Hanger,https://www.zerohanger.com/afl/players/off-contract-2026/,,
Cooper Bell,Gold Coast Suns,2026,Zero Hanger,https://www.zerohanger.com/afl/players/off-contract-2026/,,
Jake Rogers,Gold Coast Suns,2026,Zero Hanger,https://www.zerohanger.com/afl/players/off-contract-2026/,,
Jarrod Witts,Gold Coast Suns,2026,Zero Hanger,https://www.zerohanger.com/afl/players/off-contract-2026/,,
Jed Walter,Gold Coast Suns,2026,Zero Hanger,https://www.zerohanger.com/afl/players/off-contract-2026/,,
John Noble,Gold Coast Suns,2026,Zero Hanger,https://www.zerohanger.com/afl/players/off-contract-2026/,,
Lachie Weller,Gold Coast Suns,2026,Zero Hanger,https://www.zerohanger.com/afl/players/off-contract-2026/,,
Lloyd Johnston,Gold Coast Suns,2026,Zero Hanger,https://www.zerohanger.com/afl/players/off-contract-2026/,,
Sam Clohesy,Gold Coast Suns,2026,Zero Hanger,https://www.zerohanger.com/afl/players/off-contract-2026/,,
Elliott Himmelberg,Gold Coast Suns,2027,Zero Hanger,https://www.zerohanger.com/afl/players/off-contract-2027/,,
Leonardo Lombard,Gold Coast Suns,2027,Zero Hanger,https://www.zerohanger.com/afl/players/off-contract-2027/,,
Matt Rowell,Gold Coast Suns,2027,Zero Hanger,https://www.zerohanger.com/afl/players/off-contract-2027/,,
Noah Anderson,Gold Coast Suns,2027,Zero Hanger,https://www.zerohanger.com/afl/players/off-contract-2027/,,
Sam Flanders,Gold Coast Suns,2027,Zero Hanger,https://www.zerohanger.com/afl/players/off-contract-2027/,,
Touk Miller,Gold Coast Suns,2027,Zero Hanger,https://www.zerohanger.com/afl/players/off-contract-2027/,,
Will Graham,Gold Coast Suns,2027,Zero Hanger,https://www.zerohanger.com/afl/players/off-contract-2027/,,
Bailey Humphrey,Gold Coast Suns,2028,FootyWire,https://www.footywire.com/afl/footy/out_of_contract_players?year=2028,,
Ben Ainsworth,Gold Coast Suns,2028,FootyWire,https://www.footywire.com/afl/footy/out_of_contract_players?year=2028,,
Ethan Read,Gold Coast Suns,2028,FootyWire,https://www.footywire.com/afl/footy/out_of_contract_players?year=2028,,
Joel Jeffrey,Gold Coast Suns,2028,FootyWire,https://www.footywire.com/afl/footy/out_of_contract_players?year=2028,,
Ned Moyle,Gold Coast Suns,2028,FootyWire,https://www.footywire.com/afl/footy/out_of_contract_players?year=2028,,
Sam Collins,Gold Coast Suns,2028,FootyWire,https://www.footywire.com/afl/footy/out_of_contract_players?year=2028,,
Charlie Ballard,Gold Coast Suns,2029,FootyWire,https://www.footywire.com/afl/footy/out_of_contract_players?year=2029,,
Daniel Rioli,Gold Coast Suns,2029,FootyWire,https://www.footywire.com/afl/footy/out_of_contract_players?year=2029,,
Wil Powell,Gold Coast Suns,2029,FootyWire,https://www.footywire.com/afl/footy/out_of_contract_players?year=2029,,
Mac Andrew,Gold Coast Suns,2030,FootyWire,https://www.footywire.com/afl/footy/out_of_contract_players?year=2030,,
Bodie Ryan,Hawthorn,2025,Zero Hanger,https://www.zerohanger.com/afl/players/off-contract-2025/,,
Calsher Dear,Hawthorn,2025,Zero Hanger,https://www.zerohanger.com/afl/players/off-contract-2025/,,
Jai Serong,Hawthorn,2025,Zero Hanger,https://www.zerohanger.com/afl/players/off-contract-2025/,,
Jaime Uhr-Henry,Hawthorn,2025,Zero Hanger,https://www.zerohanger.com/afl/players/off-contract-2025/,,
James Worpel,Hawthorn,2025,Zero Hanger,https://www.zerohanger.com/afl/players/off-contract-2025/,,
Jasper Scaife,Hawthorn,2025,Zero Hanger,https://www.zerohanger.com/afl/players/off-contract-2025/,,
Lloyd Meek,Hawthorn,2025,Zero Hanger,https://www.zerohanger.com/afl/players/off-contract-2025/,,
Luke Breust,Hawthorn,2025,Zero Hanger,https://www.zerohanger.com/afl/players/off-contract-2025/,,
Matt Hill,Hawthorn,2025,Zero Hanger,https://www.zerohanger.com/afl/players/off-contract-2025/,,
Sam Butler,Hawthorn,2025,Zero Hanger,https://www.zerohanger.com/afl/players/off-contract-2025/,,
Sam Frost,Hawthorn,2025,Zero Hanger,https://www.zerohanger.com/afl/players/off-contract-2025/,,
Seamus Mitchell,Hawthorn,2025,Zero Hanger,https://www.zerohanger.com/afl/players/off-contract-2025/,,
Bailey MacDonald,Hawthorn,2026,Zero Hanger,https://www.zerohanger.com/afl/players/off-contract-2026/,,
Cam Mackenzie,Hawthorn,2026,Zero Hanger,https://www.zerohanger.com/afl/players/off-contract-2026/,,
Cody Anderson,Hawthorn,2026,Zero Hanger,https://www.zerohanger.com/afl/players/off-contract-2026/,,
Connor MacDonald,Hawthorn,2026,Zero Hanger,https://www.zerohanger.com/afl/players/off-contract-2026/,,
Dylan Moore,Hawthorn,2026,Zero Hanger,https://www.zerohanger.com/afl/players/off-contract-2026/,,
Harry Morrison,Hawthorn,2026,Zero Hanger,https://www.zerohanger.com/afl/players/off-contract-2026/,,
Henry Hustwaite,Hawthorn,2026,Zero Hanger,https://www.zerohanger.com/afl/players/off-contract-2026/,,
Jack Gunston,Hawthorn,2026,Zero Hanger,https://www.zerohanger.com/afl/players/off-contract-2026/,,
James Blanck,Hawthorn,2026,Zero Hanger,https://www.zerohanger.com/afl/players/off-contract-2026/,,
Jarman Impey,Hawthorn,2026,Zero Hanger,https://www.zerohanger.com/afl/players/off-contract-2026/,,
Josh Weddle,Hawthorn,2026,Zero Hanger,https://www.zerohanger.com/afl/players/off-contract-2026/,,
Karl Amon,Hawthorn,2026,Zero Hanger,https://www.zerohanger.com/afl/players/off-contract-2026/,,
Max Ramsden,Hawthorn,2026,Zero Hanger,https://www.zerohanger.com/afl/players/off-contract-2026/,,
Mitch Lewis,Hawthorn,2026,Zero Hanger,https://www.zerohanger.com/afl/players/off-contract-2026/,,
Ned Reeves,Hawthorn,2026,Zero Hanger,https://www.zerohanger.com/afl/players/off-contract-2026/,,
Thomas Barrass,Hawthorn,2026,Zero Hanger,https://www.zerohanger.com/afl/players/off-contract-2026/,,
William McCabe,Hawthorn,2026,Zero Hanger,https://www.zerohanger.com/afl/players/off-contract-2026/,,
Changkuoth Jiath,Hawthorn,2027,Zero Hanger,https://www.zerohanger.com/afl/players/off-contract-2027/,,
Finn Maginness,Hawthorn,2027,Zero Hanger,https://www.zerohanger.com/afl/players/off-contract-2027/,,
Jack Ginnivan,Hawthorn,2027,Zero Hanger,https://www.zerohanger.com/afl/players/off-contract-2027/,,
Jack Scrimshaw,Hawthorn,2027,Zero Hanger,https://www.zerohanger.com/afl/players/off-contract-2027/,,
James Sicily,Hawthorn,2027,Zero Hanger,https://www.zerohanger.com/afl/players/off-contract-2027/,,
Mabior Chol,Hawthorn,2027,Zero Hanger,https://www.zerohanger.com/afl/players/off-contract-2027/,,
Will Day,Hawthorn,2027,Zero Hanger,https://www.zerohanger.com/afl/players/off-contract-2027/,,
Massimo D'Ambrosio,Hawthorn,2028,FootyWire,https://www.footywire.com/afl/footy/out_of_contract_players?year=2028,,
Noah Mraz,Hawthorn,2028,FootyWire,https://www.footywire.com/afl/footy/out_of_contract_players?year=2028,,
Tom Barrass,Hawthorn,2028,FootyWire,https://www.footywire.com/afl/footy/out_of_contract_players?year=2028,,
Blake Hardwick,Hawthorn,2029,FootyWire,https://www.footywire.com/afl/footy/out_of_contract_players?year=2029,,
Conor Nash,Hawthorn,2029,FootyWire,https://www.footywire.com/afl/footy/out_of_contract_players?year=2029,,
Josh Ward,Hawthorn,2029,FootyWire,https://www.footywire.com/afl/footy/out_of_contract_players?year=2029,,
Lloyd Meek,Hawthorn,2029,FootyWire,https://www.footywire.com/afl/footy/out_of_contract_players?year=2029,,
Nick Watson,Hawthorn,2029,FootyWire,https://www.footywire.com/afl/footy/out_of_contract_players?year=2029,,
Dylan Moore,Hawthorn,2030,FootyWire,https://www.footywire.com/afl/footy/out_of_contract_players?year=2030,,
Josh Battle,Hawthorn,2030,FootyWire,https://www.footywire.com/afl/footy/out_of_contract_players?year=2030,,
Jai Newcombe,Hawthorn,2032,FootyWire,https://www.footywire.com/afl/footy/out_of_contract_players?year=2032,,
Blake Howes,Melbourne,2025,Zero Hanger,https://www.zerohanger.com/afl/players/off-contract-2025/,,
Charlie Spargo,Melbourne,2025,Zero Hanger,https://www.zerohanger.com/afl/players/off-contract-2025/,,
Harry Sharp,Melbourne,2025,Zero Hanger,https://www.zerohanger.com/afl/players/off-contract-2025/,,
Jack Billings,Melbourne,2025,Zero Hanger,https://www.zerohanger.com/afl/players/off-contract-2025/,,
Jack Henderson,Melbourne,2025,Zero Hanger,https://www.zerohanger.com/afl/players/off-contract-2025/,,
Judd McVee,Melbourne,2025,Zero Hanger,https://www.zerohanger.com/afl/players/off-contract-2025/,,
Kynan Brown,Melbourne,2025,Zero Hanger,https://www.zerohanger.com/afl/players/off-contract-2025/,,
Marty Hore,Melbourne,2025,Zero Hanger,https://www.zerohanger.com/afl/players/off-contract-2025/,,
Oliver Sestan,Melbourne,2025,Zero Hanger,https://www.zerohanger.com/afl/players/off-contract-2025/,,
Taj Woewodin,Melbourne,2025,Zero Hanger,https://www.zerohanger.com/afl/players/off-contract-2025/,,
Tom Fullarton,Melbourne,2025,Zero Hanger,https://www.zerohanger.com/afl/players/off-contract-2025/,,
Will Verrall,Melbourne,2025,Zero Hanger,https://www.zerohanger.com/afl/players/off-contract-2025/,,
Aidan Johnson,Melbourne,2026,Zero Hanger,https://www.zerohanger.com/afl/players/off-contract-2026/,,
Andy Moniz-Wakefield,Melbourne,2026,Zero Hanger,https://www.zerohanger.com/afl/players/off-contract-2026/,,
Bailey Laurie,Melbourne,2026,Zero Hanger,https://www.zerohanger.com/afl/players/off-contract-2026/,,
Bayley Fritsch,Melbourne,2026,Zero Hanger,https://www.zerohanger.com/afl/players/off-contract-2026/,,
Christian Salem,Melbourne,2026,Zero Hanger,https://www.zerohanger.com/afl/players/off-contract-2026/,,
Daniel Turner,Melbourne,2026,Zero Hanger,https://www.zerohanger.com/afl/players/off-contract-2026/,,
Jai Culley,Melbourne,2026,Zero Hanger,https://www.zerohanger.com/afl/players/off-contract-2026/,,
Jake Bowey,Melbourne,2026,Zero Hanger,https://www.zerohanger.com/afl/players/off-contract-2026/,,
Jake Melksham,Melbourne,2026,Zero Hanger,https://www.zerohanger.com/afl/players/off-contract-2026/,,
Jed Adams,Melbourne,2026,Zero Hanger,https://www.zerohanger.com/afl/players/off-contract-2026/,,
Kade Chandler,Melbourne,2026,Zero Hanger,https://www.zerohanger.com/afl/players/off-contract-2026/,,
Luker Kentfield,Melbourne,2026,Zero Hanger,https://www.zerohanger.com/afl/players/off-contract-2026/,,
Matthew Jefferson,Melbourne,2026,Zero Hanger,https://www.zerohanger.com/afl/players/off-contract-2026/,,
Ricky Mentha,Melbourne,2026,Zero Hanger,https://www.zerohanger.com/afl/players/off-contract-2026/,,
Shane McAdam,Melbourne,2026,Zero Hanger,https://www.zerohanger.com/afl/players/off-contract-2026/,,
Steven May,Melbourne,2026,Zero Hanger,https://www.zerohanger.com/afl/players/off-contract-2026/,,
Tom Campbell,Melbourne,2026,Zero Hanger,https://www.zerohanger.com/afl/players/off-contract-2026/,,
Tom McDonald,Melbourne,2026,Zero Hanger,https://www.zerohanger.com/afl/players/off-contract-2026/,,
Tom Sparrow,Melbourne,2026,Zero Hanger,https://www.zerohanger.com/afl/players/off-contract-2026/,,
Harrison Petty,Melbourne,2027,Zero Hanger,https://www.zerohanger.com/afl/players/off-contract-2027/,,
Harvey Langford,Melbourne,2027,Zero Hanger,https://www.zerohanger.com/afl/players/off-contract-2027/,,
Max Gawn,Melbourne,2027,Zero Hanger,https://www.zerohanger.com/afl/players/off-contract-2027/,,
Trent Rivers,Melbourne,2027,Zero Hanger,https://www.zerohanger.com/afl/players/off-contract-2027/,,
Xavier Lindsay,Melbourne,2027,Zero Hanger,https://www.zerohanger.com/afl/players/off-contract-2027/,,
Caleb Windsor,Melbourne,2028,FootyWire,https://www.footywire.com/afl/footy/out_of_contract_players?year=2028,,
Ed Langdon,Melbourne,2028,FootyWire,https://www.footywire.com/afl/footy/out_of_contract_players?year=2028,,
Jack Viney,Melbourne,2028,FootyWire,https://www.footywire.com/afl/footy/out_of_contract_players?year=2028,,
Jake Lever,Melbourne,2028,FootyWire,https://www.footywire.com/afl/footy/out_of_contract_players?year=2028,,
Koltyn Tholstrup,Melbourne,2028,FootyWire,https://www.footywire.com/afl/footy/out_of_contract_players?year=2028,,
Christian Petracca,Melbourne,2029,FootyWire,https://www.footywire.com/afl/footy/out_of_contract_players?year=2029,,
Jacob Van Rooyen,Melbourne,2029,FootyWire,https://www.footywire.com/afl/footy/out_of_contract_players?year=2029,,
Clayton Oliver,Melbourne,2030,FootyWire,https://www.footywire.com/afl/footy/out_of_contract_players?year=2030,,
Kysaiah Pickett,Melbourne,2034,FootyWire,https://www.footywire.com/afl/footy/out_of_contract_players?year=2034,,
Aidan Corr,North Melbourne,2025,Zero Hanger,https://www.zerohanger.com/afl/players/off-contract-2025/,,
Callum Coleman-Jones,North Melbourne,2025,Zero Hanger,https://www.zerohanger.com/afl/players/off-contract-2025/,,
Cooper Harvey,North Melbourne,2025,Zero Hanger,https://www.zerohanger.com/afl/players/off-contract-2025/,,
Darcy Tucker,North Melbourne,2025,Zero Hanger,https://www.zerohanger.com/afl/players/off-contract-2025/,,
Finnbar Maley,North Melbourne,2025,Zero Hanger,https://www.zerohanger.com/afl/players/off-contract-2025/,,
Geordie Payne,North Melbourne,2025,Zero Hanger,https://www.zerohanger.com/afl/players/off-contract-2025/,,
Jacob Konstanty,North Melbourne,2025,Zero Hanger,https://www.zerohanger.com/afl/players/off-contract-2025/,,
Luke Parker,North Melbourne,2025,Zero Hanger,https://www.zerohanger.com/afl/players/off-contract-2025/,,
Toby Pink,North Melbourne,2025,Zero Hanger,https://www.zerohanger.com/afl/players/off-contract-2025/,,
Will Phillips,North Melbourne,2025,Zero Hanger,https://www.zerohanger.com/afl/players/off-contract-2025/,,
Zac Banch,North Melbourne,2025,Zero Hanger,https://www.zerohanger.com/afl/players/off-contract-2025/,,
Bailey Scott,North Melbourne,2026,Zero Hanger,https://www.zerohanger.com/afl/players/off-contract-2026/,,
Brayden George,North Melbourne,2026,Zero Hanger,https://www.zerohanger.com/afl/players/off-contract-2026/,,
Cooper Trembath,North Melbourne,2026,Zero Hanger,https://www.zerohanger.com/afl/players/off-contract-2026/,,
George Wardlaw,North Melbourne,2026,Zero Hanger,https://www.zerohanger.com/afl/players/off-contract-2026/,,
Jackson Archer,North Melbourne,2026,Zero Hanger,https://www.zerohanger.com/afl/players/off-contract-2026/,,
Josh Goater,North Melbourne,2026,Zero Hanger,https://www.zerohanger.com/afl/players/off-contract-2026/,,
Luke McDonald,North Melbourne,2026,Zero Hanger,https://www.zerohanger.com/afl/players/off-contract-2026/,,
Luke Urquhart,North Melbourne,2026,Zero Hanger,https://www.zerohanger.com/afl/players/off-contract-2026/,,
Riley Hardeman,North Melbourne,2026,Zero Hanger,https://www.zerohanger.com/afl/players/off-contract-2026/,,
River Stevens,North Melbourne,2026,Zero Hanger,https://www.zerohanger.com/afl/players/off-contract-2026/,,
Robert Hansen Jr,North Melbourne,2026,Zero Hanger,https://www.zerohanger.com/afl/players/off-contract-2026/,,
Tom Powell,North Melbourne,2026,Zero Hanger,https://www.zerohanger.com/afl/players/off-contract-2026/,,
Wil Dawson,North Melbourne,2026,Zero Hanger,https://www.zerohanger.com/afl/players/off-contract-2026/,,
Zane Duursma,North Melbourne,2026,Zero Hanger,https://www.zerohanger.com/afl/players/off-contract-2026/,,
Charlie Comben,North Melbourne,2027,Zero Hanger,https://www.zerohanger.com/afl/players/off-contract-2027/,,
Dylan Stephens,North Melbourne,2027,Zero Hanger,https://www.zerohanger.com/afl/players/off-contract-2027/,,
Finn O'Sullivan,North Melbourne,2027,Zero Hanger,https://www.zerohanger.com/afl/players/off-contract-2027/,,
Griffin Logue,North Melbourne,2027,Zero Hanger,https://www.zerohanger.com/afl/players/off-contract-2027/,,
Jack Darling,North Melbourne,2027,Zero Hanger,https://www.zerohanger.com/afl/players/off-contract-2027/,,
Matt Whitlock,North Melbourne,2027,Zero Hanger,https://www.zerohanger.com/afl/players/off-contract-2027/,,
Zac Fisher,North Melbourne,2027,Zero Hanger,https://www.zerohanger.com/afl/players/off-contract-2027/,,
Caleb Daniel,North Melbourne,2028,FootyWire,https://www.footywire.com/afl/footy/out_of_contract_players?year=2028,,
Colby McKercher,North Melbourne,2028,FootyWire,https://www.footywire.com/afl/footy/out_of_contract_players?year=2028,,
Paul Curtis,North Melbourne,2028,FootyWire,https://www.footywire.com/afl/footy/out_of_contract_players?year=2028,,
Taylor Goad,North Melbourne,2028,FootyWire,https://www.footywire.com/afl/footy/out_of_contract_players?year=2028,,
Cameron Zurhaar,North Melbourne,2029,FootyWire,https://www.footywire.com/afl/footy/out_of_contract_players?year=2029,,
Jy Simpkin,North Melbourne,2029,FootyWire,https://www.footywire.com/afl/footy/out_of_contract_players?year=2029,,
Nick Larkey,North Melbourne,2029,FootyWire,https://www.footywire.com/afl/footy/out_of_contract_players?year=2029,,
Harry Sheezel,North Melbourne,2030,FootyWire,https://www.footywire.com/afl/footy/out_of_contract_players?year=2030,,
Tristan Xerri,North Melbourne,2031,FootyWire,https://www.footywire.com/afl/footy/out_of_contract_players?year=2031,,
Luke Davies-Uniacke,North Melbourne,2032,FootyWire,https://www.footywire.com/afl/footy/out_of_contract_players?year=2032,,
Brandon Zerk-Thatcher,Port Adelaide,2025,Zero Hanger,https://www.zerohanger.com/afl/players/off-contract-2025/,,
Ivan Soldo,Port Adelaide,2025,Zero Hanger,https://www.zerohanger.com/afl/players/off-contract-2025/,,
Miles Bergman,Port Adelaide,2025,Zero Hanger,https://www.zerohanger.com/afl/players/off-contract-2025/,,
Aliir Aliir,Port Adelaide,2026,Zero Hanger,https://www.zerohanger.com/afl/players/off-contract-2026/,,
Benny Barrett,Port Adelaide,2026,Zero Hanger,https://www.zerohanger.com/afl/players/off-contract-2026/,,
Darcy Byrne-Jones,Port Adelaide,2026,Zero Hanger,https://www.zerohanger.com/afl/players/off-contract-2026/,,
Ewan Mackinley,Port Adelaide,2026,Zero Hanger,https://www.zerohanger.com/afl/players/off-contract-2026/,,
Harrison Ramm,Port Adelaide,2026,Zero Hanger,https://www.zerohanger.com/afl/players/off-contract-2026/,,
Jackson Mead,Port Adelaide,2026,Zero Hanger,https://www.zerohanger.com/afl/players/off-contract-2026/,,
Jacob Moss,Port Adelaide,2026,Zero Hanger,https://www.zerohanger.com/afl/players/off-contract-2026/,,
Jordon Sweet,Port Adelaide,2026,Zero Hanger,https://www.zerohanger.com/afl/players/off-contract-2026/,,
Josh Lai,Port Adelaide,2026,Zero Hanger,https://www.zerohanger.com/afl/players/off-contract-2026/,,
Lachie Jones,Port Adelaide,2026,Zero Hanger,https://www.zerohanger.com/afl/players/off-contract-2026/,,
Mani Liddy,Port Adelaide,2026,Zero Hanger,https://www.zerohanger.com/afl/players/off-contract-2026/,,
Ollie Lord,Port Adelaide,2026,Zero Hanger,https://www.zerohanger.com/afl/players/off-contract-2026/,,
Ollie Wines,Port Adelaide,2026,Zero Hanger,https://www.zerohanger.com/afl/players/off-contract-2026/,,
Tom Anastasopoulos,Port Adelaide,2026,Zero Hanger,https://www.zerohanger.com/afl/players/off-contract-2026/,,
Will Lorenz,Port Adelaide,2026,Zero Hanger,https://www.zerohanger.com/afl/players/off-contract-2026/,,
Xavier Walsh,Port Adelaide,2026,Zero Hanger,https://www.zerohanger.com/afl/players/off-contract-2026/,,
Zak Butters,Port Adelaide,2026,Zero Hanger,https://www.zerohanger.com/afl/players/off-contract-2026/,,
Christian Moraes,Port Adelaide,2027,Zero Hanger,https://www.zerohanger.com/afl/players/off-contract-2027/,,
Dante Visentini,Port Adelaide,2027,Zero Hanger,https://www.zerohanger.com/afl/players/off-contract-2027/,,
Jack Whitlock,Port Adelaide,2027,Zero Hanger,https://www.zerohanger.com/afl/players/off-contract-2027/,,
Joe Berry,Port Adelaide,2027,Zero Hanger,https://www.zerohanger.com/afl/players/off-contract-2027/,,
Joe Richards,Port Adelaide,2027,Zero Hanger,https://www.zerohanger.com/afl/players/off-contract-2027/,,
Josh Sinn,Port Adelaide,2027,Zero Hanger,https://www.zerohanger.com/afl/players/off-contract-2027/,,
Mitch Georgiades,Port Adelaide,2027,Zero Hanger,https://www.zerohanger.com/afl/players/off-contract-2027/,,
Tom Cochrane,Port Adelaide,2027,Zero Hanger,https://www.zerohanger.com/afl/players/off-contract-2027/,,
Esava Ratugolea,Port Adelaide,2028,FootyWire,https://www.footywire.com/afl/footy/out_of_contract_players?year=2028,,
Jason Horne-Francis,Port Adelaide,2028,FootyWire,https://www.footywire.com/afl/footy/out_of_contract_players?year=2028,,
Logan Evans,Port Adelaide,2028,FootyWire,https://www.footywire.com/afl/footy/out_of_contract_players?year=2028,,
Willem Drew,Port Adelaide,2028,FootyWire,https://www.footywire.com/afl/footy/out_of_contract_players?year=2028,,
Jase Burgoyne,Port Adelaide,2029,FootyWire,https://www.footywire.com/afl/footy/out_of_contract_players?year=2029,,
Sam Powell-Pepper,Port Adelaide,2029,FootyWire,https://www.footywire.com/afl/footy/out_of_contract_players?year=2029,,
Todd Marshall,Port Adelaide,2029,FootyWire,https://www.footywire.com/afl/footy/out_of_contract_players?year=2029,,
Jack Lukosius,Port Adelaide,2030,FootyWire,https://www.footywire.com/afl/footy/out_of_contract_players?year=2030,,
Kane Farrell,Port Adelaide,2030,FootyWire,https://www.footywire.com/afl/footy/out_of_contract_players?year=2030,,
Connor Rozee,Port Adelaide,2032,FootyWire,https://www.footywire.com/afl/footy/out_of_contract_players?year=2032,,
Campbell Gray,Richmond,2025,Zero Hanger,https://www.zerohanger.com/afl/players/off-contract-2025/,,
Jasper Alger,Richmond,2025,Zero Hanger,https://www.zerohanger.com/afl/players/off-contract-2025/,,
Kaleb Smith,Richmond,2025,Zero Hanger,https://www.zerohanger.com/afl/players/off-contract-2025/,,
Oliver Hayes-Brown,Richmond,2025,Zero Hanger,https://www.zerohanger.com/afl/players/off-contract-2025/,,
Thomson Dow,Richmond,2025,Zero Hanger,https://www.zerohanger.com/afl/players/off-contract-2025/,,
Tylar Young,Richmond,2025,Zero Hanger,https://www.zerohanger.com/afl/players/off-contract-2025/,,
Tyler Sonsie,Richmond,2025,Zero Hanger,https://www.zerohanger.com/afl/players/off-contract-2025/,,
Ben Miller,Richmond,2026,Zero Hanger,https://www.zerohanger.com/afl/players/off-contract-2026/,,
Dion Prestia,Richmond,2026,Zero Hanger,https://www.zerohanger.com/afl/players/off-contract-2026/,,
Hugo Ralphsmith,Richmond,2026,Zero Hanger,https://www.zerohanger.com/afl/players/off-contract-2026/,,
Jack Ross,Richmond,2026,Zero Hanger,https://www.zerohanger.com/afl/players/off-contract-2026/,,
James Trezise,Richmond,2026,Zero Hanger,https://www.zerohanger.com/afl/players/off-contract-2026/,,
Josh Gibcus,Richmond,2026,Zero Hanger,https://www.zerohanger.com/afl/players/off-contract-2026/,,
Judson Clarke,Richmond,2026,Zero Hanger,https://www.zerohanger.com/afl/players/off-contract-2026/,,
Liam Fawcett,Richmond,2026,Zero Hanger,https://www.zerohanger.com/afl/players/off-contract-2026/,,
Maurice Rioli,Richmond,2026,Zero Hanger,https://www.zerohanger.com/afl/players/off-contract-2026/,,
Mykelti Lefau,Richmond,2026,Zero Hanger,https://www.zerohanger.com/afl/players/off-contract-2026/,,
Nathan Broad,Richmond,2026,Zero Hanger,https://www.zerohanger.com/afl/players/off-contract-2026/,,
Nick Vlastuin,Richmond,2026,Zero Hanger,https://www.zerohanger.com/afl/players/off-contract-2026/,,
Rhyan Mansell,Richmond,2026,Zero Hanger,https://www.zerohanger.com/afl/players/off-contract-2026/,,
Steely Green,Richmond,2026,Zero Hanger,https://www.zerohanger.com/afl/players/off-contract-2026/,,
Thomas Sims,Richmond,2026,Zero Hanger,https://www.zerohanger.com/afl/players/off-contract-2026/,,
Toby Nankervis,Richmond,2026,Zero Hanger,https://www.zerohanger.com/afl/players/off-contract-2026/,,
Tom Lynch,Richmond,2026,Zero Hanger,https://www.zerohanger.com/afl/players/off-contract-2026/,,
Harry Armstrong,Richmond,2027,Zero Hanger,https://www.zerohanger.com/afl/players/off-contract-2027/,,
Jayden Short,Richmond,2027,Zero Hanger,https://www.zerohanger.com/afl/players/off-contract-2027/,,
Jonty Faull,Richmond,2027,Zero Hanger,https://www.zerohanger.com/afl/players/off-contract-2027/,,
Josh Smillie,Richmond,2027,Zero Hanger,https://www.zerohanger.com/afl/players/off-contract-2027/,,
Kane McAuliffe,Richmond,2027,Zero Hanger,https://www.zerohanger.com/afl/players/off-contract-2027/,,
Luke Trainor,Richmond,2027,Zero Hanger,https://www.zerohanger.com/afl/players/off-contract-2027/,,
Sam Banks,Richmond,2027,Zero Hanger,https://www.zerohanger.com/afl/players/off-contract-2027/,,
Sam Lalor,Richmond,2027,Zero Hanger,https://www.zerohanger.com/afl/players/off-contract-2027/,,
Samson Ryan,Richmond,2027,Zero Hanger,https://www.zerohanger.com/afl/players/off-contract-2027/,,
Taj Hotton,Richmond,2027,Zero Hanger,https://www.zerohanger.com/afl/players/off-contract-2027/,,
Tom Brown,Richmond,2027,Zero Hanger,https://www.zerohanger.com/afl/players/off-contract-2027/,,
Jacob Hopper,Richmond,2029,FootyWire,https://www.footywire.com/afl/footy/out_of_contract_players?year=2029,,
Seth Campbell,Richmond,2029,FootyWire,https://www.footywire.com/afl/footy/out_of_contract_players?year=2029,,
Tim Taranto,Richmond,2029,FootyWire,https://www.footywire.com/afl/footy/out_of_contract_players?year=2029,,
Noah Balta,Richmond,2032,FootyWire,https://www.footywire.com/afl/footy/out_of_contract_players?year=2032,,
Arie Schoenmaker,St Kilda,2025,Zero Hanger,https://www.zerohanger.com/afl/players/off-contract-2025/,,
Eamonn Armstrong,St Kilda,2025,Zero Hanger,https://www.zerohanger.com/afl/players/off-contract-2025/,,
Jack Carroll,St Kilda,2025,Zero Hanger,https://www.zerohanger.com/afl/players/off-contract-2025/,,
Marcus Windhager,St Kilda,2025,Zero Hanger,https://www.zerohanger.com/afl/players/off-contract-2025/,,
Max Heath,St Kilda,2025,Zero Hanger,https://www.zerohanger.com/afl/players/off-contract-2025/,,
Ryan Byrnes,St Kilda,2025,Zero Hanger,https://www.zerohanger.com/afl/players/off-contract-2025/,,
Zaine Cordy,St Kilda,2025,Zero Hanger,https://www.zerohanger.com/afl/players/off-contract-2025/,,
Zak Jones,St Kilda,2025,Zero Hanger,https://www.zerohanger.com/afl/players/off-contract-2025/,,
Alex Dodson,St Kilda,2026,Zero Hanger,https://www.zerohanger.com/afl/players/off-contract-2026/,,
Anthony Caminiti,St Kilda,2026,Zero Hanger,https://www.zerohanger.com/afl/players/off-contract-2026/,,
Cooper Sharman,St Kilda,2026,Zero Hanger,https://www.zerohanger.com/afl/players/off-contract-2026/,,
Dan Butler,St Kilda,2026,Zero Hanger,https://www.zerohanger.com/afl/players/off-contract-2026/,,
Darcy Wilson,St Kilda,2026,Zero Hanger,https://www.zerohanger.com/afl/players/off-contract-2026/,,
Dougal Howard,St Kilda,2026,Zero Hanger,https://www.zerohanger.com/afl/players/off-contract-2026/,,
Isaac Keeler,St Kilda,2026,Zero Hanger,https://www.zerohanger.com/afl/players/off-contract-2026/,,
James Barrat,St Kilda,2026,Zero Hanger,https://www.zerohanger.com/afl/players/off-contract-2026/,,
Liam O'Connell,St Kilda,2026,Zero Hanger,https://www.zerohanger.com/afl/players/off-contract-2026/,,
Liam Stocker,St Kilda,2026,Zero Hanger,https://www.zerohanger.com/afl/players/off-contract-2026/,,
Paddy Dow,St Kilda,2026,Zero Hanger,https://www.zerohanger.com/afl/players/off-contract-2026/,,
Patrick Said,St Kilda,2026,Zero Hanger,https://www.zerohanger.com/afl/players/off-contract-2026/,,
Alixzander Tauru,St Kilda,2027,Zero Hanger,https://www.zerohanger.com/afl/players/off-contract-2027/,,
Angus Hastie,St Kilda,2027,Zero Hanger,https://www.zerohanger.com/afl/players/off-contract-2027/,,
Bradley Hill,St Kilda,2027,Zero Hanger,https://www.zerohanger.com/afl/players/off-contract-2027/,,
Callum Wilkie,St Kilda,2027,Zero Hanger,https://www.zerohanger.com/afl/players/off-contract-2027/,,
Hugo Garcia,St Kilda,2027,Zero Hanger,https://www.zerohanger.com/afl/players/off-contract-2027/,,
Hunter Clark,St Kilda,2027,Zero Hanger,https://www.zerohanger.com/afl/players/off-contract-2027/,,
Jack Macrae,St Kilda,2027,Zero Hanger,https://www.zerohanger.com/afl/players/off-contract-2027/,,
Jack Sinclair,St Kilda,2027,Zero Hanger,https://www.zerohanger.com/afl/players/off-contract-2027/,,
Jack Steele,St Kilda,2027,Zero Hanger,https://www.zerohanger.com/afl/players/off-contract-2027/,,
Lance Collard,St Kilda,2027,Zero Hanger,https://www.zerohanger.com/afl/players/off-contract-2027/,,
Liam Henry,St Kilda,2027,Zero Hanger,https://www.zerohanger.com/afl/players/off-contract-2027/,,
Mason Wood,St Kilda,2027,Zero Hanger,https://www.zerohanger.com/afl/players/off-contract-2027/,,
Max Hall,St Kilda,2027,Zero Hanger,https://www.zerohanger.com/afl/players/off-contract-2027/,,
Nasiah Wanganeen-Milera,St Kilda,2027,Zero Hanger,https://www.zerohanger.com/afl/players/off-contract-2027/,,
Rowan Marshall,St Kilda,2027,Zero Hanger,https://www.zerohanger.com/afl/players/off-contract-2027/,,
Tobie Travaglia,St Kilda,2027,Zero Hanger,https://www.zerohanger.com/afl/players/off-contract-2027/,,
Hugh Boxshall,St Kilda,2028,FootyWire,https://www.footywire.com/afl/footy/out_of_contract_players?year=2028,,
Mattaes Phillipou,St Kilda,2028,FootyWire,https://www.footywire.com/afl/footy/out_of_contract_players?year=2028,,
Jack Higgins,St Kilda,2029,FootyWire,https://www.footywire.com/afl/footy/out_of_contract_players?year=2029,,
Mitch Owens,St Kilda,2029,FootyWire,https://www.footywire.com/afl/footy/out_of_contract_players?year=2029,,
Max King,St Kilda,2032,FootyWire,https://www.footywire.com/afl/footy/out_of_contract_players?year=2032,,
Dane Rampe,Sydney Swans,2025,Zero Hanger,https://www.zerohanger.com/afl/players/off-contract-2025/,,
Jack Buller,Sydney Swans,2025,Zero Hanger,https://www.zerohanger.com/afl/players/off-contract-2025/,,
Jake Lloyd,Sydney Swans,2025,Zero Hanger,https://www.zerohanger.com/afl/players/off-contract-2025/,,
James Jordon,Sydney Swans,2025,Zero Hanger,https://www.zerohanger.com/afl/players/off-contract-2025/,,
Joel Hamling,Sydney Swans,2025,Zero Hanger,https://www.zerohanger.com/afl/players/off-contract-2025/,,
Peter Ladhams,Sydney Swans,2025,Zero Hanger,https://www.zerohanger.com/afl/players/off-contract-2025/,,
Harry Cunningham,Sydney Swans,2026,Zero Hanger,https://www.zerohanger.com/afl/players/off-contract-2026/,,
Joel Amartey,Sydney Swans,2026,Zero Hanger,https://www.zerohanger.com/afl/players/off-contract-2026/,,
Justin McInerney,Sydney Swans,2026,Zero Hanger,https://www.zerohanger.com/afl/players/off-contract-2026/,,
Patrick Snell,Sydney Swans,2026,Zero Hanger,https://www.zerohanger.com/afl/players/off-contract-2026/,,
Riley Bice,Sydney Swans,2026,Zero Hanger,https://www.zerohanger.com/afl/players/off-contract-2026/,,
Taylor Adams,Sydney Swans,2026,Zero Hanger,https://www.zerohanger.com/afl/players/off-contract-2026/,,
Angus Sheldrick,Sydney Swans,2027,Zero Hanger,https://www.zerohanger.com/afl/players/off-contract-2027/,,
Brodie Grundy,Sydney Swans,2027,Zero Hanger,https://www.zerohanger.com/afl/players/off-contract-2027/,,
Caiden Cleary,Sydney Swans,2027,Zero Hanger,https://www.zerohanger.com/afl/players/off-contract-2027/,,
Chad Warner,Sydney Swans,2027,Zero Hanger,https://www.zerohanger.com/afl/players/off-contract-2027/,,
Corey Warner,Sydney Swans,2027,Zero Hanger,https://www.zerohanger.com/afl/players/off-contract-2027/,,
Hayden McLean,Sydney Swans,2027,Zero Hanger,https://www.zerohanger.com/afl/players/off-contract-2027/,,
Jesse Dattoli,Sydney Swans,2027,Zero Hanger,https://www.zerohanger.com/afl/players/off-contract-2027/,,
Lewis Melican,Sydney Swans,2027,Zero Hanger,https://www.zerohanger.com/afl/players/off-contract-2027/,,
Matt Roberts,Sydney Swans,2027,Zero Hanger,https://www.zerohanger.com/afl/players/off-contract-2027/,,
Ned Bowman,Sydney Swans,2027,Zero Hanger,https://www.zerohanger.com/afl/players/off-contract-2027/,,
Riak Andrew,Sydney Swans,2027,Zero Hanger,https://www.zerohanger.com/afl/players/off-contract-2027/,,
Tom Hanily,Sydney Swans,2027,Zero Hanger,https://www.zerohanger.com/afl/players/off-contract-2027/,,
Tom McCartin,Sydney Swans,2027,Zero Hanger,https://www.zerohanger.com/afl/players/off-contract-2027/,,
William Edwards,Sydney Swans,2027,Zero Hanger,https://www.zerohanger.com/afl/players/off-contract-2027/,,
William Green,Sydney Swans,2027,Zero Hanger,https://www.zerohanger.com/afl/players/off-contract-2027/,,
Braeden Campbell,Sydney Swans,2028,FootyWire,https://www.footywire.com/afl/footy/out_of_contract_players?year=2028,,
Errol Gulden,Sydney Swans,2028,FootyWire,https://www.footywire.com/afl/footy/out_of_contract_players?year=2028,,
Isaac Heeney,Sydney Swans,2028,FootyWire,https://www.footywire.com/afl/footy/out_of_contract_players?year=2028,,
James Rowbottom,Sydney Swans,2028,FootyWire,https://www.footywire.com/afl/footy/out_of_contract_players?year=2028,,
Logan McDonald,Sydney Swans,2028,FootyWire,https://www.footywire.com/afl/footy/out_of_contract_players?year=2028,,
Sam Wicks,Sydney Swans,2028,FootyWire,https://www.footywire.com/afl/footy/out_of_contract_players?year=2028,,
Tom Papley,Sydney Swans,2028,FootyWire,https://www.footywire.com/afl/footy/out_of_contract_players?year=2028,,
Callum Mills,Sydney Swans,2029,FootyWire,https://www.footywire.com/afl/footy/out_of_contract_players?year=2029,,
Oliver Florent,Sydney Swans,2029,FootyWire,https://www.footywire.com/afl/footy/out_of_contract_players?year=2029,,
Will Hayward,Sydney Swans,2029,FootyWire,https://www.footywire.com/afl/footy/out_of_contract_players?year=2029,,
Nick Blakey,Sydney Swans,2031,FootyWire,https://www.footywire.com/afl/footy/out_of_contract_players?year=2031,,
Campbell Chesser,West Coast Eagles,2025,Zero Hanger,https://www.zerohanger.com/afl/players/off-contract-2025/,,
Coen Livingstone,West Coast Eagles,2025,Zero Hanger,https://www.zerohanger.com/afl/players/off-contract-2025/,,
Jacob Newton,West Coast Eagles,2025,Zero Hanger,https://www.zerohanger.com/afl/players/off-contract-2025/,,
Jamie Cripps,West Coast Eagles,2025,Zero Hanger,https://www.zerohanger.com/afl/players/off-contract-2025/,,
Jayden Hunt,West Coast Eagles,2025,Zero Hanger,https://www.zerohanger.com/afl/players/off-contract-2025/,,
Malakai Champion,West Coast Eagles,2025,Zero Hanger,https://www.zerohanger.com/afl/players/off-contract-2025/,,
Oscar Allen,West Coast Eagles,2025,Zero Hanger,https://www.zerohanger.com/afl/players/off-contract-2025/,,
Thomas Cole,West Coast Eagles,2025,Zero Hanger,https://www.zerohanger.com/afl/players/off-contract-2025/,,
Bailey J. Williams,West Coast Eagles,2026,Zero Hanger,https://www.zerohanger.com/afl/players/off-contract-2026/,,
Clay Hall,West Coast Eagles,2026,Zero Hanger,https://www.zerohanger.com/afl/players/off-contract-2026/,,
Elijah Hewett,West Coast Eagles,2026,Zero Hanger,https://www.zerohanger.com/afl/players/off-contract-2026/,,
Harry Barnett,West Coast Eagles,2026,Zero Hanger,https://www.zerohanger.com/afl/players/off-contract-2026/,,
Harvey Johnston,West Coast Eagles,2026,Zero Hanger,https://www.zerohanger.com/afl/players/off-contract-2026/,,
Jack Williams,West Coast Eagles,2026,Zero Hanger,https://www.zerohanger.com/afl/players/off-contract-2026/,,
Liam Ryan,West Coast Eagles,2026,Zero Hanger,https://www.zerohanger.com/afl/players/off-contract-2026/,,
Matt Flynn,West Coast Eagles,2026,Zero Hanger,https://www.zerohanger.com/afl/players/off-contract-2026/,,
Noah Long,West Coast Eagles,2026,Zero Hanger,https://www.zerohanger.com/afl/players/off-contract-2026/,,
Reuben Ginbey,West Coast Eagles,2026,Zero Hanger,https://www.zerohanger.com/afl/players/off-contract-2026/,,
Rhett Bazzo,West Coast Eagles,2026,Zero Hanger,https://www.zerohanger.com/afl/players/off-contract-2026/,,
Ryan Maric,West Coast Eagles,2026,Zero Hanger,https://www.zerohanger.com/afl/players/off-contract-2026/,,
Tom McCarthy,West Coast Eagles,2026,Zero Hanger,https://www.zerohanger.com/afl/players/off-contract-2026/,,
Tyler Brockman,West Coast Eagles,2026,Zero Hanger,https://www.zerohanger.com/afl/players/off-contract-2026/,,
Archer Reid,West Coast Eagles,2027,Zero Hanger,https://www.zerohanger.com/afl/players/off-contract-2027/,,
Elliot Yeo,West Coast Eagles,2027,Zero Hanger,https://www.zerohanger.com/afl/players/off-contract-2027/,,
Hamish Davis,West Coast Eagles,2027,Zero Hanger,https://www.zerohanger.com/afl/players/off-contract-2027/,,
Harry Edwards,West Coast Eagles,2027,Zero Hanger,https://www.zerohanger.com/afl/players/off-contract-2027/,,
Lucca Grego,West Coast Eagles,2027,Zero Hanger,https://www.zerohanger.com/afl/players/off-contract-2027/,,
Matthew Owies,West Coast Eagles,2027,Zero Hanger,https://www.zerohanger.com/afl/players/off-contract-2027/,,
Sandy Brock,West Coast Eagles,2027,Zero Hanger,https://www.zerohanger.com/afl/players/off-contract-2027/,,
Tim Kelly,West Coast Eagles,2027,Zero Hanger,https://www.zerohanger.com/afl/players/off-contract-2027/,,
Tom Gross,West Coast Eagles,2027,Zero Hanger,https://www.zerohanger.com/afl/players/off-contract-2027/,,
Bo Allan,West Coast Eagles,2028,FootyWire,https://www.footywire.com/afl/footy/out_of_contract_players?year=2028,,
Brady Hough,West Coast Eagles,2028,FootyWire,https://www.footywire.com/afl/footy/out_of_contract_players?year=2028,,
Harley Reid,West Coast Eagles,2028,FootyWire,https://www.footywire.com/afl/footy/out_of_contract_players?year=2028,,
Jack Graham,West Coast Eagles,2028,FootyWire,https://www.footywire.com/afl/footy/out_of_contract_players?year=2028,,
Jobe Shanahan,West Coast Eagles,2028,FootyWire,https://www.footywire.com/afl/footy/out_of_contract_players?year=2028,,
Liam Duggan,West Coast Eagles,2028,FootyWire,https://www.footywire.com/afl/footy/out_of_contract_players?year=2028,,
Tyrell Dewar,West Coast Eagles,2028,FootyWire,https://www.footywire.com/afl/footy/out_of_contract_players?year=2028,,
Jack Hutchinson,West Coast Eagles,2029,FootyWire,https://www.footywire.com/afl/footy/out_of_contract_players?year=2029,,
Jake Waterman,West Coast Eagles,2029,FootyWire,https://www.footywire.com/afl/footy/out_of_contract_players?year=2029,,
Liam Baker,West Coast Eagles,2029,FootyWire,https://www.footywire.com/afl/footy/out_of_contract_players?year=2029,,
Adam Treloar,Western Bulldogs,2025,Zero Hanger,https://www.zerohanger.com/afl/players/off-contract-2025/,,
Anthony Scott,Western Bulldogs,2025,Zero Hanger,https://www.zerohanger.com/afl/players/off-contract-2025/,,
Caleb Poulter,Western Bulldogs,2025,Zero Hanger,https://www.zerohanger.com/afl/players/off-contract-2025/,,
Jason Johannisen,Western Bulldogs,2025,Zero Hanger,https://www.zerohanger.com/afl/players/off-contract-2025/,,
Liam Jones,Western Bulldogs,2025,Zero Hanger,https://www.zerohanger.com/afl/players/off-contract-2025/,,
Nick Coffield,Western Bulldogs,2025,Zero Hanger,https://www.zerohanger.com/afl/players/off-contract-2025/,,
Oskar Baker,Western Bulldogs,2025,Zero Hanger,https://www.zerohanger.com/afl/players/off-contract-2025/,,
Arthur Jones,Western Bulldogs,2026,Zero Hanger,https://www.zerohanger.com/afl/players/off-contract-2026/,,
Buku Khamis,Western Bulldogs,2026,Zero Hanger,https://www.zerohanger.com/afl/players/off-contract-2026/,,
Harvey Gallagher,Western Bulldogs,2026,Zero Hanger,https://www.zerohanger.com/afl/players/off-contract-2026/,,
Jamarra Ugle-Hagan,Western Bulldogs,2026,Zero Hanger,https://www.zerohanger.com/afl/players/off-contract-2026/,,
James Harmes,Western Bulldogs,2026,Zero Hanger,https://www.zerohanger.com/afl/players/off-contract-2026/,,
Jedd Busslinger,Western Bulldogs,2026,Zero Hanger,https://www.zerohanger.com/afl/players/off-contract-2026/,,
Joel Freijah,Western Bulldogs,2026,Zero Hanger,https://www.zerohanger.com/afl/players/off-contract-2026/,,
Jordan Croft,Western Bulldogs,2026,Zero Hanger,https://www.zerohanger.com/afl/players/off-contract-2026/,,
Lachie Jaques,Western Bulldogs,2026,Zero Hanger,https://www.zerohanger.com/afl/players/off-contract-2026/,,
Lachlan McNeil,Western Bulldogs,2026,Zero Hanger,https://www.zerohanger.com/afl/players/off-contract-2026/,,
Lachlan Smith,Western Bulldogs,2026,Zero Hanger,https://www.zerohanger.com/afl/players/off-contract-2026/,,
Luke Kennedy,Western Bulldogs,2026,Zero Hanger,https://www.zerohanger.com/afl/players/off-contract-2026/,,
Michael Sellwood,Western Bulldogs,2026,Zero Hanger,https://www.zerohanger.com/afl/players/off-contract-2026/,,
Rhylee West,Western Bulldogs,2026,Zero Hanger,https://www.zerohanger.com/afl/players/off-contract-2026/,,
Ryan Gardner,Western Bulldogs,2026,Zero Hanger,https://www.zerohanger.com/afl/players/off-contract-2026/,,
Ryley Sanders,Western Bulldogs,2026,Zero Hanger,https://www.zerohanger.com/afl/players/off-contract-2026/,,
Tom Liberatore,Western Bulldogs,2026,Zero Hanger,https://www.zerohanger.com/afl/players/off-contract-2026/,,
Zac Walker,Western Bulldogs,2026,Zero Hanger,https://www.zerohanger.com/afl/players/off-contract-2026/,,
Bailey Williams,Western Bulldogs,2027,Zero Hanger,https://www.zerohanger.com/afl/players/off-contract-2027/,,
Cody Weightman,Western Bulldogs,2027,Zero Hanger,https://www.zerohanger.com/afl/players/off-contract-2027/,,
Cooper Hynes,Western Bulldogs,2027,Zero Hanger,https://www.zerohanger.com/afl/players/off-contract-2027/,,
James O'Donnell,Western Bulldogs,2027,Zero Hanger,https://www.zerohanger.com/afl/players/off-contract-2027/,,
Lachlan Bramble,Western Bulldogs,2027,Zero Hanger,https://www.zerohanger.com/afl/players/off-contract-2027/,,
Luke Cleary,Western Bulldogs,2027,Zero Hanger,https://www.zerohanger.com/afl/players/off-contract-2027/,,
Matthew Kennedy,Western Bulldogs,2027,Zero Hanger,https://www.zerohanger.com/afl/players/off-contract-2027/,,
Riley Garcia,Western Bulldogs,2027,Zero Hanger,https://www.zerohanger.com/afl/players/off-contract-2027/,,
Rory Lobb,Western Bulldogs,2027,Zero Hanger,https://www.zerohanger.com/afl/players/off-contract-2027/,,
Josh Dolan,Western Bulldogs,2028,FootyWire,https://www.footywire.com/afl/footy/out_of_contract_players?year=2028,,
Laitham Vandermeer,Western Bulldogs,2028,FootyWire,https://www.footywire.com/afl/footy/out_of_contract_players?year=2028,,
Sam Davidson,Western Bulldogs,2028,FootyWire,https://www.footywire.com/afl/footy/out_of_contract_players?year=2028,,
Bailey Dale,Western Bulldogs,2029,FootyWire,https://www.footywire.com/afl/footy/out_of_contract_players?year=2029,,
Marcus Bontempelli,Western Bulldogs,2029,FootyWire,https://www.footywire.com/afl/footy/out_of_contract_players?year=2029,,
Sam Darcy,Western Bulldogs,2029,FootyWire,https://www.footywire.com/afl/footy/out_of_contract_players?year=2029,,
Tim English,Western Bulldogs,2029,FootyWire,https://www.footywire.com/afl/footy/out_of_contract_players?year=2029,,
Ed Richards,Western Bulldogs,2030,FootyWire,https://www.footywire.com/afl/footy/out_of_contract_players?year=2030,,
Aaron Naughton,Western Bulldogs,2032,FootyWire,https://www.footywire.com/afl/footy/out_of_contract_players?year=2032,,
