Team,Player_Raw,Contract_Expiry,Years_Service,FA_Status
Adelaide,Alex Neal-Bullen,2028,4,Unrestricted Free Agent
Adelaide,Archie Ludowyke,2027,2,Unknown
Adelaide,Ben Keays,2027,8,Unrestricted Free Agent
Adelaide,Billy Dowling,2026,4,Non-Free Agent
Adelaide,Brayden Cook,2026,6,Non-Free Agent
Adelaide,Callum Ah Chee,2031,6,Non-Free Agent
Adelaide,Charlie Edwards,2026,3,Non-Free Agent
Adelaide,Chayce Jones,2026,8,Restricted Free Agent
Adelaide,Daniel Curtin,2029,6,Non-Free Agent
Adelaide,Darcy Fogarty,2031,14,Unrestricted Free Agent
Adelaide,Finnbar Maley,2026,1,Non-Free Agent
Adelaide,Hugh Bond,2027,5,Non-Free Agent
Adelaide,Indy Cotton,2027,2,Unknown
Adelaide,Isaac Cumming,2030,6,Non-Free Agent
Adelaide,Izak Rankine,2027,5,Non-Free Agent
Adelaide,Jake Soligo,2029,8,Restricted Free Agent
Adelaide,James Borlase,2026,6,Unrestricted Free Agent
Adelaide,James Peatling,2028,4,Non-Free Agent
Adelaide,Jordan Dawson,2029,8,Restricted Free Agent
Adelaide,Jordon Butts,2026,8,Restricted Free Agent
Adelaide,Josh Rachele,2029,8,Restricted Free Agent
Adelaide,Josh Worrell,2033,14,Unrestricted Free Agent
Adelaide,Lachlan McAndrew,2027,3,Unrestricted Free Agent
Adelaide,Lachlan Sholl,2026,8,Restricted Free Agent
Adelaide,Luke Nankervis,2027,6,Non-Free Agent
Adelaide,Luke Pedlar,2026,6,Non-Free Agent
Adelaide,Mark Keane,2028,6,Non-Free Agent
Adelaide,Max Michalanney,2030,8,Restricted Free Agent
Adelaide,Mitchell Hinge,2026,6,Unrestricted Free Agent
Adelaide,Mitchell Marsh,2027,2,Unknown
Adelaide,Nick Murray,2028,8,Restricted Free Agent
Adelaide,Oscar Ryan,2026,3,Non-Free Agent
Adelaide,Reilly O'Brien,2028,14,Unrestricted Free Agent
Adelaide,Riley Thilthorpe,2028,8,Restricted Free Agent
Adelaide,Rory Laird,2027,16,Unrestricted Free Agent
Adelaide,Sam Berry,2026,6,Non-Free Agent
Adelaide,Sid Draper,2027,3,Non-Free Agent
Adelaide,Taylor Walker,2026,19,Unrestricted Free Agent
Adelaide,Toby Murray,2027,4,Non-Free Agent
Adelaide,Tyler Welsh,2026,2,Unrestricted Free Agent
Adelaide,Wayne Milera,2028,13,Unrestricted Free Agent
Adelaide,Zac Taylor,2026,5,Non-Free Agent
Brisbane,Ben Murphy,2027,2,Unknown
Brisbane,Bruce Reville,2026,3,Non-Free Agent
Brisbane,Cameron Rayner,2031,14,Unrestricted Free Agent
Brisbane,Charlie Cameron,2028,11,Unrestricted Free Agent
Brisbane,Cody Curtin,2027,2,Unknown
Brisbane,Conor McKenna,2026,4,Non-Free Agent
Brisbane,Daniel Annable,2028,3,Unknown
Brisbane,Darcy Fort,2026,5,Non-Free Agent
Brisbane,Darcy Gardiner,2026,13,Unrestricted Free Agent
Brisbane,Darcy Wilmot,2029,8,Restricted Free Agent
Brisbane,Darragh Joyce,2026,4,Unrestricted Free Agent
Brisbane,Dayne Zorko,2026,15,Unrestricted Free Agent
Brisbane,Eric Hipwood,2029,14,Unrestricted Free Agent
Brisbane,Harris Andrews,2029,15,Unrestricted Free Agent
Brisbane,Henry Smith,2026,6,Non-Free Agent
Brisbane,Hugh McCluggage,2031,15,Unrestricted Free Agent
Brisbane,Jack Payne,2029,12,Unrestricted Free Agent
Brisbane,James Tunstill,2026,5,Non-Free Agent
Brisbane,Jarrod Berry,2029,13,Unrestricted Free Agent
Brisbane,Jaspa Fletcher,2030,8,Restricted Free Agent
Brisbane,Josh Dunkley,2030,8,Restricted Free Agent
Brisbane,Kai Lohmann,2027,6,Non-Free Agent
Brisbane,Keidean Coleman,2027,8,Restricted Free Agent
Brisbane,Koby Evans,2027,2,Unknown
Brisbane,Lachie Neale,2026,8,Restricted Free Agent
Brisbane,Levi Ashcroft,2030,6,Non-Free Agent
Brisbane,Lincoln McCarthy,2026,8,Restricted Free Agent
Brisbane,Logan Morris,2027,4,Non-Free Agent
Brisbane,Luke Beecken,2026,3,Non-Free Agent
Brisbane,Luke Lloyd,2026,3,Non-Free Agent
Brisbane,Noah Answerth,2028,10,Unrestricted Free Agent
Brisbane,Oscar Allen,2031,6,Non-Free Agent
Brisbane,Reece Torrent,2026,3,Non-Free Agent
Brisbane,Ryan Lester,2026,16,Unrestricted Free Agent
Brisbane,Sam Draper,2030,0,Non-Free Agent
Brisbane,Sam Marshall,2027,3,Non-Free Agent
Brisbane,Shadeau Brain,2027,5,Non-Free Agent
Brisbane,Tai Hayes,2027,2,Unknown
Brisbane,Tom Doedee,2027,4,Non-Free Agent
Brisbane,Ty Gallop,2029,5,Non-Free Agent
Brisbane,Will Ashcroft,2030,8,Restricted Free Agent
Brisbane,Will McLachlan,2026,3,Non-Free Agent
Brisbane,Zac Bailey,2026,9,Restricted Free Agent
Brisbane,Zane Zakostelsky,2026,3,Non-Free Agent
Carlton,Adam Cerra,2030,9,Restricted Free Agent
Carlton,Adam Saad,2026,6,Non-Free Agent
Carlton,Ashton Moir,2027,4,Non-Free Agent
Carlton,Ben Ainsworth,2029,4,Unrestricted Free Agent
Carlton,Ben Camporeale,2026,2,Non-Free Agent
Carlton,Billy Wilson,2026,3,Non-Free Agent
Carlton,Blake Acres,2027,5,Non-Free Agent
Carlton,Brodie Kemp,2027,8,Restricted Free Agent
Carlton,Campbell Chesser,2027,2,Non-Free Agent
Carlton,Cooper Lord,2029,6,Non-Free Agent
Carlton,Elijah Hollands,2026,3,Unrestricted Free Agent
Carlton,Flynn Young,2026,2,Non-Free Agent
Carlton,Francis Evans,2026,2,Unrestricted Free Agent
Carlton,George Hewett,2027,6,Non-Free Agent
Carlton,Harry Charleson,2026,2,Non-Free Agent
Carlton,Harry Dean,2028,3,Unknown
Carlton,Harry McKay,2030,15,Unrestricted Free Agent
Carlton,Harry O'Farrell,2027,3,Non-Free Agent
Carlton,Hudson O'Keeffe,2026,4,Non-Free Agent
Carlton,Jack Ison,2027,2,Unknown
Carlton,Jacob Weitering,2031,16,Unrestricted Free Agent
Carlton,Jagga Smith,2030,6,Non-Free Agent
Carlton,Jesse Motlop,2027,6,Non-Free Agent
Carlton,Jordan Boyd,2026,6,Non-Free Agent
Carlton,Lachlan Cowan,2028,6,Non-Free Agent
Carlton,Lachlan Fogarty,2026,6,Non-Free Agent
Carlton,Lewis Young,2026,5,Non-Free Agent
Carlton,Liam Reidy,2028,3,Non-Free Agent
Carlton,Lucas Camporeale,2026,2,Non-Free Agent
Carlton,Marc Pittonet,2027,8,Restricted Free Agent
Carlton,Matt Carroll,2027,4,Unrestricted Free Agent
Carlton,Matt Cottrell,2027,9,Unrestricted Free Agent
Carlton,Matt Duffy,2026,2,Non-Free Agent
Carlton,Mitch McGovern,2026,8,Restricted Free Agent
Carlton,Nic Newman,2026,8,Restricted Free Agent
Carlton,Nick Haynes,2026,2,Unrestricted Free Agent
Carlton,Oliver Florent,2030,5,Unrestricted Free Agent
Carlton,Oliver Hollands,2026,4,Non-Free Agent
Carlton,Patrick Cripps,2027,14,Unrestricted Free Agent
Carlton,Rob Monahan,2026,3,Non-Free Agent
Carlton,Sam Walsh,2034,16,Unrestricted Free Agent
Carlton,Talor Byrne,2027,2,Unknown
Carlton,Wade Derksen,2026,1,Unrestricted Free Agent
Carlton,Will Hayward,2030,5,Unrestricted Free Agent
Carlton,Zachary Williams,2026,6,Non-Free Agent
Collingwood,Angus Anderson,2027,2,Unknown
Collingwood,Beau McCreery,2027,7,Non-Free Agent
Collingwood,Billy Frampton,2026,4,Non-Free Agent
Collingwood,Bobby Hill,2030,8,Restricted Free Agent
Collingwood,Brayden Maynard,2029,15,Unrestricted Free Agent
Collingwood,Charlie West,2028,4,Non-Free Agent
Collingwood,Dan Houston,2030,6,Non-Free Agent
Collingwood,Daniel McStay,2027,5,Non-Free Agent
Collingwood,Darcy Cameron,2029,10,Unrestricted Free Agent
Collingwood,Darcy Moore,2028,14,Unrestricted Free Agent
Collingwood,Edward Allan,2026,4,Non-Free Agent
Collingwood,Harry Demattia,2027,4,Non-Free Agent
Collingwood,Harry Perryman,2030,6,Non-Free Agent
Collingwood,Harvey Harrison,2027,6,Non-Free Agent
Collingwood,Iliro Smit,2026,3,Non-Free Agent
Collingwood,Isaac Quaynor,2029,11,Unrestricted Free Agent
Collingwood,Jack Buller,2027,2,Non-Free Agent
Collingwood,Jack Crisp,2026,12,Unrestricted Free Agent
Collingwood,Jai Saxena,2026,1,Non-Free Agent
Collingwood,Jakob Ryan,2026,4,Non-Free Agent
Collingwood,Jamie Elliott,2027,16,Unrestricted Free Agent
Collingwood,Jeremy Howe,2026,11,Unrestricted Free Agent
Collingwood,Joel Cochran,2026,2,Non-Free Agent
Collingwood,Jordan De Goey,2027,13,Unrestricted Free Agent
Collingwood,Josh Daicos,2030,14,Unrestricted Free Agent
Collingwood,Lachie Sullivan,2026,3,Non-Free Agent
Collingwood,Lachlan Schultz,2027,4,Unrestricted Free Agent
Collingwood,Ned Long,2027,4,Unrestricted Free Agent
Collingwood,Nick Daicos,2029,8,Restricted Free Agent
Collingwood,Noah Howes,2026,2,Non-Free Agent
Collingwood,Oscar Steene,2027,5,Non-Free Agent
Collingwood,Patrick Lipinski,2027,6,Non-Free Agent
Collingwood,Reef McInnes,2027,7,Non-Free Agent
Collingwood,Roan Steele,2028,4,Non-Free Agent
Collingwood,Samuel Swadling,2027,2,Unknown
Collingwood,Scott Pendlebury,2026,21,Unrestricted Free Agent
Collingwood,Steele Sidebottom,2026,18,Unrestricted Free Agent
Collingwood,Tew Jiath,2027,4,Non-Free Agent
Collingwood,Tim Membrey,2026,2,Unrestricted Free Agent
Collingwood,Tyan Prindable,2027,2,Unknown
Collingwood,Wil Parker,2026,3,Non-Free Agent
Collingwood,Will Hayes,2028,4,Non-Free Agent
Collingwood,Zac McCarthy,2027,2,Unknown
Essendon,Andrew McGrath,2030,14,Unrestricted Free Agent
Essendon,Angus Clarke,2028,4,Non-Free Agent
Essendon,Archer Day-Wicks,2026,2,Non-Free Agent
Essendon,Archie May,2026,2,Non-Free Agent
Essendon,Archie Perkins,2026,6,Non-Free Agent
Essendon,Archie Roberts,2028,5,Non-Free Agent
Essendon,Ben McKay,2029,6,Non-Free Agent
Essendon,Brayden Fiorini,2029,4,Unrestricted Free Agent
Essendon,Cillian Bourke,2027,2,Unknown
Essendon,Darcy Parish,2029,14,Unrestricted Free Agent
Essendon,Dyson Sharp,2028,3,Unknown
Essendon,Elijah Tsatas,2026,4,Non-Free Agent
Essendon,Harrison Jones,2027,8,Restricted Free Agent
Essendon,Hussien El Achkar,2027,2,Unknown
Essendon,Isaac Kako,2029,5,Non-Free Agent
Essendon,Jacob Farrow,2028,3,Unknown
Essendon,Jade Gresham,2026,3,Unrestricted Free Agent
Essendon,Jaxon Prior,2026,2,Unrestricted Free Agent
Essendon,Jayden Nguyen,2026,2,Non-Free Agent
Essendon,Jordan Ridley,2029,13,Unrestricted Free Agent
Essendon,Jye Caldwell,2028,8,Restricted Free Agent
Essendon,Kayle Gerreyn,2026,2,Non-Free Agent
Essendon,Kyle Langford,2027,13,Unrestricted Free Agent
Essendon,Lachlan Blakiston,2028,4,Non-Free Agent
Essendon,Lewis Hayes,2026,4,Non-Free Agent
Essendon,Liam McMahon,2026,2,Unrestricted Free Agent
Essendon,Mason Redman,2028,13,Unrestricted Free Agent
Essendon,Matt Guelfi,2026,9,Restricted Free Agent
Essendon,Max Kondogiannis,2027,2,Unknown
Essendon,Nate Caddy,2028,5,Non-Free Agent
Essendon,Nicholas Martin,2027,6,Non-Free Agent
Essendon,Nick Bryan,2027,8,Restricted Free Agent
Essendon,Nikolas Cox,2026,6,Non-Free Agent
Essendon,Peter Wright,2027,7,Non-Free Agent
Essendon,Rhys Unwin,2026,2,Non-Free Agent
Essendon,Saad El-Hawli,2026,3,Non-Free Agent
Essendon,Sam Durham,2032,12,Unrestricted Free Agent
Essendon,Sullivan Robey,2028,3,Unknown
Essendon,Tom Edwards,2026,2,Non-Free Agent
Essendon,Vigo Visentini,2027,4,Non-Free Agent
Essendon,Will Setterfield,2026,4,Unrestricted Free Agent
Essendon,Xavier Duursma,2027,4,Non-Free Agent
Essendon,Zach Reid,2028,8,Restricted Free Agent
Essendon,Zachary Merrett,2027,14,Unrestricted Free Agent
Essendon,Zak Johnson,2026,2,Non-Free Agent
Fremantle,Adam Sweid,2028,3,Non-Free Agent
Fremantle,Aiden Riddle,2026,2,Non-Free Agent
Fremantle,Alex Pearce,2027,14,Unrestricted Free Agent
Fremantle,Andrew Brayshaw,2031,14,Unrestricted Free Agent
Fremantle,Bailey Banfield,2026,9,Unrestricted Free Agent
Fremantle,Brandon Walker,2027,7,Non-Free Agent
Fremantle,Brennan Cox,2030,14,Unrestricted Free Agent
Fremantle,Caleb Serong,2034,15,Unrestricted Free Agent
Fremantle,Charlie Nicholls,2026,2,Non-Free Agent
Fremantle,Chris Scerri,2026,1,Unknown
Fremantle,Cooper Simpson,2027,4,Non-Free Agent
Fremantle,Corey Wagner,2026,4,Unrestricted Free Agent
Fremantle,Hayden Young,2033,14,Unrestricted Free Agent
Fremantle,Heath Chapman,2027,7,Non-Free Agent
Fremantle,Hugh Davies,2026,4,Non-Free Agent
Fremantle,Isaiah Dudley,2026,2,Non-Free Agent
Fremantle,Jaeger O'Meara,2026,4,Non-Free Agent
Fremantle,Jaren Carr,2026,2,Non-Free Agent
Fremantle,Jeremy Sharp,2027,4,Unrestricted Free Agent
Fremantle,Jordan Clark,2028,7,Non-Free Agent
Fremantle,Josh Draper,2027,5,Non-Free Agent
Fremantle,Josh Treacy,2030,10,Unrestricted Free Agent
Fremantle,Judd McVee,2030,5,Non-Free Agent
Fremantle,Jye Amiss,2029,8,Restricted Free Agent
Fremantle,Karl Worner,2027,6,Non-Free Agent
Fremantle,Leon Kickett,2026,1,Unknown
Fremantle,Luke Jackson,2029,7,Non-Free Agent
Fremantle,Luke Ryan,2027,11,Unrestricted Free Agent
Fremantle,Mason Cox,2027,2,Unrestricted Free Agent
Fremantle,Matt Johnson,2026,5,Non-Free Agent
Fremantle,Michael Frederick,2029,10,Unrestricted Free Agent
Fremantle,Murphy Reid,2029,5,Non-Free Agent
Fremantle,Nathan O'Driscoll,2026,6,Non-Free Agent
Fremantle,Neil Erasmus,2028,7,Non-Free Agent
Fremantle,Ollie Murphy,2026,3,Non-Free Agent
Fremantle,Oscar McDonald,2026,3,Unrestricted Free Agent
Fremantle,Patrick Voss,2030,7,Unrestricted Free Agent
Fremantle,Ryda Luke,2027,2,Unknown
Fremantle,Sam Sturt,2026,8,Restricted Free Agent
Fremantle,Sam Switkowski,2026,9,Restricted Free Agent
Fremantle,Sean Darcy,2030,14,Unrestricted Free Agent
Fremantle,Shai Bolton,2029,5,Non-Free Agent
Fremantle,Toby Whan,2027,2,Unknown
Fremantle,Tobyn Murray,2027,2,Unknown
Geelong,Bailey Smith,2031,7,Non-Free Agent
Geelong,Bradley Close,2028,9,Restricted Free Agent
Geelong,Cillian Burke,2026,2,Non-Free Agent
Geelong,Connor O'Sullivan,2028,5,Non-Free Agent
Geelong,George Stevens,2026,3,Unrestricted Free Agent
Geelong,Gryan Miers,2028,11,Unrestricted Free Agent
Geelong,Harley Barker,2027,2,Unknown
Geelong,Hunter Holmes,2027,2,Unknown
Geelong,Jack Bowes,2026,4,Non-Free Agent
Geelong,Jack Henry,2029,13,Unrestricted Free Agent
Geelong,Jack Martin,2026,2,Unrestricted Free Agent
Geelong,Jacob Molier,2026,2,Non-Free Agent
Geelong,Jake Kolodjashnij,2026,13,Unrestricted Free Agent
Geelong,James Worpel,2029,4,Unrestricted Free Agent
Geelong,Jay Polkinghorne,2026,2,Non-Free Agent
Geelong,Jed Bews,2026,15,Unrestricted Free Agent
Geelong,Jeremy Cameron,2027,7,Non-Free Agent
Geelong,Jesse Mellor,2027,2,Unknown
Geelong,Jhye Clark,2026,4,Non-Free Agent
Geelong,Joe Pike,2026,2,Non-Free Agent
Geelong,Keighton Matofai-Forbes,2026,2,Non-Free Agent
Geelong,Lawson Humphries,2028,5,Non-Free Agent
Geelong,Lennox Hoffman,2026,2,Non-Free Agent
Geelong,Mark Blicavs,2026,15,Unrestricted Free Agent
Geelong,Mark O'Connor,2026,10,Unrestricted Free Agent
Geelong,Max Holmes,2028,8,Restricted Free Agent
Geelong,Mitchell Edwards,2027,4,Non-Free Agent
Geelong,Mitchell Knevitt,2026,5,Non-Free Agent
Geelong,Nick Driscoll,2026,1,Unknown
Geelong,Oisin Mullin,2027,5,Non-Free Agent
Geelong,Oliver Henry,2027,5,Non-Free Agent
Geelong,Oliver Wiltshire,2026,3,Non-Free Agent
Geelong,Ollie Dempsey,2029,8,Restricted Free Agent
Geelong,Patrick Dangerfield,2026,11,Unrestricted Free Agent
Geelong,Rhys Stanley,2026,12,Unrestricted Free Agent
Geelong,Sam De Koning,2027,8,Restricted Free Agent
Geelong,Shannon Neale,2028,8,Restricted Free Agent
Geelong,Shaun Mannagh,2029,6,Non-Free Agent
Geelong,Tanner Bruhn,2027,5,Non-Free Agent
Geelong,Thomas Stewart,2027,11,Unrestricted Free Agent
Geelong,Toby Conway,2027,6,Non-Free Agent
Geelong,Tom Atkins,2027,9,Restricted Free Agent
Geelong,Tyson Stengle,2029,8,Unrestricted Free Agent
Geelong,Zach Guthrie,2028,12,Unrestricted Free Agent
Gold Coast,Alex Davies,2026,6,Non-Free Agent
Gold Coast,Asher Eastham,2026,2,Non-Free Agent
Gold Coast,Avery Thomas,2027,2,Unknown
Gold Coast,Bailey Humphrey,2028,6,Non-Free Agent
Gold Coast,Beau Addinsall,2028,3,Unknown
Gold Coast,Ben Jepson,2026,2,Unrestricted Free Agent
Gold Coast,Ben King,2026,8,Restricted Free Agent
Gold Coast,Ben Long,2029,7,Non-Free Agent
Gold Coast,Bodhi Uwland,2026,5,Non-Free Agent
Gold Coast,Caleb Graham,2026,8,Restricted Free Agent
Gold Coast,Caleb Lewis,2026,2,Non-Free Agent
Gold Coast,Charlie Ballard,2029,12,Unrestricted Free Agent
Gold Coast,Christian Petracca,2029,4,Unrestricted Free Agent
Gold Coast,Cooper Bell,2026,2,Non-Free Agent
Gold Coast,Daniel Rioli,2029,5,Non-Free Agent
Gold Coast,Dylan Patterson,2028,3,Unknown
Gold Coast,Elliott Himmelberg,2027,3,Non-Free Agent
Gold Coast,Ethan Read,2028,5,Non-Free Agent
Gold Coast,Jai Murray,2028,3,Unknown
Gold Coast,Jake Rogers,2026,3,Non-Free Agent
Gold Coast,Jamarra Ugle-Hagan,2026,1,Non-Free Agent
Gold Coast,Jarrod Witts,2026,10,Unrestricted Free Agent
Gold Coast,Jed Walter,2026,3,Non-Free Agent
Gold Coast,Joel Jeffrey,2028,8,Restricted Free Agent
Gold Coast,John Noble,2026,2,Non-Free Agent
Gold Coast,Jy Farrar,2026,7,Non-Free Agent
Gold Coast,Koby Coulson,2027,2,Unknown
Gold Coast,Lachlan Gulbin,2026,2,Non-Free Agent
Gold Coast,Lachlan Weller,2026,9,Restricted Free Agent
Gold Coast,Leo Lombard,2027,3,Non-Free Agent
Gold Coast,Mac Andrew,2030,9,Restricted Free Agent
Gold Coast,Matt Rowell,2027,8,Restricted Free Agent
Gold Coast,Max Knobel,2027,3,Non-Free Agent
Gold Coast,Ned Moyle,2028,8,Restricted Free Agent
Gold Coast,Nicholas Holman,2026,9,Unrestricted Free Agent
Gold Coast,Noah Anderson,2027,8,Restricted Free Agent
Gold Coast,Oscar Adams,2026,2,Unrestricted Free Agent
Gold Coast,Sam Clohesy,2028,5,Non-Free Agent
Gold Coast,Samuel Collins,2028,10,Unrestricted Free Agent
Gold Coast,Touk Miller,2027,13,Unrestricted Free Agent
Gold Coast,Wil Powell,2029,12,Unrestricted Free Agent
Gold Coast,Will Graham,2027,4,Non-Free Agent
Gold Coast,Zak Evans,2026,2,Non-Free Agent
Gold Coast,Zeke Uwland,2028,3,Unknown
GWS Giants,Aaron Cadman,2030,8,Restricted Free Agent
GWS Giants,Brent Daniels,2031,14,Unrestricted Free Agent
GWS Giants,Callum Brown,2028,10,Unrestricted Free Agent
GWS Giants,Clayton Oliver,2030,5,Unrestricted Free Agent
GWS Giants,Cody Angove,2028,4,Non-Free Agent
GWS Giants,Connor Idun,2032,14,Unrestricted Free Agent
GWS Giants,Conor Stone,2026,6,Unrestricted Free Agent
GWS Giants,Darcy Jones,2028,6,Non-Free Agent
GWS Giants,Finn Callaghan,2029,8,Restricted Free Agent
GWS Giants,Finnegan Davis,2027,2,Unknown
GWS Giants,Harrison Himmelberg,2029,14,Unrestricted Free Agent
GWS Giants,Harrison Oliver,2027,3,Non-Free Agent
GWS Giants,Harry Rowston,2028,6,Non-Free Agent
GWS Giants,Harvey Thomas,2028,5,Non-Free Agent
GWS Giants,Jack Buckley,2030,13,Unrestricted Free Agent
GWS Giants,Jack Ough,2028,4,Non-Free Agent
GWS Giants,Jake Riccardi,2026,7,Non-Free Agent
GWS Giants,Jake Stringer,2027,3,Non-Free Agent
GWS Giants,James Leake,2028,5,Non-Free Agent
GWS Giants,Jayden Laverde,2026,1,Unrestricted Free Agent
GWS Giants,Jesse Hogan,2026,6,Non-Free Agent
GWS Giants,Josaia Delana,2026,2,Non-Free Agent
GWS Giants,Joseph Fonti,2027,4,Non-Free Agent
GWS Giants,Joshua Kelly,2029,16,Unrestricted Free Agent
GWS Giants,Kieren Briggs,2026,8,Restricted Free Agent
GWS Giants,Lachie Whitfield,2027,15,Unrestricted Free Agent
GWS Giants,Lachlan Ash,2027,8,Restricted Free Agent
GWS Giants,Leek Aleer,2027,6,Non-Free Agent
GWS Giants,Logan Smith,2028,4,Non-Free Agent
GWS Giants,Max Gruzewski,2026,4,Non-Free Agent
GWS Giants,Nathan Wardius,2027,4,Non-Free Agent
GWS Giants,Nick Madden,2026,4,Non-Free Agent
GWS Giants,Oliver Hannaford,2027,3,Non-Free Agent
GWS Giants,Oskar Taylor,2028,3,Unknown
GWS Giants,Phoenix Gothard,2026,3,Non-Free Agent
GWS Giants,Riley Hamilton,2027,2,Unknown
GWS Giants,Ryan Angwin,2028,8,Restricted Free Agent
GWS Giants,Sam Taylor,2032,15,Unrestricted Free Agent
GWS Giants,Stephen Coniglio,2026,15,Unrestricted Free Agent
GWS Giants,Toby Bedford,2029,7,Non-Free Agent
GWS Giants,Toby Greene,2026,15,Unrestricted Free Agent
GWS Giants,Toby McMullin,2028,6,Non-Free Agent
GWS Giants,Tom Green,2027,8,Restricted Free Agent
GWS Giants,Xavier O'Halloran,2028,10,Unrestricted Free Agent
Hawthorn,Aidan Schubert,2028,3,Non-Free Agent
Hawthorn,Bailey Macdonald,2026,4,Non-Free Agent
Hawthorn,Blake Hardwick,2029,14,Unrestricted Free Agent
Hawthorn,Bodie Ryan,2026,3,Non-Free Agent
Hawthorn,Calsher Dear,2026,3,Non-Free Agent
Hawthorn,Cameron Mackenzie,2026,4,Non-Free Agent
Hawthorn,Cameron Nairn,2028,3,Unknown
Hawthorn,Cody Anderson,2026,2,Non-Free Agent
Hawthorn,Connor MacDonald,2029,8,Restricted Free Agent
Hawthorn,Conor Nash,2029,13,Unrestricted Free Agent
Hawthorn,Dylan Moore,2030,13,Unrestricted Free Agent
Hawthorn,Finn Maginness,2027,8,Restricted Free Agent
Hawthorn,Flynn Perez,2026,1,Unrestricted Free Agent
Hawthorn,Harry Morrison,2026,10,Unrestricted Free Agent
Hawthorn,Henry Hustwaite,2026,4,Non-Free Agent
Hawthorn,Jack Dalton,2027,2,Unknown
Hawthorn,Jack Ginnivan,2027,4,Non-Free Agent
Hawthorn,Jack Gunston,2026,3,Unrestricted Free Agent
Hawthorn,Jack Scrimshaw,2027,9,Restricted Free Agent
Hawthorn,Jai Newcombe,2032,12,Unrestricted Free Agent
Hawthorn,Jaime Uhr-Henry,2026,2,Non-Free Agent
Hawthorn,James Blanck,2026,5,Non-Free Agent
Hawthorn,James Sicily,2027,14,Unrestricted Free Agent
Hawthorn,Jarman Impey,2026,9,Restricted Free Agent
Hawthorn,Josh Battle,2030,6,Non-Free Agent
Hawthorn,Josh Ward,2029,8,Restricted Free Agent
Hawthorn,Joshua Weddle,2030,8,Restricted Free Agent
Hawthorn,Karl Amon,2027,5,Non-Free Agent
Hawthorn,Lloyd Meek,2029,7,Non-Free Agent
Hawthorn,Mabior Chol,2027,4,Unrestricted Free Agent
Hawthorn,Massimo D'Ambrosio,2028,5,Non-Free Agent
Hawthorn,Matt Hill,2026,2,Non-Free Agent
Hawthorn,Matthew LeRay,2027,2,Unknown
Hawthorn,Max Ramsden,2026,5,Non-Free Agent
Hawthorn,Mitchell Lewis,2026,10,Unrestricted Free Agent
Hawthorn,Ned Reeves,2029,11,Unrestricted Free Agent
Hawthorn,Nick Watson,2029,6,Non-Free Agent
Hawthorn,Noah Mraz,2028,4,Non-Free Agent
Hawthorn,Ollie Greeves,2026,1,Unknown
Hawthorn,Sam Butler,2027,6,Non-Free Agent
Hawthorn,Tom Barrass,2028,4,Unrestricted Free Agent
Hawthorn,Will Day,2027,8,Restricted Free Agent
Hawthorn,William McCabe,2026,3,Non-Free Agent
Melbourne,Aidan Johnson,2026,2,Non-Free Agent
Melbourne,Andy Moniz-Wakefield,2026,5,Non-Free Agent
Melbourne,Bailey Laurie,2026,6,Non-Free Agent
Melbourne,Bayley Fritsch,2026,9,Restricted Free Agent
Melbourne,Blake Howes,2027,6,Non-Free Agent
Melbourne,Brody Mihocek,2027,2,Non-Free Agent
Melbourne,Caleb Windsor,2028,5,Non-Free Agent
Melbourne,Changkuoth Jiath,2028,3,Non-Free Agent
Melbourne,Christian Salem,2026,13,Unrestricted Free Agent
Melbourne,Daniel Turner,2030,10,Unrestricted Free Agent
Melbourne,Ed Langdon,2028,9,Restricted Free Agent
Melbourne,Harrison Petty,2027,10,Unrestricted Free Agent
Melbourne,Harry Sharp,2027,3,Non-Free Agent
Melbourne,Harvey Langford,2029,5,Non-Free Agent
Melbourne,Jack Henderson,2026,2,Non-Free Agent
Melbourne,Jack Steele,2028,3,Non-Free Agent
Melbourne,Jack Viney,2028,16,Unrestricted Free Agent
Melbourne,Jacob Van Rooyen,2029,8,Restricted Free Agent
Melbourne,Jai Culley,2026,2,Unrestricted Free Agent
Melbourne,Jake Bowey,2028,8,Restricted Free Agent
Melbourne,Jake Lever,2028,11,Unrestricted Free Agent
Melbourne,Jake Melksham,2026,11,Unrestricted Free Agent
Melbourne,Jed Adams,2026,4,Non-Free Agent
Melbourne,Kade Chandler,2026,8,Restricted Free Agent
Melbourne,Kalani White,2026,1,Non-Free Agent
Melbourne,Koltyn Tholstrup,2028,5,Non-Free Agent
Melbourne,Kysaiah Pickett,2034,15,Unrestricted Free Agent
Melbourne,Latrelle Pickett,2028,3,Unknown
Melbourne,Luker Kentfield,2026,3,Non-Free Agent
Melbourne,Matthew Jefferson,2026,4,Non-Free Agent
Melbourne,Max Gawn,2027,18,Unrestricted Free Agent
Melbourne,Max Heath,2028,3,Non-Free Agent
Melbourne,Oscar Berry,2027,2,Unknown
Melbourne,Paddy Cross,2026,1,Unknown
Melbourne,Ricky Mentha,2026,2,Non-Free Agent
Melbourne,Riley Onley,2026,1,Unknown
Melbourne,Shane McAdam,2026,3,Non-Free Agent
Melbourne,Steven May,2026,8,Restricted Free Agent
Melbourne,Thomas Matthews,2027,2,Unknown
Melbourne,Tom Campbell,2026,2,Unrestricted Free Agent
Melbourne,Tom McDonald,2026,16,Unrestricted Free Agent
Melbourne,Tom Sparrow,2026,8,Restricted Free Agent
Melbourne,Trent Rivers,2027,8,Restricted Free Agent
Melbourne,Xavier Lindsay,2027,3,Non-Free Agent
Melbourne,Xavier Taylor,2028,3,Unknown
North Melbourne,Aidan Corr,2026,6,Unrestricted Free Agent
North Melbourne,Bailey Scott,2026,8,Restricted Free Agent
North Melbourne,Blake Thredgold,2027,2,Unknown
North Melbourne,Brayden George,2026,4,Non-Free Agent
North Melbourne,Caleb Daniel,2028,4,Unrestricted Free Agent
North Melbourne,Callum Coleman-Jones,2026,5,Non-Free Agent
North Melbourne,Cameron Zurhaar,2029,13,Unrestricted Free Agent
North Melbourne,Charlie Comben,2027,8,Restricted Free Agent
North Melbourne,Charlie Spargo,2028,3,Non-Free Agent
North Melbourne,Colby McKercher,2028,5,Non-Free Agent
North Melbourne,Cooper Harvey,2026,4,Non-Free Agent
North Melbourne,Cooper Trembath,2026,2,Non-Free Agent
North Melbourne,Dylan Stephens,2027,4,Non-Free Agent
North Melbourne,Finn O'Sullivan,2027,3,Non-Free Agent
North Melbourne,George Wardlaw,2026,4,Non-Free Agent
North Melbourne,Griffin Logue,2027,5,Non-Free Agent
North Melbourne,Harry Sheezel,2030,8,Restricted Free Agent
North Melbourne,Hugo Mikunda,2027,2,Unknown
North Melbourne,Jack Darling,2027,3,Unrestricted Free Agent
North Melbourne,Jackson Archer,2028,7,Non-Free Agent
North Melbourne,Jacob Konstanty,2026,2,Non-Free Agent
North Melbourne,Josh Goater,2026,5,Non-Free Agent
North Melbourne,Jy Simpkin,2029,13,Unrestricted Free Agent
North Melbourne,Lachy Dovaston,2028,3,Unknown
North Melbourne,Luke Davies-Uniacke,2032,15,Unrestricted Free Agent
North Melbourne,Luke McDonald,2026,13,Unrestricted Free Agent
North Melbourne,Luke Parker,2026,2,Unrestricted Free Agent
North Melbourne,Luke Urquhart,2026,2,Non-Free Agent
North Melbourne,Matt Whitlock,2027,3,Non-Free Agent
North Melbourne,Nick Larkey,2029,13,Unrestricted Free Agent
North Melbourne,Paul Curtis,2028,7,Non-Free Agent
North Melbourne,Riley Hardeman,2026,3,Non-Free Agent
North Melbourne,River Stevens,2026,2,Non-Free Agent
North Melbourne,Robert Hansen,2026,4,Non-Free Agent
North Melbourne,Taylor Goad,2028,5,Non-Free Agent
North Melbourne,Toby Pink,2026,3,Unrestricted Free Agent
North Melbourne,Tom Blamires,2026,1,Unknown
North Melbourne,Tom Powell,2028,8,Restricted Free Agent
North Melbourne,Tristan Xerri,2031,14,Unrestricted Free Agent
North Melbourne,Wil Dawson,2026,3,Non-Free Agent
North Melbourne,Zac Banch,2026,2,Non-Free Agent
North Melbourne,Zac Fisher,2027,4,Non-Free Agent
North Melbourne,Zane Duursma,2026,3,Non-Free Agent
Port Adelaide,Aliir Aliir,2027,7,Non-Free Agent
Port Adelaide,Balyn O'Brien,2026,1,Unknown
Port Adelaide,Benny Barrett,2026,2,Non-Free Agent
Port Adelaide,Brandon Zerk-Thatcher,2026,3,Non-Free Agent
Port Adelaide,Christian Moraes,2027,3,Non-Free Agent
Port Adelaide,Connor Rozee,2032,14,Unrestricted Free Agent
Port Adelaide,Corey Durdin,2027,2,Non-Free Agent
Port Adelaide,Dante Visentini,2027,6,Non-Free Agent
Port Adelaide,Darcy Byrne-Jones,2026,13,Unrestricted Free Agent
Port Adelaide,Esava Ratugolea,2028,5,Non-Free Agent
Port Adelaide,Ewan Mackinlay,2026,2,Non-Free Agent
Port Adelaide,Harrison Ramm,2026,2,Non-Free Agent
Port Adelaide,Ivan Soldo,2026,3,Non-Free Agent
Port Adelaide,Jack Lukosius,2030,6,Non-Free Agent
Port Adelaide,Jack Watkins,2026,1,Unknown
Port Adelaide,Jack Whitlock,2027,3,Non-Free Agent
Port Adelaide,Jackson Mead,2026,7,Non-Free Agent
Port Adelaide,Jacob Moss,2026,2,Non-Free Agent
Port Adelaide,Jacob Wehr,2028,3,Unrestricted Free Agent
Port Adelaide,Jase Burgoyne,2029,8,Restricted Free Agent
Port Adelaide,Jason Horne-Francis,2028,6,Non-Free Agent
Port Adelaide,Joe Berry,2027,3,Non-Free Agent
Port Adelaide,Joe Richards,2027,3,Non-Free Agent
Port Adelaide,Jordon Sweet,2026,3,Non-Free Agent
Port Adelaide,Josh Lai,2026,2,Non-Free Agent
Port Adelaide,Josh Sinn,2027,6,Non-Free Agent
Port Adelaide,Kane Farrell,2030,13,Unrestricted Free Agent
Port Adelaide,Lachlan Jones,2026,6,Non-Free Agent
Port Adelaide,Logan Evans,2028,5,Non-Free Agent
Port Adelaide,Mani Liddy,2026,2,Non-Free Agent
Port Adelaide,Miles Bergman,2027,8,Restricted Free Agent
Port Adelaide,Mitch Georgiades,2027,8,Restricted Free Agent
Port Adelaide,Mitch Zadow,2026,1,Unknown
Port Adelaide,Oliver Wines,2026,14,Unrestricted Free Agent
Port Adelaide,Ollie Lord,2026,6,Non-Free Agent
Port Adelaide,Sam Powell-Pepper,2029,13,Unrestricted Free Agent
Port Adelaide,Todd Marshall,2029,13,Unrestricted Free Agent
Port Adelaide,Tom Anastasopoulos,2026,3,Non-Free Agent
Port Adelaide,Tom Cochrane,2027,3,Non-Free Agent
Port Adelaide,Will Brodie,2027,2,Non-Free Agent
Port Adelaide,Will Lorenz,2026,3,Non-Free Agent
Port Adelaide,Willem Drew,2028,12,Unrestricted Free Agent
Port Adelaide,Xavier Walsh,2026,3,Non-Free Agent
Port Adelaide,Zak Butters,2026,8,Restricted Free Agent
Richmond,Ben Miller,2027,10,Unrestricted Free Agent
Richmond,Campbell Gray,2027,4,Non-Free Agent
Richmond,Dion Prestia,2026,10,Unrestricted Free Agent
Richmond,Harry Armstrong,2027,3,Non-Free Agent
Richmond,Hugo Ralphsmith,2026,7,Non-Free Agent
Richmond,Jack Ross,2028,10,Unrestricted Free Agent
Richmond,Jacob Hopper,2029,7,Non-Free Agent
Richmond,James Trezise,2026,4,Non-Free Agent
Richmond,Jasper Alger,2026,2,Non-Free Agent
Richmond,Jayden Short,2027,13,Unrestricted Free Agent
Richmond,Jonty Faull,2027,3,Non-Free Agent
Richmond,Josh Gibcus,2029,8,Restricted Free Agent
Richmond,Josh Smillie,2027,3,Non-Free Agent
Richmond,Judson Clarke,2026,5,Non-Free Agent
Richmond,Kaleb Smith,2026,4,Non-Free Agent
Richmond,Kane McAuliffe,2027,4,Non-Free Agent
Richmond,Liam Fawcett,2026,3,Non-Free Agent
Richmond,Luke Trainor,2027,3,Non-Free Agent
Richmond,Maurice Rioli,2026,6,Non-Free Agent
Richmond,Mykelti Lefau,2026,3,Non-Free Agent
Richmond,Nathan Broad,2026,11,Unrestricted Free Agent
Richmond,Nick Vlastuin,2026,14,Unrestricted Free Agent
Richmond,Noah Balta,2032,15,Unrestricted Free Agent
Richmond,Noah Roberts-Thomson,2027,2,Unknown
Richmond,Oliver Hayes-Brown,2026,3,Non-Free Agent
Richmond,Patrick Retschko,2026,1,Non-Free Agent
Richmond,Rhyan Mansell,2026,7,Non-Free Agent
Richmond,Sam Banks,2027,6,Non-Free Agent
Richmond,Sam Cumming,2028,3,Unknown
Richmond,Sam Lalor,2027,3,Non-Free Agent
Richmond,Samson Ryan,2027,7,Non-Free Agent
Richmond,Samuel Grlj,2028,3,Unknown
Richmond,Seth Campbell,2029,7,Non-Free Agent
Richmond,Steely Green,2026,4,Non-Free Agent
Richmond,Taj Hotton,2027,3,Non-Free Agent
Richmond,Thomas Burton,2026,1,Unknown
Richmond,Thomas Sims,2027,3,Non-Free Agent
Richmond,Tim Taranto,2029,7,Non-Free Agent
Richmond,Toby Nankervis,2026,10,Unrestricted Free Agent
Richmond,Tom Brown,2027,6,Non-Free Agent
Richmond,Tom Lynch,2026,8,Restricted Free Agent
Richmond,Tyler Sonsie,2026,5,Non-Free Agent
Richmond,Zane Peucker,2027,2,Unknown
St Kilda,Alex Dodson,2026,2,Non-Free Agent
St Kilda,Alix Tauru,2027,3,Non-Free Agent
St Kilda,Angus Hastie,2027,4,Non-Free Agent
St Kilda,Anthony Caminiti,2027,5,Non-Free Agent
St Kilda,Bradley Hill,2027,8,Restricted Free Agent
St Kilda,Callum Wilkie,2029,11,Unrestricted Free Agent
St Kilda,Charlie Banfield,2027,2,Unknown
St Kilda,Cooper Sharman,2026,6,Non-Free Agent
St Kilda,Daniel Butler,2026,7,Non-Free Agent
St Kilda,Darcy Wilson,2026,3,Non-Free Agent
St Kilda,Dougal Howard,2026,7,Non-Free Agent
St Kilda,Eamonn Armstrong,2026,2,Non-Free Agent
St Kilda,Hugh Boxshall,2028,4,Non-Free Agent
St Kilda,Hugo Garcia,2027,4,Non-Free Agent
St Kilda,Hunter Clark,2027,10,Unrestricted Free Agent
St Kilda,Isaac Keeler,2026,4,Non-Free Agent
St Kilda,Jack Carroll,2026,2,Unrestricted Free Agent
St Kilda,Jack Higgins,2029,9,Unrestricted Free Agent
St Kilda,Jack Silvagni,2030,5,Unrestricted Free Agent
St Kilda,Jack Sinclair,2027,13,Unrestricted Free Agent
St Kilda,Jackson Macrae,2027,3,Unrestricted Free Agent
St Kilda,James Barrat,2027,3,Non-Free Agent
St Kilda,Kobe McDonald,2027,2,Unknown
St Kilda,Kye Fincher,2027,2,Unknown
St Kilda,Lance Collard,2027,4,Non-Free Agent
St Kilda,Liam Henry,2027,4,Non-Free Agent
St Kilda,Liam O'Connell,2026,3,Non-Free Agent
St Kilda,Liam Ryan,2028,3,Non-Free Agent
St Kilda,Liam Stocker,2026,4,Unrestricted Free Agent
St Kilda,Marcus Windhager,2029,8,Restricted Free Agent
St Kilda,Mason Wood,2027,7,Unrestricted Free Agent
St Kilda,Mattaes Phillipou,2028,6,Non-Free Agent
St Kilda,Max Hall,2027,4,Non-Free Agent
St Kilda,Max King,2032,14,Unrestricted Free Agent
St Kilda,Mitchito Owens,2029,8,Restricted Free Agent
St Kilda,Nasiah Wanganeen-Milera,2027,6,Non-Free Agent
St Kilda,Paddy Dow,2026,3,Non-Free Agent
St Kilda,Patrick Said,2026,2,Unrestricted Free Agent
St Kilda,Rowan Marshall,2027,11,Unrestricted Free Agent
St Kilda,Ryan Byrnes,2027,8,Unrestricted Free Agent
St Kilda,Sam Flanders,2031,6,Non-Free Agent
St Kilda,Tobie Travaglia,2027,3,Non-Free Agent
St Kilda,Tom De Koning,2033,8,Restricted Free Agent
Sydney,Angus Sheldrick,2027,6,Non-Free Agent
Sydney,Billy Cootee,2027,2,Unknown
Sydney,Braeden Campbell,2028,8,Restricted Free Agent
Sydney,Brodie Grundy,2027,4,Unrestricted Free Agent
Sydney,Caiden Cleary,2027,4,Non-Free Agent
Sydney,Callum Mills,2029,14,Unrestricted Free Agent
Sydney,Chad Warner,2027,8,Restricted Free Agent
Sydney,Charlie Curnow,2030,5,Unrestricted Free Agent
Sydney,Corey Warner,2027,6,Non-Free Agent
Sydney,Dane Rampe,2026,14,Unrestricted Free Agent
Sydney,Errol Gulden,2028,8,Restricted Free Agent
Sydney,Harry Cunningham,2026,15,Unrestricted Free Agent
Sydney,Harry Kyle,2028,3,Unknown
Sydney,Hayden McLean,2027,9,Restricted Free Agent
Sydney,Isaac Heeney,2028,14,Unrestricted Free Agent
Sydney,Jai Serong,2028,3,Non-Free Agent
Sydney,Jake Lloyd,2026,14,Unrestricted Free Agent
Sydney,James Jordon,2027,4,Non-Free Agent
Sydney,James Rowbottom,2028,10,Unrestricted Free Agent
Sydney,Jesse Dattoli,2027,3,Non-Free Agent
Sydney,Jevan Phillipou,2027,2,Unknown
Sydney,Joel Amartey,2026,9,Restricted Free Agent
Sydney,Joel Hamling,2026,3,Unrestricted Free Agent
Sydney,Justin McInerney,2031,13,Unrestricted Free Agent
Sydney,Lewis Melican,2027,13,Unrestricted Free Agent
Sydney,Liam Hetherton,2027,2,Unknown
Sydney,Logan McDonald,2028,8,Restricted Free Agent
Sydney,Malcolm Rosas,2028,3,Non-Free Agent
Sydney,Matthew Roberts,2027,6,Non-Free Agent
Sydney,Max King,2027,2,Unknown
Sydney,Ned Bowman,2027,3,Non-Free Agent
Sydney,Nick Blakey,2031,13,Unrestricted Free Agent
Sydney,Noah Chamberlain,2027,2,Unknown
Sydney,Patrick Snell,2027,4,Non-Free Agent
Sydney,Peter Ladhams,2027,6,Non-Free Agent
Sydney,Riak Andrew,2027,3,Non-Free Agent
Sydney,Riley Bice,2028,4,Non-Free Agent
Sydney,Sam Wicks,2028,10,Unrestricted Free Agent
Sydney,Taylor Adams,2026,3,Non-Free Agent
Sydney,Tom Hanily,2027,4,Non-Free Agent
Sydney,Tom McCartin,2027,10,Unrestricted Free Agent
Sydney,Tom Papley,2028,13,Unrestricted Free Agent
Sydney,Will Edwards,2027,5,Non-Free Agent
Sydney,Will Green,2027,4,Non-Free Agent
West Coast,Archer Reid,2027,4,Non-Free Agent
West Coast,Bailey Williams,2026,8,Restricted Free Agent
West Coast,Bo Allan,2028,4,Non-Free Agent
West Coast,Brady Hough,2028,7,Non-Free Agent
West Coast,Brandon Starcevich,2031,6,Non-Free Agent
West Coast,Clay Hall,2026,3,Non-Free Agent
West Coast,Cooper Duff-Tytler,2028,3,Unknown
West Coast,Deven Robertson,2026,1,Unrestricted Free Agent
West Coast,Elijah Hewett,2026,4,Non-Free Agent
West Coast,Elliot Yeo,2027,14,Unrestricted Free Agent
West Coast,Finlay Macrae,2026,1,Unrestricted Free Agent
West Coast,Fred Rodriguez,2026,1,Unknown
West Coast,Hamish Davis,2027,3,Non-Free Agent
West Coast,Harley Reid,2028,5,Non-Free Agent
West Coast,Harry Barnett,2026,4,Non-Free Agent
West Coast,Harry Edwards,2027,9,Restricted Free Agent
West Coast,Harry Schoenberg,2026,1,Unrestricted Free Agent
West Coast,Harvey Johnston,2026,3,Non-Free Agent
West Coast,Jack Graham,2028,4,Non-Free Agent
West Coast,Jack Hutchinson,2029,6,Non-Free Agent
West Coast,Jack Williams,2026,5,Non-Free Agent
West Coast,Jacob Newton,2026,2,Non-Free Agent
West Coast,Jake Waterman,2029,13,Unrestricted Free Agent
West Coast,Jamie Cripps,2026,14,Unrestricted Free Agent
West Coast,Jobe Shanahan,2028,4,Non-Free Agent
West Coast,Josh Lindsay,2028,3,Unknown
West Coast,Liam Baker,2029,5,Non-Free Agent
West Coast,Liam Duggan,2028,14,Unrestricted Free Agent
West Coast,Lucca Grego,2027,3,Non-Free Agent
West Coast,Malakai Champion,2026,2,Non-Free Agent
West Coast,Matt Owies,2027,3,Non-Free Agent
West Coast,Matthew Flynn,2026,3,Unrestricted Free Agent
West Coast,Milan Murdock,2026,1,Unknown
West Coast,Noah Long,2026,4,Non-Free Agent
West Coast,Reuben Ginbey,2027,5,Non-Free Agent
West Coast,Rhett Bazzo,2026,5,Non-Free Agent
West Coast,Ryan Maric,2026,4,Non-Free Agent
West Coast,Sam Allen,2027,2,Unknown
West Coast,Sandy Brock,2027,3,Unrestricted Free Agent
West Coast,Tim Kelly,2027,8,Restricted Free Agent
West Coast,Tom Cole,2026,11,Unrestricted Free Agent
West Coast,Tom Gross,2027,3,Non-Free Agent
West Coast,Tom McCarthy,2028,4,Non-Free Agent
West Coast,Tylah Williams,2027,2,Unknown
West Coast,Tylar Young,2028,3,Non-Free Agent
West Coast,Tyler Brockman,2026,3,Non-Free Agent
West Coast,Tyrell Dewar,2028,6,Non-Free Agent
West Coast,Willem Duursma,2028,3,Unknown
Western Bulldogs,Aaron Naughton,2032,15,Unrestricted Free Agent
Western Bulldogs,Adam Treloar,2026,6,Non-Free Agent
Western Bulldogs,Arthur Jones,2026,5,Non-Free Agent
Western Bulldogs,Bailey Dale,2029,15,Unrestricted Free Agent
Western Bulldogs,Bailey Williams,2027,12,Unrestricted Free Agent
Western Bulldogs,Buku Khamis,2026,8,Restricted Free Agent
Western Bulldogs,Cody Weightman,2027,8,Restricted Free Agent
Western Bulldogs,Connor Budarick,2028,3,Non-Free Agent
Western Bulldogs,Cooper Hynes,2027,3,Non-Free Agent
Western Bulldogs,Ed Richards,2030,13,Unrestricted Free Agent
Western Bulldogs,Harvey Gallagher,2026,4,Non-Free Agent
Western Bulldogs,James Harmes,2026,3,Non-Free Agent
Western Bulldogs,James O'Donnell,2027,5,Non-Free Agent
Western Bulldogs,Jedd Busslinger,2026,4,Non-Free Agent
Western Bulldogs,Joel Freijah,2029,6,Non-Free Agent
Western Bulldogs,Jordan Croft,2029,6,Non-Free Agent
Western Bulldogs,Josh Dolan,2028,4,Non-Free Agent
Western Bulldogs,Lachie Jaques,2028,4,Non-Free Agent
Western Bulldogs,Lachlan Bramble,2026,3,Unrestricted Free Agent
Western Bulldogs,Lachlan Carmichael,2027,2,Unknown
Western Bulldogs,Lachlan McNeil,2026,6,Unrestricted Free Agent
Western Bulldogs,Lachlan Smith,2026,3,Non-Free Agent
Western Bulldogs,Laitham Vandermeer,2028,10,Unrestricted Free Agent
Western Bulldogs,Louis Emmett,2027,2,Unknown
Western Bulldogs,Luke Cleary,2027,6,Non-Free Agent
Western Bulldogs,Luke Kennedy,2026,2,Non-Free Agent
Western Bulldogs,Marcus Bontempelli,2029,16,Unrestricted Free Agent
Western Bulldogs,Matthew Kennedy,2027,3,Unrestricted Free Agent
Western Bulldogs,Michael Sellwood,2026,2,Non-Free Agent
Western Bulldogs,Nicholas Coffield,2026,3,Non-Free Agent
Western Bulldogs,Oskar Baker,2026,4,Unrestricted Free Agent
Western Bulldogs,Rhylee West,2030,12,Unrestricted Free Agent
Western Bulldogs,Riley Garcia,2027,8,Restricted Free Agent
Western Bulldogs,Rory Lobb,2027,5,Non-Free Agent
Western Bulldogs,Ryan Gardner,2026,8,Unrestricted Free Agent
Western Bulldogs,Ryley Sanders,2028,5,Non-Free Agent
Western Bulldogs,Sam Darcy,2029,8,Restricted Free Agent
Western Bulldogs,Sam Davidson,2028,4,Non-Free Agent
Western Bulldogs,Thomas Liberatore,2026,16,Unrestricted Free Agent
Western Bulldogs,Timothy English,2029,13,Unrestricted Free Agent
Western Bulldogs,Will Darcy,2027,2,Unknown
Western Bulldogs,Will Lewis,2026,1,Unknown
Western Bulldogs,Zac Walker,2026,2,Non-Free Agent
