Team,Jumper_No,Player,DOB,Height,Position,Games,Age,Origin
Adelaide,4,Callum Ah Chee,1997-10-09,182.0,Forward,169,28yr 4mth,South Fremantle
Adelaide,3,Sam Berry,2002-02-12,181.0,Midfield,76,24yr,Gippsland Power
Adelaide,21,Hugh Bond,2004-09-25,185.0,Defender,12,21yr 5mth,Greater Western Victoria Rebels
Adelaide,35,James Borlase,2002-07-18,192.0,Defender,16,23yr 7mth,Sturt
Adelaide,41,Jordon Butts,1999-12-31,195.0,Defender,85,26yr 2mth,Murray Bushrangers
Adelaide,15,Brayden Cook,2002-07-18,189.0,MidfieldForward,30,23yr 7mth,South Adelaide
Adelaide,33,Indy Cotton,2007-05-08,195.0,Forward,0,18yr 9mth,NBL One East
Adelaide,44,Isaac Cumming,1998-08-11,188.0,Midfield,105,27yr 6mth,Broken Hill
Adelaide,6,Daniel Curtin,2005-03-08,197.0,Midfield,32,20yr 11mth,Claremont
Adelaide,12,Jordan Dawson,1997-04-09,190.0,Midfield,156,28yr 10mth,Sturt
Adelaide,31,Billy Dowling,2004-07-01,187.0,MidfieldForward,10,21yr 8mth,North Adelaide
Adelaide,5,Sid Draper,2006-07-05,182.0,MidfieldForward,10,19yr 7mth,South Adelaide
Adelaide,11,Charlie Edwards,2005-05-18,191.0,DefenderMidfield,0,20yr 9mth,Sandringham Dragons
Adelaide,32,Darcy Fogarty,1999-09-25,192.0,Forward,126,26yr 5mth,Glenelg
Adelaide,20,Mitchell Hinge,1998-06-28,187.0,Defender,89,27yr 8mth,Glenelg
Adelaide,1,Chayce Jones,2000-01-14,180.0,Midfield,97,26yr 1mth,Launceston
Adelaide,48,Mark Keane,2000-03-17,194.0,Defender,56,25yr 11mth,Cork
Adelaide,2,Ben Keays,1997-02-23,185.0,Forward,161,29yr,Brisbane Reserves
Adelaide,29,Rory Laird,1993-12-29,178.0,Defender,269,32yr 2mth,West Adelaide
Adelaide,34,Archie Ludowyke,2007-11-19,197.0,Forward,0,18yr 3mth,Sandringham Dragons
Adelaide,36,Finnbar Maley,2003-07-18,197.0,Forward,7,22yr 7mth,Northern Bullants
Adelaide,26,Mitchell Marsh,2007-02-15,192.0,Forward,0,19yr,West Adelaide
Adelaide,42,Lachlan McAndrew,2000-05-26,209.0,Ruck,2,25yr 9mth,Sydney
Adelaide,16,Max Michalanney,2004-02-26,190.0,Defender,66,22yr,Norwood
Adelaide,30,Wayne Milera,1997-09-14,185.0,Defender,123,28yr 5mth,Central District
Adelaide,9,Nick Murray,2000-12-18,195.0,Defender,67,25yr 2mth,Allies
Adelaide,39,Toby Murray,2003-11-03,200.0,Forward,0,22yr 4mth,Adelaide SANFL
Adelaide,27,Luke Nankervis,2003-05-25,189.0,Midfield,31,22yr 9mth,Sandringham Dragons
Adelaide,28,Alex Neal-Bullen,1996-01-09,182.0,Forward,201,30yr 1mth,Glenelg
Adelaide,43,Reilly O'Brien,1995-08-20,201.0,Ruck,146,30yr 6mth,Calder Cannons
Adelaide,25,James Peatling,2000-08-21,186.0,Midfield,68,25yr 6mth,GWS Giants
Adelaide,10,Luke Pedlar,2002-05-17,183.0,Forward,39,23yr 9mth,Glenelg
Adelaide,8,Josh Rachele,2003-04-11,180.0,Forward,70,22yr 10mth,Murray Bushrangers
Adelaide,23,Izak Rankine,2000-04-23,179.0,MidfieldForward,105,25yr 10mth,West Adelaide
Adelaide,22,Oscar Ryan,2005-05-15,187.0,Defender,0,20yr 9mth,Murray Bushrangers
Adelaide,38,Lachlan Sholl,2000-03-07,186.0,Midfield,79,25yr 11mth,Calder Cannons
Adelaide,14,Jake Soligo,2003-01-25,179.0,Midfield,85,23yr 1mth,Eastern Ranges
Adelaide,19,Zac Taylor,2003-01-31,180.0,Forward,26,23yr 1mth,Calder Cannons
Adelaide,7,Riley Thilthorpe,2002-07-07,201.0,Forward,78,23yr 7mth,West Adelaide Fc
Adelaide,13,Taylor Walker,1990-04-25,192.0,Forward,301,35yr 10mth,Broken Hill North
Adelaide,17,Tyler Welsh,2006-08-15,191.0,Forward,0,19yr 6mth,Woodville-West Torrens
Adelaide,24,Josh Worrell,2001-04-11,195.0,Defender,55,24yr 10mth,Sandringham Dragons
Brisbane,4,Oscar Allen,1999-03-19,196.0,Forward,105,26yr 11mth,West Perth
Brisbane,31,Harris Andrews,1996-12-11,200.0,Defender,239,29yr 2mth,Aspley
Brisbane,14,Daniel Annable,2007-04-05,184.0,Midfield,0,18yr 10mth,Brisbane Lions Academy
Brisbane,43,Noah Answerth,1999-08-06,182.0,Defender,88,26yr 6mth,Oakleigh Chargers
Brisbane,10,Levi Ashcroft,2006-12-18,179.0,Midfield,27,19yr 2mth,Sandringham Dragons
Brisbane,8,Will Ashcroft,2004-05-06,182.0,Midfield,58,21yr 9mth,Sandringham Dragons
Brisbane,33,Zac Bailey,1999-09-23,181.0,MidfieldForward,166,26yr 5mth,Norwood
Brisbane,17,Luke Beecken,2001-04-18,185.0,Midfield,1,24yr 10mth,Woodville-West Torrens
Brisbane,7,Jarrod Berry,1998-02-05,193.0,Midfield,184,28yr,North Ballarat Rebels
Brisbane,34,Shadeau Brain,2004-02-13,183.0,Defender,9,22yr,Noosa
Brisbane,23,Charlie Cameron,1994-07-05,180.0,Forward,254,31yr 7mth,Swan Districts
Brisbane,18,Keidean Coleman,2000-03-31,182.0,Defender,66,25yr 11mth,Brisbane
Brisbane,37,Cody Curtin,2007-05-18,200.0,Forward,0,18yr 9mth,Claremont
Brisbane,12,Tom Doedee,1997-03-01,190.0,Defender,83,29yr,Geelong Falcons
Brisbane,2,Sam Draper,1998-09-28,205.0,ForwardRuck,78,27yr 5mth,South Adelaide
Brisbane,5,Josh Dunkley,1997-01-09,191.0,Midfield,194,29yr 1mth,Gippsland Power
Brisbane,24,Koby Evans,2007-09-08,187.0,Midfield,0,18yr 5mth,Perth
Brisbane,3,Jaspa Fletcher,2004-02-24,184.0,Defender,68,22yr,Brisbane Lions
Brisbane,32,Darcy Fort,1993-08-06,204.0,Ruck,57,32yr 6mth,Central District
Brisbane,22,Ty Gallop,2006-02-09,194.0,Forward,6,20yr,Maroochydore
Brisbane,27,Darcy Gardiner,1995-09-22,192.0,Defender,183,30yr 5mth,Geelong Falcons
Brisbane,42,Tai Hayes,2004-11-18,190.0,MidfieldForward,0,21yr 3mth,Southport Sharks
Brisbane,30,Eric Hipwood,1997-09-13,204.0,Forward,199,28yr 5mth,Aspley
Brisbane,41,Darragh Joyce,1997-04-23,195.0,Defender,24,28yr 10mth,Kilkenny
Brisbane,35,Ryan Lester,1992-08-26,190.0,Defender,233,33yr 6mth,Oakleigh Chargers
Brisbane,19,Luke Lloyd,2005-08-08,193.0,Forward,0,20yr 6mth,Sandringham Dragons
Brisbane,1,Kai Lohmann,2003-05-06,185.0,Forward,53,22yr 9mth,GWV Rebels
Brisbane,20,Sam Marshall,2006-01-19,185.0,Midfield,11,20yr 1mth,Sandringham Dragons
Brisbane,11,Lincoln McCarthy,1993-10-22,176.0,Forward,151,32yr 4mth,Glenelg
Brisbane,6,Hugh McCluggage,1998-03-03,187.0,Midfield,209,28yr,North Ballarat Rebels
Brisbane,26,Conor McKenna,1996-03-28,184.0,Forward,128,29yr 11mth,"Eglish, Tyrone"
Brisbane,28,Will McLachlan,2005-04-13,185.0,Forward,6,20yr 10mth,Geelong Falcons
Brisbane,13,Logan Morris,2005-05-10,191.0,Forward,45,20yr 9mth,Western Jets
Brisbane,39,Ben Murphy,,191.0,Defender,0,,Kerry GAA
Brisbane,9,Lachie Neale,1993-05-24,177.0,Midfield,294,32yr 9mth,Glenelg
Brisbane,40,Jack Payne,1999-10-15,196.0,Defender,81,26yr 4mth,Lions Academy
Brisbane,16,Cameron Rayner,1999-10-21,187.0,Forward,167,26yr 4mth,Western Jets
Brisbane,38,Bruce Reville,2001-02-22,185.0,Midfield,25,25yr,Coates Talent League Boys
Brisbane,25,Henry Smith,2002-09-24,202.0,Forward,6,23yr 5mth,Woodville-west Torrens
Brisbane,36,Reece Torrent,2005-08-03,184.0,Midfield,0,20yr 7mth,Peel Thunder
Brisbane,29,James Tunstill,2003-07-18,187.0,Midfield,12,22yr 7mth,East Perth
Brisbane,44,Darcy Wilmot,2003-12-31,183.0,Defender,83,22yr 2mth,Northern Knights
Brisbane,21,Zane Zakostelsky,2005-12-14,196.0,DefenderRuck,0,20yr 2mth,Claremont
Brisbane,15,Dayne Zorko,1989-02-09,175.0,Defender,304,37yr,Broadbeach
Carlton,13,Blake Acres,1995-10-07,193.0,Midfield,187,30yr 4mth,West Perth
Carlton,12,Ben Ainsworth,1998-02-10,178.0,Forward,158,28yr,Gippsland Power
Carlton,37,Jordan Boyd,1998-09-22,182.0,Defender,38,27yr 5mth,Footscray
Carlton,39,Talor Byrne,2007-11-14,174.0,MidfieldForward,0,18yr 3mth,GWV Rebels
Carlton,16,Ben Camporeale,2006-07-21,186.0,Midfield,0,19yr 7mth,Glenelg
Carlton,21,Lucas Camporeale,2006-07-21,184.0,Midfield,3,19yr 7mth,Glenelg
Carlton,32,Matt Carroll,2005-11-28,188.0,Defender,17,20yr 3mth,Sandringham Dragons
Carlton,5,Adam Cerra,1999-10-07,188.0,Midfield,148,26yr 4mth,Eastern Ranges
Carlton,28,Harry Charleson,2006-06-26,183.0,DefenderMidfield,0,19yr 8mth,Greater Western Victoria Rebels
Carlton,31,Campbell Chesser,2003-04-27,186.0,Midfield,36,22yr 10mth,Sandringham Dragons
Carlton,46,Matt Cottrell,2000-02-29,184.0,MidfieldForward,74,26yr,Dandenong Stingrays
Carlton,2,Lachlan Cowan,2004-12-01,188.0,Defender,38,21yr 3mth,Tasmania Devils
Carlton,9,Patrick Cripps,1995-03-18,195.0,Midfield,230,30yr 11mth,East Fremantle
Carlton,35,Harry Dean,2007-11-13,194.0,Defender,0,18yr 3mth,Murray Bushrangers
Carlton,47,Wade Derksen,2001-06-18,194.0,Defender,0,24yr 8mth,Peel Thunder
Carlton,41,Matt Duffy,2004-01-02,194.0,Defender,0,22yr 2mth,Longford GAA
Carlton,44,Francis Evans,2001-08-23,182.0,Forward,44,24yr 6mth,Calder Cannons
Carlton,14,Oliver Florent,1998-07-22,184.0,Midfield,184,27yr 7mth,Sandringham Dragons
Carlton,8,Lachlan Fogarty,1999-04-01,180.0,Forward,90,26yr 11mth,Western Jets
Carlton,26,Nick Haynes,1992-05-18,192.0,Defender,234,33yr 9mth,Dandenong Stingrays
Carlton,19,Will Hayward,1998-10-26,186.0,Forward,184,27yr 4mth,North Adelaide
Carlton,29,George Hewett,1995-12-29,187.0,Midfield,202,30yr 2mth,North Adelaide
Carlton,20,Elijah Hollands,2002-04-25,189.0,Forward,41,23yr 10mth,Murray Bushrangers
Carlton,4,Oliver Hollands,2004-01-16,184.0,Defender,65,22yr 1mth,Murray Bushrangers
Carlton,30,Jack Ison,2007-03-26,192.0,Midfield,0,18yr 11mth,Oakleigh Chargers
Carlton,17,Brodie Kemp,2001-05-01,192.0,Forward,49,24yr 10mth,Bendigo Pioneers
Carlton,36,Cooper Lord,2005-03-20,184.0,Midfield,23,20yr 11mth,North Melbourne
Carlton,11,Mitch McGovern,1994-10-11,190.0,Defender,145,31yr 4mth,Claremont
Carlton,10,Harry McKay,1997-12-24,200.0,Forward,140,28yr 2mth,Gippsland Power
Carlton,43,Ashton Moir,2005-04-15,188.0,Forward,11,20yr 10mth,Glenelg
Carlton,34,Rob Monahan,2004-06-29,194.0,Forward,0,21yr 8mth,Kerry
Carlton,3,Jesse Motlop,2003-11-23,180.0,Forward,63,22yr 3mth,South Fremantle
Carlton,24,Nic Newman,1993-01-15,186.0,Defender,134,33yr 1mth,Frankston
Carlton,22,Harry O'Farrell,2006-05-03,196.0,Defender,6,19yr 10mth,Calder Cannons
Carlton,40,Hudson O'Keeffe,2004-12-16,202.0,Forward,5,21yr 2mth,Oakleigh Chargers
Carlton,27,Marc Pittonet,1996-06-03,202.0,Ruck,80,29yr 9mth,Oakleigh Chargers
Carlton,25,Liam Reidy,2000-06-14,204.0,ForwardRuck,3,25yr 8mth,Frankston Dolphins
Carlton,42,Adam Saad,1994-07-23,178.0,Defender,216,31yr 7mth,Coburg
Carlton,7,Jagga Smith,2006-01-28,182.0,Midfield,0,20yr 1mth,Oakleigh Chargers
Carlton,18,Sam Walsh,2000-07-02,184.0,Midfield,133,25yr 8mth,Geelong Falcons
Carlton,23,Jacob Weitering,1997-11-23,195.0,Defender,204,28yr 3mth,Mount Eliza Football Club
Carlton,6,Zachary Williams,1994-09-20,186.0,Forward,174,31yr 5mth,Narrandera
Carlton,15,Billy Wilson,2005-06-16,183.0,Defender,4,20yr 8mth,Dandenong Stringrays
Carlton,45,Flynn Young,2002-02-03,181.0,Forward,8,24yr 1mth,Werribee
Carlton,33,Lewis Young,1998-12-20,202.0,Defender,80,27yr 2mth,Sturt
Collingwood,16,Edward Allan,2004-05-26,194.0,Midfield,15,21yr 9mth,Claremont
Collingwood,41,Angus Anderson,2003-05-25,193.0,Midfield,0,22yr 9mth,Sturt
Collingwood,34,Jack Buller,2001-05-16,199.0,Forward,10,24yr 9mth,Claremont
Collingwood,14,Darcy Cameron,1995-07-18,204.0,Ruck,120,30yr 7mth,Claremont
Collingwood,27,Joel Cochran,2006-03-28,195.0,Defender,0,19yr 11mth,UNSW-Eastern Suburbs
Collingwood,25,Jack Crisp,1993-10-02,190.0,Midfield,274,32yr 5mth,Murray Bushrangers
Collingwood,7,Josh Daicos,1998-11-26,178.0,Defender,151,27yr 3mth,Oakleigh Chargers
Collingwood,35,Nick Daicos,2003-01-03,184.0,Midfield,95,23yr 2mth,Oakleigh Chargers
Collingwood,2,Jordan De Goey,1996-03-15,188.0,MidfieldForward,182,29yr 11mth,Oakleigh Chargers
Collingwood,13,Harry Demattia,2005-09-11,186.0,Midfield,0,20yr 5mth,Dandenong Stingrays
Collingwood,5,Jamie Elliott,1992-08-21,178.0,Forward,219,33yr 6mth,Murray Bushrangers
Collingwood,17,Billy Frampton,1996-11-20,201.0,Defender,74,29yr 3mth,South Fremantle
Collingwood,36,Harvey Harrison,2003-11-10,181.0,Forward,16,22yr 3mth,North Adelaide
Collingwood,39,Will Hayes,2006-05-16,180.0,Forward,2,19yr 9mth,Claremont
Collingwood,23,Bobby Hill,2000-02-09,175.0,Forward,102,26yr,Perth
Collingwood,9,Dan Houston,1997-05-12,186.0,Defender,189,28yr 9mth,Oakleigh Chargers
Collingwood,38,Jeremy Howe,1990-06-29,190.0,Defender,271,35yr 8mth,Hobart
Collingwood,40,Noah Howes,2005-10-28,196.0,Forward,0,20yr 4mth,South Adelaide
Collingwood,19,Tew Jiath,2005-03-02,188.0,Defender,1,21yr,Gippsland Power
Collingwood,1,Patrick Lipinski,1998-07-17,190.0,MidfieldForward,141,27yr 7mth,Northern Knights
Collingwood,44,Ned Long,2003-02-05,194.0,Midfield,37,23yr,Northern Knights
Collingwood,4,Brayden Maynard,1996-09-20,189.0,Defender,229,29yr 5mth,Sandringham Dragons
Collingwood,37,Zac McCarthy,2007-10-27,199.0,ForwardRuck,0,18yr 4mth,Oakleigh Chargers
Collingwood,31,Beau McCreery,2001-04-19,186.0,Forward,96,24yr 10mth,South Adelaide
Collingwood,26,Reef McInnes,2002-12-12,194.0,Defender,23,23yr 2mth,Oakleigh Chargers
Collingwood,11,Daniel McStay,1995-06-24,195.0,Forward,198,30yr 8mth,Eastern Ranges
Collingwood,28,Tim Membrey,1994-05-26,188.0,Forward,202,31yr 9mth,Gippsland Power
Collingwood,30,Darcy Moore,1996-01-25,203.0,Defender,195,30yr 1mth,Oakleigh Chargers
Collingwood,15,Wil Parker,2002-05-29,183.0,Defender,9,23yr 9mth,Eastern Ranges
Collingwood,10,Scott Pendlebury,1988-01-07,191.0,Midfield,425,38yr 1mth,Gippsland Power
Collingwood,12,Harry Perryman,1998-12-19,187.0,Defender,154,27yr 2mth,Collingullie
Collingwood,18,Tyan Prindable,2007-01-25,182.0,Midfield,0,19yr 1mth,Brisbane Lions Academy
Collingwood,3,Isaac Quaynor,2000-01-15,180.0,Defender,133,26yr 1mth,Oakleigh Chargers
Collingwood,24,Jakob Ryan,2004-09-20,189.0,Defender,1,21yr 5mth,Glenelg
Collingwood,43,Jai Saxena,2007-07-27,179.0,Forward,0,18yr 7mth,Oakleigh Chargers
Collingwood,8,Lachlan Schultz,1997-11-30,178.0,Forward,126,28yr 3mth,Williamstown
Collingwood,22,Steele Sidebottom,1991-01-02,184.0,Midfield,354,35yr 2mth,Murray Bushrangers
Collingwood,20,Iliro Smit,2005-08-09,200.0,Ruck,0,20yr 6mth,Eastern Ranges
Collingwood,45,Roan Steele,2001-10-22,183.0,Midfield,5,24yr 4mth,West Perth
Collingwood,21,Oscar Steene,2003-08-23,201.0,ForwardRuck,0,22yr 6mth,West Adelaide
Collingwood,33,Lachie Sullivan,1997-09-25,180.0,Forward,24,28yr 5mth,Footscray
Collingwood,32,Samuel Swadling,2007-01-16,189.0,Midfield,0,19yr 1mth,West Perth
Collingwood,29,Charlie West,2006-02-01,194.0,Forward,1,20yr 1mth,Woodville-West Torrens
Essendon,46,Lachlan Blakiston,1998-09-09,203.0,Defender,11,27yr 5mth,East Fremantle
Essendon,39,Cillian Bourke,2006-06-07,190.0,Defender,0,19yr 8mth,County Offaly
Essendon,24,Nick Bryan,2001-10-22,203.0,Ruck,23,24yr 4mth,Oakleigh Chargers
Essendon,30,Nate Caddy,2005-07-14,193.0,Forward,27,20yr 7mth,Northern Knights
Essendon,6,Jye Caldwell,2000-09-28,183.0,Midfield,89,25yr 5mth,Bendigo Pioneers
Essendon,36,Angus Clarke,2006-05-08,188.0,DefenderMidfield,14,19yr 9mth,Glenelg
Essendon,13,Nikolas Cox,2002-01-15,200.0,Midfield,53,24yr 1mth,Northern Knights
Essendon,44,Archer Day-Wicks,2006-05-13,186.0,Forward,5,19yr 9mth,Bendigo Pioneers
Essendon,22,Sam Durham,2001-07-09,185.0,Midfield,91,24yr 7mth,Richmond
Essendon,28,Xavier Duursma,2000-07-07,186.0,Midfield,110,25yr 7mth,Gippsland Power
Essendon,45,Tom Edwards,2000-05-20,191.0,Forward,2,25yr 9mth,Swan Districts
Essendon,33,Hussien El Achkar,2007-04-02,171.0,Forward,0,18yr 11mth,Calder Cannons
Essendon,41,Saad El-Hawli,2001-05-15,184.0,Midfield,9,24yr 9mth,Northern Bullants
Essendon,2,Jacob Farrow,2007-09-21,188.0,DefenderMidfield,0,18yr 5mth,West Perth
Essendon,8,Brayden Fiorini,1997-08-22,187.0,Midfield,123,28yr 6mth,Northern Knights
Essendon,19,Kayle Gerreyn,2006-05-10,199.0,Ruck,0,19yr 9mth,West Perth
Essendon,11,Jade Gresham,1997-08-24,177.0,Forward,177,28yr 6mth,Northern Knights
Essendon,35,Matt Guelfi,1997-08-14,184.0,Forward,121,28yr 6mth,Claremont
Essendon,18,Lewis Hayes,2004-12-17,199.0,Defender,1,21yr 2mth,Eastern Ranges
Essendon,40,Zak Johnson,2006-12-24,185.0,Defender,9,19yr 2mth,Northern Knights
Essendon,23,Harrison Jones,2001-02-25,196.0,MidfieldForward,59,25yr,Calder Cannons
Essendon,10,Isaac Kako,2006-03-07,175.0,Forward,23,19yr 11mth,Calder Cannons
Essendon,29,Max Kondogiannis,2007-11-14,191.0,Defender,0,18yr 3mth,Oakleigh Chargers
Essendon,4,Kyle Langford,1996-12-01,192.0,Forward,162,29yr 3mth,Northern Knights
Essendon,37,Nicholas Martin,2001-04-03,192.0,MidfieldForward,83,24yr 11mth,Colts
Essendon,26,Archie May,2004-08-27,198.0,Forward,7,21yr 6mth,Subiaco
Essendon,1,Andrew McGrath,1998-06-02,180.0,Defender,180,27yr 9mth,Sandringham Dragons
Essendon,32,Ben McKay,1997-12-24,202.0,Defender,104,28yr 2mth,Gippsland Power
Essendon,48,Liam McMahon,2002-05-02,197.0,Forward,7,23yr 10mth,Northern Knights
Essendon,7,Zachary Merrett,1995-10-03,179.0,Midfield,251,30yr 5mth,Sandringham Dragons
Essendon,42,Jayden Nguyen,2006-07-27,178.0,Defender,5,19yr 7mth,Calder Cannons
Essendon,3,Darcy Parish,1997-07-25,180.0,Midfield,165,28yr 7mth,Geelong Falcons
Essendon,16,Archie Perkins,2002-03-26,188.0,Forward,101,23yr 11mth,Sandringham Dragons
Essendon,25,Jaxon Prior,2001-06-04,189.0,Defender,62,24yr 8mth,West Perth
Essendon,27,Mason Redman,1997-08-26,187.0,Defender,143,28yr 6mth,Glenelg
Essendon,31,Zach Reid,2002-03-02,202.0,Defender,19,24yr,Gippsland Power
Essendon,14,Jordan Ridley,1998-10-20,195.0,Defender,104,27yr 4mth,Oakleigh Chargers
Essendon,21,Archie Roberts,2005-11-18,184.0,Defender,27,20yr 3mth,Sandringham Dragons
Essendon,9,Sullivan Robey,2007-10-04,192.0,MidfieldForward,0,18yr 4mth,Eastern Ranges
Essendon,12,Will Setterfield,1998-02-05,192.0,Midfield,84,28yr,Sandringham Dragons
Essendon,15,Dyson Sharp,2007-05-23,187.0,Midfield,0,18yr 9mth,Central District
Essendon,5,Elijah Tsatas,2004-10-18,187.0,Midfield,16,21yr 4mth,Oakleigh Chargers
Essendon,38,Rhys Unwin,2006-10-11,179.0,Forward,3,19yr 4mth,Greater Western Victoria Rebels
Essendon,17,Vigo Visentini,2005-09-05,203.0,Ruck,2,20yr 5mth,Sandringham Dragons
Essendon,20,Peter Wright,1996-09-08,203.0,Forward,152,29yr 5mth,Calder Cannons
Fremantle,24,Jye Amiss,2003-07-31,196.0,Forward,71,22yr 7mth,East Perth
Fremantle,41,Bailey Banfield,1998-02-26,190.0,Defender,118,28yr,Claremont
Fremantle,10,Shai Bolton,1998-12-08,176.0,MidfieldForward,158,27yr 2mth,South Fremantle
Fremantle,8,Andrew Brayshaw,1999-11-08,185.0,Midfield,170,26yr 3mth,Sandringham Dragons
Fremantle,38,Jaren Carr,2004-01-27,191.0,Forward,0,22yr 1mth,South Fremantle
Fremantle,5,Heath Chapman,2002-01-31,193.0,Defender,65,24yr 1mth,West Perth
Fremantle,6,Jordan Clark,2000-10-16,185.0,Defender,126,25yr 4mth,Claremont
Fremantle,36,Brennan Cox,1998-08-13,195.0,Defender,135,27yr 6mth,Woodville-West Torrens
Fremantle,18,Mason Cox,1991-03-14,211.0,ForwardRuck,139,34yr 11mth,Oklahoma State
Fremantle,4,Sean Darcy,1998-06-12,203.0,Ruck,127,27yr 8mth,Geelong Falcons
Fremantle,12,Hugh Davies,2004-09-28,196.0,Defender,2,21yr 5mth,Claremont
Fremantle,37,Josh Draper,2004-02-08,197.0,Defender,31,22yr,Peel Thunder
Fremantle,43,Isaiah Dudley,2003-04-30,171.0,Forward,16,22yr 10mth,Central District
Fremantle,28,Neil Erasmus,2003-12-02,190.0,Midfield,39,22yr 3mth,Subiaco
Fremantle,32,Michael Frederick,2000-05-17,183.0,Forward,102,25yr 9mth,Eagles
Fremantle,9,Luke Jackson,2001-09-29,199.0,Ruck,119,24yr 5mth,East Fremantle
Fremantle,44,Matt Johnson,2003-03-16,193.0,Midfield,55,22yr 11mth,Subiaco
Fremantle,19,Leon Kickett,2000-01-01,,MidfieldForward,0,26yr 2mth,Swan Districts
Fremantle,40,Ryda Luke,2007-09-19,185.0,Forward,0,18yr 5mth,South Fremantle
Fremantle,21,Oscar McDonald,1996-03-18,196.0,Defender,94,29yr 11mth,North Ballarat Rebels
Fremantle,17,Judd McVee,2003-08-07,185.0,Defender,65,22yr 6mth,East Fremantle
Fremantle,33,Ollie Murphy,2005-09-16,200.0,Defender,0,20yr 5mth,Sandringham Dragons
Fremantle,11,Tobyn Murray,2005-05-05,180.0,Forward,0,20yr 9mth,Geelong Cats
Fremantle,22,Charlie Nicholls,2006-06-08,197.0,Forward,0,19yr 8mth,Central District
Fremantle,30,Nathan O'Driscoll,2002-05-17,188.0,Midfield,38,23yr 9mth,Perth
Fremantle,2,Jaeger O'Meara,1994-02-23,184.0,Midfield,200,32yr,Perth Demons
Fremantle,25,Alex Pearce,1995-06-09,201.0,Defender,138,30yr 8mth,Devonport
Fremantle,16,Murphy Reid,2006-07-30,181.0,Forward,24,19yr 7mth,Sandringham Dragons
Fremantle,42,Aiden Riddle,2005-12-27,200.0,Ruck,0,20yr 2mth,Claremont
Fremantle,13,Luke Ryan,1996-02-06,186.0,Defender,179,30yr,Coburg
Fremantle,45,Chris Scerri,2003-07-06,177.0,MidfieldForward,0,22yr 7mth,Northern Bullants
Fremantle,3,Caleb Serong,2001-02-09,180.0,Midfield,127,25yr,Gippsland Power
Fremantle,14,Jeremy Sharp,2001-08-13,189.0,Midfield,60,24yr 6mth,East Fremantle
Fremantle,29,Cooper Simpson,2005-02-13,182.0,Defender,5,21yr,Dandenong Stringrays
Fremantle,1,Sam Sturt,2000-05-12,190.0,Forward,31,25yr 9mth,Dandenong Stingrays
Fremantle,15,Adam Sweid,2007-09-14,176.0,Midfield,0,18yr 5mth,Calder Cannons
Fremantle,39,Sam Switkowski,1996-11-20,179.0,Forward,105,29yr 3mth,Box Hill Hawks
Fremantle,35,Josh Treacy,2002-08-04,195.0,Forward,80,23yr 6mth,Bendigo Pioneers
Fremantle,20,Patrick Voss,2003-06-29,195.0,Forward,27,22yr 8mth,Giants Academy
Fremantle,34,Corey Wagner,1997-03-23,181.0,Midfield,57,28yr 11mth,Aspley
Fremantle,31,Brandon Walker,2002-10-17,186.0,Defender,66,23yr 4mth,East Fremantle
Fremantle,27,Toby Whan,2007-05-09,184.0,Midfield,0,18yr 9mth,South Fremantle
Fremantle,23,Karl Worner,2002-06-16,188.0,Defender,31,23yr 8mth,Oakleigh Chargers
Fremantle,26,Hayden Young,2001-04-11,189.0,Midfield,89,24yr 10mth,Dandenong Stingrays
Geelong,30,Tom Atkins,1995-09-18,180.0,Midfield,153,30yr 5mth,Geelong
Geelong,26,Harley Barker,2007-05-02,188.0,Midfield,0,18yr 10mth,Sturt
Geelong,24,Jed Bews,1993-12-14,186.0,Defender,175,32yr 2mth,Geelong Falcons
Geelong,46,Mark Blicavs,1991-03-28,198.0,Ruck,295,34yr 11mth,Geelong Vfl
Geelong,12,Jack Bowes,1998-01-26,189.0,Midfield,143,28yr 1mth,Cairns
Geelong,4,Tanner Bruhn,2002-05-27,184.0,Midfield,66,23yr 9mth,Geelong Falcons
Geelong,41,Cillian Burke,2003-03-29,192.0,Defender,0,22yr 11mth,Kerry GAA
Geelong,5,Jeremy Cameron,1993-04-01,196.0,Forward,280,32yr 11mth,Dartmoor
Geelong,13,Jhye Clark,2004-07-23,181.0,Midfield,26,21yr 7mth,Geelong Falcons
Geelong,45,Bradley Close,1998-07-30,183.0,Forward,127,27yr 7mth,Glenelg
Geelong,6,Toby Conway,2003-04-24,206.0,Ruck,6,22yr 10mth,Geelong Falcons
Geelong,35,Patrick Dangerfield,1990-04-05,189.0,Forward,360,35yr 10mth,Geelong Falcons
Geelong,16,Sam De Koning,2001-02-26,204.0,Defender,85,25yr,Dandenong Stingrays
Geelong,28,Ollie Dempsey,2003-01-07,187.0,Midfield,58,23yr 1mth,Carey Grammar
Geelong,27,Nick Driscoll,2000-01-01,,Midfield,0,26yr 2mth,Northern Knights
Geelong,11,Mitchell Edwards,2005-06-02,206.0,Ruck,0,20yr 9mth,Peel Thunder
Geelong,39,Zach Guthrie,1998-06-30,188.0,Defender,128,27yr 8mth,Calder Cannons
Geelong,38,Jack Henry,1998-08-29,192.0,Defender,164,27yr 6mth,Geelong Falcons
Geelong,36,Oliver Henry,2002-07-29,189.0,Forward,85,23yr 7mth,Geelong Falcons
Geelong,23,Lennox Hoffman,2006-08-08,191.0,Defender,0,19yr 6mth,Sandringham Dragons
Geelong,22,Hunter Holmes,2007-02-19,188.0,Midfield,0,19yr,Oakleigh Chargers
Geelong,9,Max Holmes,2002-08-29,190.0,Midfield,102,23yr 6mth,Sandringham Dragons
Geelong,17,Lawson Humphries,2003-04-24,182.0,Defender,36,22yr 10mth,Swan Districts
Geelong,10,Mitchell Knevitt,2003-01-08,193.0,Midfield,21,23yr 1mth,Geelong Falcons
Geelong,8,Jake Kolodjashnij,1995-08-09,193.0,Defender,198,30yr 6mth,Launceston
Geelong,7,Shaun Mannagh,1997-08-06,178.0,Forward,35,28yr 6mth,Werribee
Geelong,19,Jack Martin,1995-01-29,186.0,Forward,164,31yr 1mth,Geraldton
Geelong,31,Keighton Matofai-Forbes,2006-02-02,188.0,DefenderForward,0,20yr 1mth,Western Jets
Geelong,25,Jesse Mellor,2007-01-04,185.0,Forward,0,19yr 1mth,Geelong Falcons
Geelong,32,Gryan Miers,1999-03-30,179.0,Forward,155,26yr 11mth,Geelong Falcons
Geelong,20,Jacob Molier,2006-10-11,201.0,Ruck,0,19yr 4mth,Sturt
Geelong,34,Oisin Mullin,2000-02-11,182.0,DefenderMidfield,43,26yr,Mayo
Geelong,33,Shannon Neale,2002-07-25,203.0,Forward,45,23yr 7mth,South Fremantle
Geelong,42,Mark O'Connor,1997-01-17,189.0,Defender,147,29yr 1mth,Ireland
Geelong,14,Connor O'Sullivan,2005-05-19,198.0,Defender,26,20yr 9mth,Murray Bushrangers
Geelong,37,Joe Pike,2005-05-17,203.0,Ruck,0,20yr 9mth,Geelong Falcons
Geelong,2,Jay Polkinghorne,2006-06-02,191.0,Forward,0,19yr 9mth,Norwood
Geelong,3,Bailey Smith,2000-12-07,185.0,Midfield,126,25yr 2mth,Sandringham Dragons
Geelong,1,Rhys Stanley,1990-12-01,200.0,Ruck,229,35yr 3mth,West Adelaide
Geelong,18,Tyson Stengle,1998-10-19,175.0,Forward,109,27yr 4mth,Woodville West Torrens
Geelong,15,George Stevens,2005-04-14,189.0,Midfield,2,20yr 10mth,Greater Western Victoria Rebels
Geelong,44,Thomas Stewart,1993-03-15,190.0,Defender,191,32yr 11mth,Geelong Vfl
Geelong,21,Oliver Wiltshire,2002-09-15,180.0,Forward,2,23yr 5mth,Barwon Heads
Geelong,29,James Worpel,1999-01-24,186.0,Midfield,148,27yr 1mth,Geelong Falcons
Gold Coast,48,Oscar Adams,2003-07-23,197.0,Defender,8,22yr 7mth,Glenelg
Gold Coast,38,Beau Addinsall,2007-03-09,182.0,Midfield,0,18yr 11mth,Gold Coast Suns Academy
Gold Coast,15,Noah Anderson,2001-02-17,192.0,Midfield,129,25yr,Oakleigh Chargers
Gold Coast,1,Mac Andrew,2003-12-04,202.0,Defender,65,22yr 2mth,Dandenong Stingrays
Gold Coast,10,Charlie Ballard,1999-07-23,196.0,Defender,134,26yr 7mth,Sturt
Gold Coast,31,Cooper Bell,2006-11-30,199.0,DefenderForward,0,19yr 3mth,Belconnen
Gold Coast,33,Sam Clohesy,2002-12-12,189.0,Midfield,34,23yr 2mth,Werribee
Gold Coast,25,Samuel Collins,1994-06-15,194.0,Defender,149,31yr 8mth,Box Hill Hawks
Gold Coast,43,Koby Coulson,2007-07-31,180.0,Midfield,0,18yr 7mth,Gold Coast Suns Academy
Gold Coast,5,Alex Davies,2002-03-18,193.0,Midfield,40,23yr 11mth,Suns Academy
Gold Coast,42,Asher Eastham,2006-05-13,190.0,Forward,0,19yr 9mth,Gippsland Power
Gold Coast,36,Zak Evans,2000-03-26,190.0,Midfield,0,25yr 11mth,Melbourne Renegades
Gold Coast,50,Jy Farrar,1996-12-07,190.0,Forward,42,29yr 2mth,Scotch OC
Gold Coast,46,Caleb Graham,2000-09-12,194.0,Defender,37,25yr 5mth,Gold Coast Academy
Gold Coast,26,Will Graham,2005-07-27,186.0,Forward,25,20yr 7mth,Palm Beach Currumbin AFC
Gold Coast,39,Lachlan Gulbin,2006-11-24,187.0,Forward,1,19yr 3mth,Broadbeach
Gold Coast,12,Elliott Himmelberg,1998-06-04,196.0,Forward,50,27yr 8mth,Redlands
Gold Coast,7,Nicholas Holman,1995-05-29,188.0,MidfieldForward,147,30yr 9mth,Central District
Gold Coast,19,Bailey Humphrey,2004-09-11,186.0,MidfieldForward,63,21yr 5mth,Gippsland Power
Gold Coast,40,Joel Jeffrey,2002-03-12,192.0,Defender,53,23yr 11mth,Suns Academy
Gold Coast,44,Ben Jepson,2001-10-10,184.0,Midfield,1,24yr 4mth,Coburg
Gold Coast,34,Ben King,2000-07-07,202.0,Forward,120,25yr 7mth,Sandringham Dragons
Gold Coast,37,Max Knobel,2004-06-27,206.0,Ruck,0,21yr 8mth,Gippsland Power
Gold Coast,45,Caleb Lewis,2003-09-29,198.0,Forward,0,22yr 5mth,Casey
Gold Coast,8,Leo Lombard,2006-10-05,179.0,Forward,4,19yr 4mth,Broadbeach
Gold Coast,22,Ben Long,1997-08-21,186.0,Forward,135,28yr 6mth,Nt Thunder
Gold Coast,11,Touk Miller,1996-02-22,178.0,Midfield,214,30yr,Calder Cannons
Gold Coast,23,Ned Moyle,2002-02-15,206.0,Ruck,13,24yr,Oakleigh Chargers
Gold Coast,35,Jai Murray,2007-03-09,185.0,Midfield,0,18yr 11mth,Gold Coast Suns Academy
Gold Coast,2,John Noble,1997-03-25,180.0,Defender,137,28yr 11mth,West Adelaide
Gold Coast,30,Dylan Patterson,2007-09-01,184.0,Defender,0,18yr 6mth,Gold Coast Suns Academy
Gold Coast,3,Christian Petracca,1996-01-04,187.0,MidfieldForward,212,30yr 1mth,Eastern Ranges
Gold Coast,27,Wil Powell,1999-08-26,188.0,Defender,130,26yr 6mth,Claremont
Gold Coast,20,Ethan Read,2005-07-07,202.0,Forward,25,20yr 7mth,Palm Beach Currumbin AFC
Gold Coast,17,Daniel Rioli,1997-04-16,179.0,Defender,203,28yr 10mth,North Ballarat Rebels
Gold Coast,29,Jake Rogers,2005-03-02,172.0,Forward,18,21yr,Broadbeach AFC
Gold Coast,18,Matt Rowell,2001-07-01,180.0,Midfield,110,24yr 8mth,Oakleigh Chargers
Gold Coast,41,Avery Thomas,2007-09-20,185.0,Defender,0,18yr 5mth,Tasmania Devils
Gold Coast,9,Jamarra Ugle-Hagan,2002-04-04,197.0,Forward,67,23yr 10mth,Oakleigh Chargers
Gold Coast,6,Bodhi Uwland,2003-07-25,188.0,Defender,49,22yr 7mth,Allies
Gold Coast,32,Zeke Uwland,2007-04-24,179.0,DefenderMidfield,0,18yr 10mth,Gold Coast Suns Academy
Gold Coast,4,Jed Walter,2005-06-08,195.0,Forward,30,20yr 8mth,Palm Beach Currumbin AFC
Gold Coast,14,Lachlan Weller,1996-02-23,182.0,Midfield,161,30yr,Southport
Gold Coast,28,Jarrod Witts,1992-09-13,209.0,Ruck,205,33yr 5mth,Sydney University
GWS Giants,21,Leek Aleer,2001-08-21,194.0,Defender,25,24yr 6mth,Central District
GWS Giants,29,Cody Angove,2006-05-28,182.0,Forward,4,19yr 9mth,Claremont
GWS Giants,9,Ryan Angwin,2002-12-12,185.0,Midfield,30,23yr 2mth,Gippsland Power
GWS Giants,7,Lachlan Ash,2001-06-21,188.0,Defender,125,24yr 8mth,Murray Bushrangers
GWS Giants,14,Toby Bedford,2000-05-27,179.0,MidfieldForward,83,25yr 9mth,Dandenong Stingrays
GWS Giants,32,Kieren Briggs,1999-10-06,201.0,Ruck,70,26yr 4mth,Pennant Hills
GWS Giants,46,Callum Brown,2000-08-15,188.0,Forward,64,25yr 6mth,County Derry
GWS Giants,44,Jack Buckley,1997-12-17,195.0,Defender,85,28yr 2mth,Swans Academy
GWS Giants,5,Aaron Cadman,2004-03-03,195.0,Forward,59,22yr,Greater Western Victoria Rebels
GWS Giants,17,Finn Callaghan,2003-04-26,192.0,Midfield,71,22yr 10mth,Sandringham Dragons
GWS Giants,3,Stephen Coniglio,1993-12-15,182.0,Midfield,227,32yr 2mth,Swan Districts
GWS Giants,16,Brent Daniels,1999-03-09,172.0,Forward,112,26yr 11mth,Bendigo Pioneers
GWS Giants,45,Finnegan Davis,2007-01-21,188.0,Defender,0,19yr 1mth,Western Jets
GWS Giants,38,Josaia Delana,2006-07-01,176.0,Forward,3,19yr 8mth,East Coast Eagles
GWS Giants,37,Joseph Fonti,2004-12-24,189.0,Defender,22,21yr 2mth,Claremont
GWS Giants,11,Phoenix Gothard,2005-09-07,179.0,Forward,0,20yr 5mth,Murray Bushrangers
GWS Giants,12,Tom Green,2001-01-23,192.0,Midfield,115,25yr 1mth,GWS Giants Academy
GWS Giants,4,Toby Greene,1993-09-25,182.0,Forward,261,32yr 5mth,Oakleigh Chargers
GWS Giants,35,Max Gruzewski,2004-07-21,192.0,Forward,11,21yr 7mth,Oakleigh Chargers
GWS Giants,43,Riley Hamilton,2006-08-15,189.0,MidfieldForward,0,19yr 6mth,Ainslie
GWS Giants,13,Oliver Hannaford,2006-09-01,180.0,MidfieldForward,0,19yr 6mth,Greater Western Victoria Rebels
GWS Giants,27,Harrison Himmelberg,1996-05-08,195.0,Defender,201,29yr 9mth,Mangoplah Cookardinia United Eastlakes
GWS Giants,23,Jesse Hogan,1995-02-12,196.0,Forward,181,31yr,Claremont
GWS Giants,39,Connor Idun,2000-07-29,193.0,Defender,117,25yr 7mth,Geelong Falcons
GWS Giants,2,Darcy Jones,2004-04-03,175.0,Forward,37,21yr 11mth,Swan Districts
GWS Giants,22,Joshua Kelly,1995-02-12,184.0,Midfield,230,31yr,Sandringham Dragons
GWS Giants,25,Jayden Laverde,1996-04-12,193.0,Defender,145,29yr 10mth,Western Jets
GWS Giants,30,James Leake,2005-10-02,188.0,DefenderForward,3,20yr 5mth,Tasmania Devils
GWS Giants,41,Nick Madden,2004-05-17,204.0,Ruck,3,21yr 9mth,Greater Western Sydney
GWS Giants,31,Toby McMullin,2004-08-06,183.0,Midfield,28,21yr 6mth,Sandringham Dragons
GWS Giants,33,Xavier O'Halloran,2000-07-11,187.0,Midfield,90,25yr 7mth,Western Jets
GWS Giants,10,Clayton Oliver,1997-07-22,189.0,Midfield,205,28yr 7mth,Murray Bushrangers
GWS Giants,19,Harrison Oliver,2006-06-15,181.0,Defender,0,19yr 8mth,Sandringham Dragons
GWS Giants,28,Jack Ough,2006-12-15,194.0,Midfield,0,19yr 2mth,Greater Western Victoria Rebels
GWS Giants,26,Jake Riccardi,1999-11-07,198.0,ForwardRuck,89,26yr 3mth,Werribee
GWS Giants,24,Harry Rowston,2004-08-12,182.0,Midfield,17,21yr 6mth,Griffith Swans FNC
GWS Giants,36,Logan Smith,2006-09-24,204.0,Ruck,0,19yr 5mth,Queanbeyan
GWS Giants,18,Conor Stone,2002-04-22,189.0,Defender,20,23yr 10mth,Oakleigh Chargers
GWS Giants,20,Jake Stringer,1994-04-25,192.0,Forward,227,31yr 10mth,Bendigo Pioneers
GWS Giants,34,Oskar Taylor,2007-08-01,182.0,Defender,0,18yr 7mth,Eastern Ranges
GWS Giants,15,Sam Taylor,1999-05-05,198.0,Defender,131,26yr 9mth,Swan Districts
GWS Giants,1,Harvey Thomas,2005-08-08,176.0,Forward,40,20yr 6mth,GWS Giants Academy
GWS Giants,42,Nathan Wardius,2004-10-12,181.0,Forward,0,21yr 4mth,Rand-Walbundrie-Walla
GWS Giants,6,Lachie Whitfield,1994-07-18,185.0,Defender,257,31yr 7mth,Dandenong Stingrays
Hawthorn,10,Karl Amon,1995-08-19,181.0,Defender,195,30yr 6mth,Sandringham Dragons
Hawthorn,32,Cody Anderson,2006-01-30,183.0,Midfield,0,20yr 1mth,Eastern Ranges
Hawthorn,37,Tom Barrass,1995-10-08,197.0,Defender,175,30yr 4mth,Claremont
Hawthorn,24,Josh Battle,1998-09-01,193.0,Defender,149,27yr 6mth,Dandenong Stingrays
Hawthorn,36,James Blanck,2000-11-20,196.0,Defender,24,25yr 3mth,Box Hill Hawks
Hawthorn,30,Sam Butler,2003-02-10,184.0,MidfieldForward,25,23yr,GWV Rebels
Hawthorn,18,Mabior Chol,1997-01-29,200.0,Forward,108,29yr 1mth,Aspley
Hawthorn,16,Massimo D'Ambrosio,2003-06-05,178.0,Midfield,66,22yr 8mth,Western Jets
Hawthorn,34,Jack Dalton,2007-04-05,178.0,Midfield,0,18yr 10mth,Sandringham Dragons
Hawthorn,12,Will Day,2001-06-05,191.0,Midfield,76,24yr 8mth,West Adelaide
Hawthorn,13,Calsher Dear,2005-08-04,195.0,Forward,26,20yr 6mth,Sandringham Dragons
Hawthorn,33,Jack Ginnivan,2002-12-09,185.0,Forward,90,23yr 2mth,Bendigo Pioneers
Hawthorn,35,Ollie Greeves,2007-02-07,192.0,Midfield,0,19yr,Eastern Ranges
Hawthorn,19,Jack Gunston,1991-10-16,193.0,Forward,283,34yr 4mth,Sandringham
Hawthorn,15,Blake Hardwick,1997-02-05,183.0,Defender,198,29yr,Eastern Ranges
Hawthorn,41,Matt Hill,2004-01-01,187.0,Defender,0,22yr 2mth,Melbourne Storm
Hawthorn,44,Henry Hustwaite,2004-07-20,195.0,Midfield,10,21yr 7mth,Dandenong Stingrays
Hawthorn,4,Jarman Impey,1995-07-09,178.0,Defender,221,30yr 7mth,Murray Bushrangers
Hawthorn,31,Matthew LeRay,2007-02-22,188.0,Midfield,0,19yr,Central District
Hawthorn,2,Mitchell Lewis,1998-10-14,199.0,Forward,78,27yr 4mth,Calder Cannons
Hawthorn,9,Connor MacDonald,2003-01-13,185.0,Forward,90,23yr 1mth,Dandenong Stingrays
Hawthorn,42,Bailey Macdonald,2004-08-04,182.0,Defender,8,21yr 6mth,Oakleigh Chargers
Hawthorn,28,Cameron Mackenzie,2004-01-21,188.0,Midfield,46,22yr 1mth,Sandringham Dragons
Hawthorn,20,Finn Maginness,2001-02-23,189.0,Forward,58,25yr,Sandringham Dragons
Hawthorn,27,William McCabe,2005-09-29,197.0,Defender,0,20yr 5mth,Tanunda
Hawthorn,17,Lloyd Meek,1998-04-22,203.0,Ruck,77,27yr 10mth,Gwv Rebels
Hawthorn,8,Dylan Moore,1999-08-04,177.0,Forward,126,26yr 6mth,Eastern Ranges
Hawthorn,1,Harry Morrison,1998-11-12,184.0,Midfield,123,27yr 3mth,Murray Bushrangers
Hawthorn,21,Noah Mraz,2006-02-20,198.0,Defender,0,20yr,Dandenong Stingrays
Hawthorn,22,Cameron Nairn,2007-10-15,188.0,MidfieldForward,0,18yr 4mth,Central District
Hawthorn,11,Conor Nash,1998-07-28,198.0,Midfield,120,27yr 7mth,Dublin
Hawthorn,3,Jai Newcombe,2001-08-02,187.0,Midfield,102,24yr 7mth,Box Hill
Hawthorn,38,Max Ramsden,2003-04-19,203.0,Forward,9,22yr 10mth,Sandringham Dragons
Hawthorn,7,Ned Reeves,1998-10-31,210.0,Ruck,43,27yr 4mth,Box Hill
Hawthorn,26,Bodie Ryan,2005-04-20,187.0,Defender,0,20yr 10mth,Glenelg
Hawthorn,29,Aidan Schubert,2007-12-21,198.0,ForwardRuck,0,18yr 2mth,Central District
Hawthorn,14,Jack Scrimshaw,1998-09-04,194.0,Defender,123,27yr 5mth,Sandringham Dragons
Hawthorn,6,James Sicily,1995-01-06,188.0,Defender,179,31yr 1mth,Western Jets
Hawthorn,43,Jaime Uhr-Henry,2003-03-12,209.0,Ruck,0,22yr 11mth,Dandenong Rangers
Hawthorn,25,Josh Ward,2003-08-15,183.0,Midfield,67,22yr 6mth,Northern Knights
Hawthorn,5,Nick Watson,2005-02-24,170.0,Forward,43,21yr,Eastern Ranges
Hawthorn,23,Joshua Weddle,2004-05-25,191.0,Defender,60,21yr 9mth,Oakleigh Chargers
Melbourne,26,Jed Adams,2004-05-14,196.0,Defender,1,21yr 9mth,Peel Thunder
Melbourne,38,Oscar Berry,,196.0,Defender,0,,North Florida Ospreys
Melbourne,17,Jake Bowey,2002-09-12,175.0,Defender,84,23yr 5mth,Sandringham Dragons
Melbourne,29,Tom Campbell,1991-11-02,201.0,Ruck,58,34yr 4mth,Bendigo Bombers
Melbourne,37,Kade Chandler,2000-01-13,175.0,Forward,79,26yr 1mth,Norwood
Melbourne,13,Jai Culley,2003-02-24,194.0,Midfield,16,23yr,Dandenong Stingrays
Melbourne,31,Bayley Fritsch,1996-12-06,188.0,Forward,171,29yr 2mth,Casey Demons
Melbourne,11,Max Gawn,1991-12-30,209.0,Ruck,247,34yr 2mth,Sandringham Dragons
Melbourne,27,Max Heath,2002-10-24,204.0,ForwardRuck,4,23yr 4mth,Sandringham Dragons
Melbourne,43,Jack Henderson,1999-10-01,176.0,Forward,5,26yr 5mth,Werribee
Melbourne,22,Blake Howes,2003-04-07,191.0,Defender,28,22yr 10mth,Sandringham Dragons
Melbourne,21,Matthew Jefferson,2004-03-08,195.0,Forward,7,21yr 11mth,Oakleigh Chargers
Melbourne,14,Changkuoth Jiath,1999-06-13,185.0,Defender,76,26yr 8mth,Ethiopia
Melbourne,42,Aidan Johnson,2000-03-09,193.0,Forward,5,25yr 11mth,Werribee
Melbourne,44,Luker Kentfield,2005-09-10,194.0,Forward,0,20yr 5mth,Subiaco
Melbourne,15,Ed Langdon,1996-02-01,182.0,MidfieldForward,202,30yr 1mth,Sandringham Dragons
Melbourne,4,Harvey Langford,2006-03-15,191.0,Midfield,22,19yr 11mth,Dandenong Stingrays
Melbourne,16,Bailey Laurie,2002-03-24,179.0,Forward,12,23yr 11mth,Oakleigh Chargers
Melbourne,8,Jake Lever,1996-03-05,194.0,Defender,186,29yr 11mth,Calder Cannons
Melbourne,5,Xavier Lindsay,2006-08-03,183.0,Midfield,18,19yr 7mth,Gippsland Power
Melbourne,20,Thomas Matthews,2007-02-28,171.0,Forward,0,19yr,Gippsland Power
Melbourne,1,Steven May,1992-01-10,193.0,Defender,251,34yr 1mth,Southern Districts
Melbourne,23,Shane McAdam,1995-05-28,186.0,Forward,53,30yr 9mth,Sturt
Melbourne,25,Tom McDonald,1992-09-18,195.0,Defender,249,33yr 5mth,North Ballarat
Melbourne,18,Jake Melksham,1991-08-29,186.0,Forward,248,34yr 6mth,Calder Cannons
Melbourne,39,Ricky Mentha,2006-09-04,178.0,DefenderForward,0,19yr 5mth,Gippsland Power
Melbourne,28,Brody Mihocek,1993-02-04,192.0,Forward,159,33yr,Port Melbourne
Melbourne,45,Andy Moniz-Wakefield,2003-10-26,182.0,Defender,6,22yr 4mth,NT Thunder
Melbourne,40,Riley Onley,2000-01-01,,Midfield,0,26yr 2mth,Murray Bushrangers
Melbourne,35,Harrison Petty,1999-11-12,197.0,Forward,101,26yr 3mth,Norwood
Melbourne,36,Kysaiah Pickett,2001-06-02,171.0,MidfieldForward,126,24yr 9mth,Woodville West Torrens
Melbourne,33,Latrelle Pickett,2005-12-28,182.0,Forward,0,20yr 2mth,Glenelg
Melbourne,24,Trent Rivers,2001-07-30,188.0,Defender,123,24yr 7mth,East Fremantle
Melbourne,3,Christian Salem,1995-07-15,184.0,Defender,199,30yr 7mth,Sandringham Dragons
Melbourne,30,Harry Sharp,2002-12-17,182.0,Forward,34,23yr 2mth,Gwv Rebels
Melbourne,32,Tom Sparrow,2000-05-31,183.0,Forward,117,25yr 9mth,South Adelaide
Melbourne,9,Jack Steele,1995-12-13,187.0,Midfield,202,30yr 2mth,Belconnen
Melbourne,19,Xavier Taylor,2007-01-30,192.0,Defender,0,19yr 1mth,Eastern Ranges
Melbourne,12,Koltyn Tholstrup,2005-06-28,186.0,Forward,19,20yr 8mth,Subiaco
Melbourne,10,Daniel Turner,2002-01-28,194.0,Defender,37,24yr 1mth,Murray Bushrangers
Melbourne,2,Jacob Van Rooyen,2003-04-16,193.0,Forward,57,22yr 10mth,Claremont
Melbourne,7,Jack Viney,1994-04-13,179.0,Midfield,237,31yr 10mth,Oakleigh Chargers
Melbourne,34,Kalani White,2007-05-05,201.0,ForwardRuck,0,18yr 9mth,Casey Demons
Melbourne,6,Caleb Windsor,2005-06-09,185.0,Defender,36,20yr 8mth,Eastern Ranges
North Melbourne,34,Jackson Archer,2003-01-09,187.0,Defender,26,23yr 1mth,Northern Knights
North Melbourne,45,Zac Banch,2003-07-21,175.0,Forward,4,22yr 7mth,Werribee
North Melbourne,39,Tom Blamires,2002-08-13,181.0,Midfield,0,23yr 6mth,Frankston VFL
North Melbourne,21,Callum Coleman-Jones,1999-06-13,200.0,Ruck,32,26yr 8mth,Sturt
North Melbourne,30,Charlie Comben,2001-07-20,199.0,Defender,48,24yr 7mth,Gippsland Power
North Melbourne,4,Aidan Corr,1994-05-17,195.0,Defender,172,31yr 9mth,Northern Knights
North Melbourne,25,Paul Curtis,2003-03-04,185.0,Forward,78,22yr 11mth,Western Jets
North Melbourne,5,Caleb Daniel,1996-07-07,171.0,Defender,215,29yr 7mth,South Adelaide
North Melbourne,27,Jack Darling,1992-06-13,191.0,Forward,320,33yr 8mth,West Perth
North Melbourne,9,Luke Davies-Uniacke,1999-06-08,188.0,Midfield,130,26yr 8mth,Dandenong Stingrays
North Melbourne,18,Wil Dawson,2005-12-20,200.0,Defender,8,20yr 2mth,Gipplands Power
North Melbourne,1,Lachy Dovaston,2007-05-29,178.0,Forward,0,18yr 9mth,Eastern Ranges
North Melbourne,7,Zane Duursma,2005-08-28,190.0,DefenderForward,23,20yr 6mth,Gippsland Power
North Melbourne,16,Zac Fisher,1998-06-15,175.0,Forward,132,27yr 8mth,Perth
North Melbourne,33,Brayden George,2004-01-13,187.0,Forward,0,22yr 1mth,Murray Bushrangers
North Melbourne,22,Taylor Goad,2005-04-28,207.0,Ruck,0,20yr 10mth,South Adelaide
North Melbourne,31,Josh Goater,2003-06-02,190.0,Defender,12,22yr 9mth,Calder Cannons
North Melbourne,46,Robert Hansen,2004-03-13,182.0,MidfieldForward,20,21yr 11mth,Subiaco
North Melbourne,17,Riley Hardeman,2005-02-27,184.0,Defender,20,21yr,Swan Districts
North Melbourne,37,Cooper Harvey,2004-07-12,180.0,Forward,10,21yr 7mth,Northern Knights
North Melbourne,41,Jacob Konstanty,2004-11-09,177.0,Forward,23,21yr 3mth,Gippsland Power
North Melbourne,20,Nick Larkey,1998-06-06,198.0,Forward,134,27yr 8mth,Oakleigh Chargers
North Melbourne,19,Griffin Logue,1998-04-13,193.0,Defender,97,27yr 10mth,Swan Districts
North Melbourne,11,Luke McDonald,1995-02-09,189.0,Defender,218,31yr,Werribee
North Melbourne,10,Colby McKercher,2005-04-12,182.0,Defender,39,20yr 10mth,Tasmania Devils
North Melbourne,28,Hugo Mikunda,2007-03-13,180.0,MidfieldForward,0,18yr 11mth,Geelong Falcons
North Melbourne,2,Finn O'Sullivan,2006-05-30,182.0,DefenderMidfield,22,19yr 9mth,Oakleigh Chargers
North Melbourne,26,Luke Parker,1992-10-25,183.0,Midfield,315,33yr 4mth,Dandenong Stingrays
North Melbourne,32,Toby Pink,1998-08-11,194.0,Defender,32,27yr 6mth,Glenelg
North Melbourne,24,Tom Powell,2002-03-02,184.0,Midfield,91,24yr,Sturt
North Melbourne,8,Bailey Scott,2000-07-09,186.0,Midfield,113,25yr 7mth,Gc Suns Academy
North Melbourne,3,Harry Sheezel,2004-10-13,185.0,MidfieldForward,67,21yr 4mth,Sandringham Dragons
North Melbourne,12,Jy Simpkin,1998-03-05,183.0,MidfieldForward,173,27yr 11mth,Murray Bushrangers
North Melbourne,13,Charlie Spargo,1999-11-25,172.0,Forward,108,26yr 3mth,Murray Bushrangers
North Melbourne,15,Dylan Stephens,2001-01-08,184.0,Midfield,81,25yr 1mth,Norwood
North Melbourne,36,River Stevens,2006-06-26,176.0,MidfieldForward,0,19yr 8mth,Geelong Falcons
North Melbourne,23,Blake Thredgold,2007-08-27,195.0,Defender,0,18yr 6mth,Sturt
North Melbourne,47,Cooper Trembath,2005-10-17,193.0,Forward,3,20yr 4mth,North Melbourne VFL
North Melbourne,14,Luke Urquhart,2006-09-19,184.0,Midfield,0,19yr 5mth,East Fremantle
North Melbourne,6,George Wardlaw,2004-06-11,182.0,Midfield,39,21yr 8mth,Oakleigh Chargers
North Melbourne,35,Matt Whitlock,2006-05-16,198.0,DefenderForward,2,19yr 9mth,Murray Bushrangers
North Melbourne,38,Tristan Xerri,1999-03-15,202.0,Ruck,76,26yr 11mth,Western Jets
North Melbourne,44,Cameron Zurhaar,1998-05-22,190.0,Forward,143,27yr 9mth,East Fremantle
Port Adelaide,21,Aliir Aliir,1994-09-05,194.0,Defender,178,31yr 5mth,East Fremantle
Port Adelaide,29,Tom Anastasopoulos,2005-05-31,176.0,Forward,0,20yr 9mth,Geelong Falcons
Port Adelaide,40,Benny Barrett,2006-05-01,172.0,Midfield,0,19yr 10mth,South Adelaide
Port Adelaide,14,Miles Bergman,2001-10-18,189.0,Defender,102,24yr 4mth,Sandringham Dragons
Port Adelaide,5,Joe Berry,2006-04-18,181.0,Forward,12,19yr 10mth,Murray Bushrangers
Port Adelaide,23,Will Brodie,1998-08-23,190.0,Midfield,54,27yr 6mth,Murray Bushrangers
Port Adelaide,7,Jase Burgoyne,2003-07-15,186.0,DefenderMidfield,56,22yr 7mth,Eagles
Port Adelaide,9,Zak Butters,2000-09-08,181.0,Midfield,139,25yr 5mth,Western Jets
Port Adelaide,33,Darcy Byrne-Jones,1995-09-20,181.0,Forward,221,30yr 5mth,Oakleigh Chargers
Port Adelaide,26,Tom Cochrane,2006-01-27,182.0,Forward,3,20yr 1mth,Central District
Port Adelaide,28,Willem Drew,1998-10-01,188.0,Midfield,130,27yr 5mth,North Ballarat Rebels
Port Adelaide,44,Corey Durdin,2002-04-14,173.0,Forward,64,23yr 10mth,Central Districts
Port Adelaide,22,Logan Evans,2005-10-07,189.0,Defender,23,20yr 4mth,Port Adelaide
Port Adelaide,6,Kane Farrell,1999-03-17,182.0,Defender,114,26yr 11mth,Bendigo Pioneers
Port Adelaide,19,Mitch Georgiades,2001-09-28,192.0,Forward,92,24yr 5mth,Subiaco
Port Adelaide,18,Jason Horne-Francis,2003-06-21,185.0,Midfield,80,22yr 8mth,South Adelaide
Port Adelaide,34,Lachlan Jones,2002-04-09,186.0,Defender,74,23yr 10mth,-
Port Adelaide,43,Josh Lai,2005-10-01,185.0,Midfield,0,20yr 5mth,Cheltenham
Port Adelaide,50,Mani Liddy,2002-02-20,181.0,Midfield,9,24yr,Central Districts
Port Adelaide,30,Ollie Lord,2002-01-02,197.0,Forward,34,24yr 2mth,Sandringham Dragons
Port Adelaide,36,Will Lorenz,2005-02-19,186.0,Midfield,8,21yr,Oakleigh Chargers
Port Adelaide,12,Jack Lukosius,2000-08-09,195.0,Forward,123,25yr 6mth,Woodville-West Torrens
Port Adelaide,31,Ewan Mackinlay,2003-07-18,182.0,Midfield,1,22yr 7mth,North Adelaide
Port Adelaide,4,Todd Marshall,1998-10-08,198.0,Forward,116,27yr 4mth,Murray Bushrangers
Port Adelaide,3,Jackson Mead,2001-09-30,184.0,Midfield,64,24yr 5mth,Woodville West Torrens
Port Adelaide,11,Christian Moraes,2006-11-08,183.0,Midfield,14,19yr 3mth,Eastern Ranges
Port Adelaide,42,Jacob Moss,2004-12-22,198.0,Defender,0,21yr 2mth,Sturt Sabres
Port Adelaide,2,Sam Powell-Pepper,1998-01-08,187.0,Forward,158,28yr 1mth,East Perth
Port Adelaide,32,Harrison Ramm,2006-12-05,202.0,Defender,1,19yr 2mth,Glenelg
Port Adelaide,27,Esava Ratugolea,1998-07-24,197.0,Defender,111,27yr 7mth,Murray Bushrangers
Port Adelaide,35,Joe Richards,1999-11-23,177.0,Forward,31,26yr 3mth,Wangaratta
Port Adelaide,1,Connor Rozee,2000-01-22,185.0,DefenderMidfield,150,26yr 1mth,North Adelaide
Port Adelaide,8,Josh Sinn,2003-01-07,187.0,Defender,30,23yr 1mth,Sandringham Dragons
Port Adelaide,13,Ivan Soldo,1996-04-14,204.0,ForwardRuck,66,29yr 10mth,Daramalan College
Port Adelaide,24,Jordon Sweet,1998-02-02,206.0,Ruck,47,28yr 1mth,North Adelaide
Port Adelaide,38,Dante Visentini,2003-02-13,202.0,Ruck,14,23yr,Sandringham Dragons
Port Adelaide,45,Xavier Walsh,2005-09-06,195.0,Forward,0,20yr 5mth,East Perth
Port Adelaide,37,Jack Watkins,2000-01-01,,Midfield,0,26yr 2mth,Port Adelaide
Port Adelaide,15,Jacob Wehr,1998-07-05,185.0,DefenderMidfield,39,27yr 7mth,Woodville-west Torrens
Port Adelaide,17,Jack Whitlock,2006-05-16,200.0,Forward,4,19yr 9mth,Murray Bushrangers
Port Adelaide,16,Oliver Wines,1994-10-07,187.0,Midfield,273,31yr 4mth,Bendigo Pioneers
Port Adelaide,25,Brandon Zerk-Thatcher,1998-08-25,195.0,Defender,90,27yr 6mth,Sturt
Richmond,29,Jasper Alger,2006-12-17,183.0,Forward,4,19yr 2mth,Oakleigh Chargers
Richmond,34,Harry Armstrong,2006-06-14,195.0,Forward,8,19yr 8mth,Sandringham Dragons
Richmond,21,Noah Balta,1999-10-23,194.0,DefenderForward,117,26yr 4mth,Calder Cannons
Richmond,6,Sam Banks,2003-04-02,187.0,Defender,43,22yr 11mth,Tasmania Devils
Richmond,35,Nathan Broad,1993-04-15,192.0,Defender,170,32yr 10mth,Swan Districts
Richmond,30,Tom Brown,2003-07-30,193.0,Defender,42,22yr 7mth,Murray Bushrangers
Richmond,44,Seth Campbell,2004-12-29,182.0,Forward,43,21yr 2mth,Tasmania Devils
Richmond,23,Judson Clarke,2003-10-17,180.0,Forward,17,22yr 4mth,Dandenong Stingrays
Richmond,22,Sam Cumming,2007-07-27,184.0,Midfield,0,18yr 7mth,North Adelaide
Richmond,8,Jonty Faull,2006-02-01,195.0,Forward,16,20yr 1mth,Greater Western Victoria Rebels
Richmond,43,Liam Fawcett,2005-04-22,197.0,Forward,1,20yr 10mth,Central District
Richmond,18,Josh Gibcus,2003-04-04,196.0,Defender,21,22yr 10mth,GWV Rebels
Richmond,50,Campbell Gray,2003-08-01,195.0,Defender,3,22yr 7mth,Essendon VFL
Richmond,48,Steely Green,2004-01-09,179.0,Forward,25,22yr 1mth,South Fremantle
Richmond,24,Samuel Grlj,2007-07-26,182.0,DefenderMidfield,0,18yr 7mth,Oakleigh Chargers
Richmond,47,Oliver Hayes-Brown,2000-04-28,208.0,Ruck,0,25yr 10mth,Perth Wildcats
Richmond,2,Jacob Hopper,1997-02-06,187.0,Midfield,165,29yr,North Ballarat Rebels
Richmond,10,Taj Hotton,2006-06-17,182.0,Forward,7,19yr 8mth,Sandringham Dragons
Richmond,4,Sam Lalor,2006-08-30,188.0,Forward,11,19yr 6mth,Greater Western Victoria Rebels
Richmond,42,Mykelti Lefau,1998-06-22,195.0,Forward,11,27yr 8mth,Rugby League
Richmond,19,Tom Lynch,1992-10-31,199.0,Forward,236,33yr 4mth,Dandenong Stingrays
Richmond,7,Rhyan Mansell,2000-06-04,180.0,Forward,73,25yr 8mth,Woodville West-Torrens
Richmond,28,Kane McAuliffe,2005-03-01,187.0,Midfield,14,21yr,North Adelaide
Richmond,12,Ben Miller,1999-08-31,198.0,Defender,69,26yr 6mth,Subiaco
Richmond,25,Toby Nankervis,1994-08-12,199.0,Ruck,179,31yr 6mth,North Launceston
Richmond,26,Zane Peucker,2007-12-04,180.0,MidfieldForward,0,18yr 2mth,Woodville-West Torrens
Richmond,3,Dion Prestia,1992-10-12,175.0,Midfield,237,33yr 4mth,Calder Cannons
Richmond,13,Hugo Ralphsmith,2001-11-09,187.0,Midfield,62,24yr 3mth,Sandringham Dragons
Richmond,33,Patrick Retschko,2006-02-28,186.0,Midfield,0,20yr,Oakleigh Chargers
Richmond,17,Maurice Rioli,2002-09-01,179.0,Forward,49,23yr 6mth,Oakleigh
Richmond,27,Noah Roberts-Thomson,2007-03-29,181.0,Midfield,0,18yr 11mth,Sturt
Richmond,5,Jack Ross,2000-09-03,187.0,MidfieldForward,93,25yr 6mth,Oakleigh Chargers
Richmond,32,Samson Ryan,2000-12-09,206.0,Ruck,25,25yr 2mth,Lions Academy
Richmond,15,Jayden Short,1996-01-24,178.0,Defender,190,30yr 1mth,Northern Knights
Richmond,38,Thomas Sims,2006-05-12,199.0,Forward,11,19yr 9mth,Northern Knights
Richmond,16,Josh Smillie,2006-05-17,195.0,Midfield,0,19yr 9mth,Eastern Ranges
Richmond,49,Kaleb Smith,2004-11-20,181.0,Defender,12,21yr 3mth,East Fremantle
Richmond,40,Tyler Sonsie,2003-01-27,181.0,MidfieldForward,40,23yr 1mth,Eastern Ranges
Richmond,14,Tim Taranto,1998-01-28,188.0,Midfield,173,28yr 1mth,Sandringham Dragons
Richmond,11,Luke Trainor,2006-04-10,193.0,Defender,21,19yr 10mth,Sandringham Dragons
Richmond,36,James Trezise,2002-06-15,188.0,Midfield,24,23yr 8mth,Richmond
Richmond,1,Nick Vlastuin,1994-04-19,187.0,Defender,255,31yr 10mth,Northern Knights
St Kilda,46,Eamonn Armstrong,2006-07-26,191.0,Defender,0,19yr 7mth,Meath GAA
St Kilda,36,Charlie Banfield,2007-07-18,192.0,MidfieldForward,0,18yr 7mth,Claremont
St Kilda,28,James Barrat,2006-11-23,194.0,DefenderForward,0,19yr 3mth,Bendigo Pioneers
St Kilda,38,Hugh Boxshall,2006-07-11,188.0,Midfield,11,19yr 7mth,Claremont
St Kilda,16,Daniel Butler,1996-06-03,182.0,Forward,151,29yr 9mth,North Ballarat Rebels
St Kilda,13,Ryan Byrnes,2001-05-03,181.0,Defender,80,24yr 10mth,Sandringham Dragons
St Kilda,47,Anthony Caminiti,2003-12-09,196.0,Defender,56,22yr 2mth,Northern Knights
St Kilda,18,Jack Carroll,2002-12-20,188.0,Midfield,24,23yr 2mth,East Fremantle
St Kilda,11,Hunter Clark,1999-03-26,186.0,Midfield,111,26yr 11mth,Dandenong Stingrays
St Kilda,4,Lance Collard,2005-03-26,185.0,Forward,15,20yr 11mth,Subiaco
St Kilda,21,Tom De Koning,1999-07-16,201.0,Ruck,100,26yr 7mth,Dandenong Stingrays
St Kilda,30,Alex Dodson,2006-06-15,203.0,Forward,1,19yr 8mth,Sturt
St Kilda,15,Paddy Dow,1999-10-16,184.0,Midfield,83,26yr 4mth,Bendigo Pioneers
St Kilda,37,Kye Fincher,2007-11-18,186.0,DefenderMidfield,0,18yr 3mth,Sandringham Dragons
St Kilda,9,Sam Flanders,2001-07-24,183.0,Forward,89,24yr 7mth,Gippsland Power
St Kilda,34,Hugo Garcia,2005-05-22,185.0,Midfield,26,20yr 9mth,Calder Cannons
St Kilda,40,Max Hall,2002-04-15,183.0,Forward,23,23yr 10mth,Box Hill
St Kilda,24,Angus Hastie,2005-09-19,190.0,Defender,14,20yr 5mth,Geelong Falcons
St Kilda,23,Liam Henry,2001-08-28,180.0,Forward,61,24yr 6mth,Claremont
St Kilda,1,Jack Higgins,1999-03-19,178.0,Forward,145,26yr 11mth,Oakleigh Chargers
St Kilda,8,Bradley Hill,1993-07-09,182.0,MidfieldForward,277,32yr 7mth,West Perth
St Kilda,20,Dougal Howard,1996-03-25,199.0,Defender,138,29yr 11mth,Murray Bushrangers
St Kilda,17,Isaac Keeler,2004-04-23,198.0,Forward,11,21yr 10mth,North Adelaide
St Kilda,12,Max King,2000-07-07,202.0,Forward,83,25yr 7mth,Sandringham Dragons
St Kilda,6,Jackson Macrae,1994-08-03,192.0,Midfield,270,31yr 7mth,Oakleigh Chargers
St Kilda,19,Rowan Marshall,1995-11-24,201.0,Ruck,156,30yr 3mth,North Ballarat
St Kilda,42,Kobe McDonald,2007-12-08,193.0,Defender,0,18yr 2mth,Mayo GAA
St Kilda,45,Liam O'Connell,2003-03-04,189.0,Defender,7,22yr 11mth,Ireland
St Kilda,10,Mitchito Owens,2003-09-24,191.0,Forward,72,22yr 5mth,Sandringham Dragons
St Kilda,25,Mattaes Phillipou,2004-12-27,190.0,Forward,44,21yr 2mth,Eagles
St Kilda,31,Liam Ryan,1996-10-02,181.0,Forward,125,29yr 5mth,Subiaco
St Kilda,33,Patrick Said,2006-04-24,180.0,MidfieldForward,0,19yr 10mth,Calder Cannons
St Kilda,43,Cooper Sharman,2000-07-25,193.0,Forward,70,25yr 7mth,Woodville-West Torrens
St Kilda,3,Jack Silvagni,1997-12-17,194.0,Defender,128,28yr 2mth,Oakleigh Chargers
St Kilda,35,Jack Sinclair,1995-02-12,181.0,Defender,210,31yr,Oakleigh Chargers
St Kilda,14,Liam Stocker,2000-01-23,184.0,Defender,84,26yr 1mth,Sandringham Dragons
St Kilda,26,Alix Tauru,2006-11-16,193.0,Defender,10,19yr 3mth,Gippsland Power
St Kilda,5,Tobie Travaglia,2006-10-26,187.0,DefenderMidfield,12,19yr 4mth,Bendigo Pioneers
St Kilda,7,Nasiah Wanganeen-Milera,2003-02-22,187.0,Defender,86,23yr,Glenelg
St Kilda,44,Callum Wilkie,1996-03-10,191.0,Defender,155,29yr 11mth,North Adelaide
St Kilda,22,Darcy Wilson,2005-08-18,185.0,MidfieldForward,41,20yr 6mth,Murray Bushrangers
St Kilda,2,Marcus Windhager,2003-05-16,185.0,Midfield,75,22yr 9mth,Sandringham Dragons
St Kilda,32,Mason Wood,1993-09-13,192.0,MidfieldForward,156,32yr 5mth,Geelong Falcons
Sydney,3,Taylor Adams,1993-09-20,181.0,Forward,229,32yr 5mth,Geelong Falcons
Sydney,36,Joel Amartey,1999-09-02,195.0,Forward,61,26yr 6mth,Sandringham Dragons
Sydney,20,Riak Andrew,2005-02-17,193.0,Defender,0,21yr,Dandenong Stingrays
Sydney,26,Riley Bice,2000-09-26,185.0,Defender,16,25yr 5mth,Werribee
Sydney,22,Nick Blakey,2000-02-27,196.0,Defender,151,26yr,UNSW
Sydney,23,Ned Bowman,2006-09-12,186.0,Forward,0,19yr 5mth,Norwood
Sydney,16,Braeden Campbell,2002-02-04,181.0,Forward,94,24yr,Sydney Academy
Sydney,42,Noah Chamberlain,2007-03-21,191.0,Forward,0,18yr 11mth,St Ives Saints
Sydney,33,Caiden Cleary,2005-03-05,182.0,Forward,17,20yr 11mth,Sydney University
Sydney,25,Billy Cootee,2002-12-18,179.0,Midfield,0,23yr 2mth,Norwood
Sydney,7,Harry Cunningham,1993-12-06,181.0,Defender,219,32yr 2mth,Turvey Park
Sydney,35,Charlie Curnow,1997-02-03,194.0,Forward,149,29yr 1mth,Geelong Falcons
Sydney,9,Jesse Dattoli,2006-07-07,179.0,Forward,3,19yr 7mth,Northern Knights
Sydney,28,Will Edwards,2003-05-08,197.0,Defender,0,22yr 9mth,Sydney
Sydney,45,Will Green,2005-09-08,204.0,Ruck,0,20yr 5mth,Northern Knights
Sydney,4,Brodie Grundy,1994-04-15,202.0,Ruck,242,31yr 10mth,Sturt
Sydney,21,Errol Gulden,2002-07-18,175.0,Midfield,103,23yr 7mth,Sydney Academy
Sydney,29,Joel Hamling,1993-04-09,194.0,Defender,105,32yr 10mth,Claremont
Sydney,40,Tom Hanily,2005-05-31,179.0,Forward,8,20yr 9mth,Gippsland Power
Sydney,5,Isaac Heeney,1996-05-05,185.0,Midfield,224,29yr 9mth,Cardiff
Sydney,39,Liam Hetherton,2007-05-02,198.0,Forward,0,18yr 10mth,Murray Bushrangers
Sydney,17,James Jordon,2000-12-20,187.0,Midfield,114,25yr 2mth,Oakleigh Chargers
Sydney,31,Max King,2007-01-09,192.0,Forward,0,19yr 1mth,Sydney Swans Academy
Sydney,32,Harry Kyle,2007-07-16,188.0,DefenderMidfield,0,18yr 7mth,Sydney Swans Academy
Sydney,19,Peter Ladhams,1998-01-14,204.0,ForwardRuck,63,28yr 1mth,Norwood
Sydney,44,Jake Lloyd,1993-09-20,182.0,Midfield,271,32yr 5mth,North Ballarat Rebels
Sydney,30,Tom McCartin,1999-12-30,194.0,Defender,152,26yr 2mth,Geelong Falcons
Sydney,6,Logan McDonald,2002-04-04,195.0,Forward,70,23yr 10mth,Perth Fc
Sydney,27,Justin McInerney,2000-08-18,189.0,MidfieldForward,109,25yr 6mth,Northern Knights
Sydney,2,Hayden McLean,1999-01-20,197.0,Forward,98,27yr 1mth,Sandringham
Sydney,43,Lewis Melican,1996-11-04,194.0,Defender,101,29yr 3mth,Geelong Falcons
Sydney,14,Callum Mills,1997-04-02,188.0,Defender,174,28yr 11mth,North Shore
Sydney,11,Tom Papley,1996-07-13,177.0,Forward,196,29yr 7mth,Gippsland Power
Sydney,18,Jevan Phillipou,2007-03-30,183.0,Midfield,0,18yr 11mth,Woodville-West Torrens
Sydney,24,Dane Rampe,1990-06-02,187.0,Defender,272,35yr 9mth,Williamstown
Sydney,34,Matthew Roberts,2003-07-31,184.0,Defender,48,22yr 7mth,South Adelaide
Sydney,10,Malcolm Rosas,2001-06-27,180.0,Forward,49,24yr 8mth,NT Thunder
Sydney,8,James Rowbottom,2000-09-19,186.0,Midfield,140,25yr 5mth,Oakleigh Chargers
Sydney,13,Jai Serong,2003-02-16,193.0,Defender,10,23yr,Gippsland Power
Sydney,12,Angus Sheldrick,2003-11-07,178.0,Midfield,29,22yr 3mth,Claremont
Sydney,41,Patrick Snell,2005-07-18,194.0,DefenderForward,0,20yr 7mth,Wilston Grange
Sydney,1,Chad Warner,2001-05-19,185.0,Midfield,108,24yr 9mth,East Fremantle
Sydney,37,Corey Warner,2003-10-07,182.0,MidfieldForward,23,22yr 4mth,East Fremantle
Sydney,15,Sam Wicks,1999-09-14,181.0,Defender,87,26yr 5mth,Swans Academy
West Coast,26,Bo Allan,2006-02-16,191.0,Defender,6,20yr,Peel Thunder
West Coast,12,Sam Allen,2007-01-13,184.0,MidfieldForward,0,19yr 1mth,Oakleigh Chargers
West Coast,3,Liam Baker,1998-01-27,173.0,Defender,151,28yr 1mth,Subiaco
West Coast,30,Harry Barnett,2004-01-22,203.0,Ruck,2,22yr 1mth,West Adelaide
West Coast,33,Rhett Bazzo,2003-10-17,195.0,Defender,28,22yr 4mth,Swan Districts
West Coast,41,Sandy Brock,2002-12-14,198.0,Defender,14,23yr 2mth,Peel Thunder
West Coast,10,Tyler Brockman,2002-11-22,180.0,Forward,56,23yr 3mth,Subiaco
West Coast,37,Malakai Champion,2006-05-17,172.0,Forward,2,19yr 9mth,Subiaco
West Coast,28,Tom Cole,1997-05-28,188.0,Defender,131,28yr 9mth,Sandhurst Football Netball Club
West Coast,15,Jamie Cripps,1992-04-23,184.0,Forward,272,33yr 10mth,East Fremantle
West Coast,38,Hamish Davis,2006-05-02,190.0,Midfield,8,19yr 10mth,Claremont
West Coast,43,Tyrell Dewar,2004-03-27,185.0,DefenderMidfield,23,21yr 11mth,Subiaco
West Coast,21,Cooper Duff-Tytler,2007-08-22,201.0,ForwardRuck,0,18yr 6mth,Calder Cannons
West Coast,14,Liam Duggan,1996-12-11,186.0,Defender,200,29yr 2mth,Western Jets
West Coast,1,Willem Duursma,2007-06-21,193.0,Midfield,0,18yr 8mth,Gippsland Power
West Coast,42,Harry Edwards,2000-10-01,200.0,Defender,55,25yr 5mth,Swan Districts
West Coast,25,Matthew Flynn,1997-09-13,202.0,Ruck,55,28yr 5mth,Narrandera
West Coast,7,Reuben Ginbey,2004-09-10,191.0,Defender,63,21yr 5mth,East Perth
West Coast,17,Jack Graham,1998-02-25,181.0,MidfieldForward,149,28yr,North Adelaide
West Coast,31,Lucca Grego,2006-08-15,184.0,Defender,1,19yr 6mth,Western Jets
West Coast,27,Tom Gross,2006-09-15,181.0,MidfieldForward,8,19yr 5mth,Oakleigh Chargers
West Coast,29,Clay Hall,2005-05-12,190.0,Midfield,16,20yr 9mth,Peel Thunder
West Coast,8,Elijah Hewett,2004-05-27,186.0,Midfield,34,21yr 9mth,Swan Districts
West Coast,19,Brady Hough,2003-03-05,191.0,DefenderMidfield,75,22yr 11mth,Peel Thunder
West Coast,44,Jack Hutchinson,2001-11-10,190.0,Midfield,23,24yr 3mth,Collingwood VFL
West Coast,24,Harvey Johnston,2005-08-18,185.0,Defender,6,20yr 6mth,Sandringham Dragons
West Coast,11,Tim Kelly,1994-07-26,184.0,MidfieldForward,164,31yr 7mth,South Fremantle
West Coast,5,Josh Lindsay,2007-04-07,183.0,Defender,0,18yr 10mth,Geelong Falcons
West Coast,13,Noah Long,2004-08-23,179.0,Forward,36,21yr 6mth,Bendigo Pioneeers
West Coast,45,Finlay Macrae,2002-03-13,188.0,MidfieldForward,21,23yr 11mth,Oakleigh Chargers
West Coast,23,Ryan Maric,2004-09-06,196.0,Defender,51,21yr 5mth,Gippsland Power
West Coast,18,Tom McCarthy,2000-07-12,188.0,Defender,10,25yr 7mth,Richmond VFL
West Coast,46,Jacob Newton,2006-03-20,179.0,Forward,2,19yr 11mth,Norwood
West Coast,16,Matt Owies,1997-03-19,179.0,Forward,88,28yr 11mth,St Kevins
West Coast,22,Archer Reid,2005-09-19,203.0,Forward,14,20yr 5mth,Gippsland Power
West Coast,9,Harley Reid,2005-04-17,187.0,Midfield,39,20yr 10mth,Bendigo Pioneers
West Coast,40,Deven Robertson,2001-06-30,185.0,Forward,47,24yr 8mth,Perth
West Coast,39,Fred Rodriguez,2000-01-01,,Forward,0,26yr 2mth,South Fremantle
West Coast,48,Harry Schoenberg,2001-02-21,180.0,Midfield,62,25yr,Woodville West Torrens
West Coast,35,Jobe Shanahan,2006-08-02,195.0,Forward,9,19yr 7mth,Bendigo Pioneers
West Coast,4,Brandon Starcevich,1999-07-24,188.0,Defender,132,26yr 7mth,East Perth
West Coast,2,Jake Waterman,1998-05-06,192.0,Forward,112,27yr 9mth,Claremont
West Coast,32,Bailey J. Williams,2000-04-17,201.0,ForwardRuck,88,25yr 10mth,Dandenong Stingrays
West Coast,34,Jack Williams,2003-12-01,198.0,Forward,42,22yr 3mth,East Fremantle
West Coast,36,Tylah Williams,2007-02-22,176.0,MidfieldForward,0,19yr,Swan Districts
West Coast,6,Elliot Yeo,1993-10-01,191.0,Midfield,212,32yr 5mth,East Fremantle
West Coast,20,Tylar Young,1998-09-05,196.0,Defender,35,27yr 5mth,Richmond VFL
Western Bulldogs,13,Oskar Baker,1998-05-25,184.0,DefenderMidfield,48,27yr 9mth,Aspley
Western Bulldogs,4,Marcus Bontempelli,1995-11-24,194.0,Midfield,258,30yr 3mth,Northern Knights
Western Bulldogs,29,Lachlan Bramble,1998-04-19,182.0,Defender,77,27yr 10mth,Box Hill
Western Bulldogs,19,Connor Budarick,2001-04-06,175.0,Forward,55,24yr 10mth,Gold Coast Suns Academy
Western Bulldogs,5,Jedd Busslinger,2004-03-11,198.0,Defender,7,21yr 11mth,East Perth
Western Bulldogs,2,Lachlan Carmichael,2007-08-27,184.0,DefenderMidfield,0,18yr 6mth,Sydney Swans Academy
Western Bulldogs,36,Luke Cleary,2002-03-05,191.0,Defender,23,23yr 11mth,Sandringham Dragons
Western Bulldogs,17,Nicholas Coffield,1999-10-23,191.0,Defender,64,26yr 4mth,Northern Knights
Western Bulldogs,16,Jordan Croft,2005-05-12,201.0,Forward,2,20yr 9mth,Calder Cannons
Western Bulldogs,31,Bailey Dale,1996-07-22,188.0,Defender,178,29yr 7mth,Dandenong Stingrays
Western Bulldogs,10,Sam Darcy,2003-07-19,208.0,Forward,45,22yr 7mth,Oakleigh Chargers
Western Bulldogs,15,Will Darcy,2007-03-14,196.0,DefenderForward,0,18yr 11mth,Oakleigh Chargers
Western Bulldogs,42,Sam Davidson,2001-12-13,190.0,Midfield,19,24yr 2mth,Richmond
Western Bulldogs,26,Josh Dolan,2006-11-11,177.0,Forward,11,19yr 3mth,Sandringham Dragons
Western Bulldogs,25,Louis Emmett,2007-03-23,200.0,Ruck,0,18yr 11mth,Oakleigh Chargers
Western Bulldogs,44,Timothy English,1997-08-10,208.0,Ruck,154,28yr 6mth,South Fremantle
Western Bulldogs,27,Joel Freijah,2005-11-14,191.0,MidfieldForward,36,20yr 3mth,Greater Western Victoria Rebels
Western Bulldogs,12,Harvey Gallagher,2003-09-26,181.0,Defender,25,22yr 5mth,Bendigo Pioneers
Western Bulldogs,38,Riley Garcia,2001-01-30,178.0,MidfieldForward,39,25yr 1mth,Swan Districts
Western Bulldogs,43,Ryan Gardner,1997-06-01,197.0,Defender,54,28yr 9mth,Burnie Dockers
Western Bulldogs,22,James Harmes,1995-10-05,186.0,Midfield,174,30yr 4mth,Dandenong Stingrays
Western Bulldogs,6,Cooper Hynes,2006-02-28,190.0,Forward,8,20yr,Dandenong Stingrays
Western Bulldogs,11,Lachie Jaques,2006-06-01,184.0,Defender,0,19yr 9mth,Geelong Falcons
Western Bulldogs,32,Arthur Jones,2003-07-18,180.0,MidfieldForward,18,22yr 7mth,Claremont
Western Bulldogs,35,Luke Kennedy,2006-10-11,181.0,Midfield,0,19yr 4mth,Sandringham Dragons
Western Bulldogs,8,Matthew Kennedy,1997-04-06,188.0,Midfield,141,28yr 10mth,Collingullie Ashmont Kapooka
Western Bulldogs,24,Buku Khamis,2000-03-24,191.0,DefenderForward,41,25yr 11mth,Western Jets
Western Bulldogs,21,Thomas Liberatore,1992-05-16,184.0,Midfield,257,33yr 9mth,Calder Cannons
Western Bulldogs,7,Rory Lobb,1993-02-09,207.0,Defender,199,33yr,Swan Districts
Western Bulldogs,30,Lachlan McNeil,2001-09-02,184.0,Forward,75,24yr 6mth,Woodville-West Torrens
Western Bulldogs,33,Aaron Naughton,1999-11-30,196.0,Forward,166,26yr 3mth,Peel Thunder
Western Bulldogs,18,James O'Donnell,2002-08-31,197.0,Defender,48,23yr 6mth,Cricket
Western Bulldogs,20,Ed Richards,1999-07-03,188.0,Midfield,148,26yr 8mth,Oakleigh Chargers
Western Bulldogs,9,Ryley Sanders,2005-01-21,186.0,MidfieldForward,35,21yr 1mth,Sandringham Dragons
Western Bulldogs,37,Michael Sellwood,2003-10-02,186.0,Defender,0,22yr 5mth,Peel Thunder
Western Bulldogs,40,Lachlan Smith,2005-10-05,203.0,Ruck,0,20yr 4mth,Gippsland Power
Western Bulldogs,1,Adam Treloar,1993-03-09,185.0,MidfieldForward,258,32yr 11mth,Aspendale
Western Bulldogs,23,Laitham Vandermeer,1999-02-03,182.0,Forward,87,27yr 1mth,Murray Bushrangers
Western Bulldogs,41,Zac Walker,2006-03-03,191.0,Defender,0,20yr,Gippsland
Western Bulldogs,3,Cody Weightman,2001-01-15,179.0,Forward,76,25yr 1mth,Dandenong Stingrays
Western Bulldogs,14,Rhylee West,2000-07-12,183.0,Forward,81,25yr 7mth,Calder Cannons
Western Bulldogs,34,Bailey Williams,1997-10-10,190.0,DefenderMidfield,174,28yr 4mth,Glenelg
