MatchId,Player,Team,CoachesVotes,RatingPoints,EstimatedRating,Equity_PreClearance,Equity_PostClearance,Equity_Possession,Equity_BallUse,Supercoach,DreamTeamPoints,ExpVotes,Votes3,TimeOnGround,Kicks,Handballs,Disposals,DisposalEfficiency,MetresGained,AssistedMetresGained,Inside50s,ContestedPossessions,GroundBallGets,PostClearanceContestedPossessions,PostClearanceGroundBallGets,HandballReceives,Intercepts,CentreBounceAttendancePercentage,TotalClearances,Marks,InterceptMarks,ContestedMarks,ShotsAtGoal,Goals,Behinds,xScore,xScoreRating,GoalAssists,ScoreInvolvements,ScoreLaunches,Tackles,PressureActs,Hitouts,Round
20260004,Bruce Reville,Brisbane,0.0,11.4,7.28,1.8,7.8,4.3,5.4,72,66,0.0,0.0,73,12,6,18,77.8,498,173,6,6,5,3,2,9,1,0,2,3,0,0,0,0,0,0.0,0.0,0,5,2,2,9,0,0
20260004,Cam Rayner,Brisbane,0.0,7.7,10.8,-0.6,6.1,6.1,0.7,63,49,0.0,0.0,86,5,11,16,62.5,149,125,1,8,7,4,4,5,2,20,3,1,0,0,4,1,2,8.6,-0.6,0,7,2,1,11,0,0
20260004,Charlie Cameron,Brisbane,6.0,17.8,7.28,0.1,14.5,7.3,6.5,94,109,0.27,2.0,87,13,2,15,53.3,373,87,5,6,2,5,2,2,3,0,0,7,0,0,6,4,1,22.0,3.0,2,8,1,5,17,0,0
20260004,Darcy Fort,Brisbane,0.0,6.1,10.92,3.1,1.2,3.9,2.6,63,65,0.0,0.0,71,9,2,11,54.5,168,132,1,5,0,3,0,4,2,60,3,2,2,2,3,1,0,9.4,-3.4,0,3,2,2,7,28,0
20260004,Darcy Gardiner,Brisbane,0.0,0.8,6.94,0.0,1.7,2.3,-2.2,16,27,0.0,0.0,89,7,0,7,71.4,89,56,1,2,2,2,2,1,2,0,0,4,1,0,0,0,0,0.0,0.0,0,2,1,0,6,0,0
20260004,Darcy Wilmot,Brisbane,0.0,6.4,11.52,-1.1,6.0,3.9,0.7,74,82,0.0,0.0,87,18,5,23,73.9,392,249,3,5,5,4,4,8,3,0,1,6,0,0,0,0,0,0.0,0.0,0,5,1,0,10,0,0
20260004,Dayne Zorko,Brisbane,0.0,20.0,11.44,0.3,14.9,3.4,10.8,131,142,0.07,0.0,82,24,7,31,83.9,597,471,4,5,5,4,4,11,4,0,0,11,0,0,1,1,0,2.9,3.1,0,8,1,4,16,0,0
20260004,Harris Andrews,Brisbane,2.0,14.6,11.32,-1.8,18.7,7.2,4.1,89,64,0.02,0.0,97,11,7,18,83.3,210,311,1,8,5,8,5,2,10,0,0,7,3,2,0,0,0,0.0,0.0,1,5,3,0,3,0,0
20260004,Hugh McCluggage,Brisbane,0.0,2.1,14.62,0.0,1.2,0.0,1.2,13,20,0.0,0.0,17,2,2,4,100.0,39,64,0,0,0,0,0,0,0,9,0,2,0,0,0,0,0,0.0,0.0,0,0,0,1,6,0,0
20260004,Jarrod Berry,Brisbane,0.0,7.9,9.56,2.6,3.2,4.7,2.0,95,94,0.01,0.0,71,14,8,22,77.3,415,345,2,8,5,2,1,6,3,0,4,8,0,0,1,0,1,2.8,-1.8,2,5,1,2,22,0,0
20260004,Jaspa Fletcher,Brisbane,0.0,7.1,10.47,2.3,2.9,4.5,1.0,69,77,0.0,0.0,82,13,8,21,71.4,289,215,1,5,4,4,3,8,6,0,2,7,2,0,0,0,0,0.0,0.0,1,6,3,1,13,0,0
20260004,Josh Dunkley,Brisbane,0.0,12.5,12.36,2.8,3.9,4.4,2.1,88,73,0.01,0.0,76,8,11,19,84.2,261,232,3,9,6,3,3,8,3,77,4,3,0,0,0,0,0,0.0,0.0,0,5,2,6,23,0,0
20260004,Kai Lohmann,Brisbane,0.0,13.3,7.67,7.1,4.0,7.1,3.5,82,84,0.0,0.0,78,10,5,15,66.7,333,144,4,7,4,3,2,2,0,0,4,6,0,1,4,2,1,13.7,-0.7,0,7,2,3,22,0,0
20260004,Keidean Coleman,Brisbane,0.0,4.9,9.53,0.0,3.5,2.6,0.4,61,73,0.0,0.0,74,13,5,18,66.7,337,207,3,3,2,3,2,8,4,0,0,5,1,1,0,0,0,0.0,0.0,0,4,2,2,12,0,0
20260004,Lachie Neale,Brisbane,4.0,13.3,13.95,7.8,4.4,6.8,5.5,123,117,1.74,24.0,89,15,24,39,79.5,313,563,7,15,9,2,2,12,1,89,8,8,0,0,0,0,0,0.0,0.0,0,4,0,0,11,0,0
20260004,Levi Ashcroft,Brisbane,0.0,8.7,7.39,1.4,4.8,5.9,0.3,64,68,0.0,0.0,86,8,10,18,77.8,192,228,2,4,1,3,1,9,3,3,2,4,0,0,0,0,0,0.0,0.0,1,5,2,3,11,0,0
20260004,Logan Morris,Brisbane,0.0,14.8,8.08,0.0,10.5,3.2,7.3,76,78,0.0,0.0,83,13,1,14,64.3,317,41,4,3,2,3,2,1,1,0,0,4,0,0,5,3,2,16.5,3.5,1,7,1,1,7,0,0
20260004,Oscar Allen,Brisbane,0.0,2.0,6.89,0.0,2.1,2.6,0.5,44,52,0.0,0.0,88,9,2,11,45.5,250,48,2,2,2,2,2,2,0,0,0,5,0,0,5,1,3,14.9,-5.9,1,8,0,0,8,0,0
20260004,Ryan Lester,Brisbane,1.0,18.0,8.41,0.0,15.4,8.6,5.0,97,95,0.02,0.0,89,16,8,24,83.3,405,236,1,5,4,5,4,8,11,0,0,9,5,1,0,0,0,0.0,0.0,0,4,0,1,13,0,0
20260004,Ty Gallop,Brisbane,0.0,5.5,6.46,0.0,3.3,4.9,-1.6,51,64,0.0,0.0,80,7,3,10,50.0,168,93,3,5,3,5,3,2,2,0,0,4,0,2,2,0,1,4.8,-3.8,0,2,1,6,14,0,0
20260004,Will Ashcroft,Brisbane,0.0,12.8,12.82,6.7,-0.5,7.0,-1.2,98,109,0.12,0.0,83,16,14,30,66.7,388,143,6,11,10,3,2,13,2,74,7,4,0,1,2,0,1,8.0,-7.0,0,5,0,5,14,0,0
20260004,Zac Bailey,Brisbane,0.0,11.6,11.69,4.6,3.8,6.5,2.4,76,68,0.0,0.0,88,8,10,18,72.2,154,386,3,7,5,3,2,7,0,29,4,2,0,0,3,1,2,9.4,-1.4,0,6,1,3,14,0,0
20260004,Zane Zakostelsky,Brisbane,0.0,4.8,5.36,3.2,1.7,2.7,0.0,56,54,0.0,0.0,44,3,3,6,66.7,1,21,0,4,1,0,0,1,0,40,1,3,0,0,1,1,0,6.0,0.0,0,4,3,3,13,14,0
20260001,Adam Saad,Carlton,0.0,12.2,10.01,0.2,9.2,4.8,3.0,83,30,0.0,0.0,64,5,6,11,81.8,221,112,0,5,5,4,4,2,3,0,0,1,0,0,0,0,0,0.0,0.0,0,3,2,0,8,0,0
20260001,Ashton Moir,Carlton,0.0,6.8,5.68,2.5,2.9,1.5,3.7,57,59,0.0,0.0,78,7,3,10,80.0,105,169,0,3,1,2,1,2,0,3,2,3,0,0,2,1,0,6.4,-0.4,0,5,0,4,9,0,0
20260001,Ben Ainsworth,Carlton,0.0,16.3,6.66,1.8,11.9,4.7,8.9,62,60,0.0,0.0,74,7,7,14,85.7,287,160,3,3,3,2,2,7,1,0,1,3,0,0,3,2,0,7.4,4.6,1,5,1,1,10,0,0
20260001,Brodie Kemp,Carlton,0.0,5.4,6.66,0.0,2.0,7.1,-3.2,68,56,0.0,0.0,92,8,7,15,66.7,132,98,2,6,3,6,3,5,1,0,0,3,0,2,3,1,1,7.8,-0.8,0,3,0,1,10,0,0
20260001,Campbell Chesser,Carlton,0.0,3.7,6.6,2.2,0.9,4.5,0.4,63,60,0.0,0.0,75,8,9,17,76.5,274,159,0,5,5,2,2,5,3,0,0,5,2,0,1,0,0,2.3,-2.3,0,2,2,2,12,0,0
20260001,Cooper Lord,Carlton,0.0,11.3,9.15,1.9,4.8,6.1,0.4,85,76,0.0,0.0,74,11,15,26,76.9,408,321,7,7,5,5,3,12,4,22,1,3,0,0,1,0,1,2.5,-1.5,1,5,1,0,14,0,0
20260001,Elijah Hollands,Carlton,0.0,5.9,9.3,-1.3,6.6,7.7,-0.7,61,63,0.0,0.0,79,12,7,19,52.6,216,83,3,8,4,8,4,4,5,0,0,1,0,0,1,1,0,2.0,4.0,1,2,0,1,12,0,0
20260001,George Hewett,Carlton,0.0,2.8,12.36,0.0,-0.7,6.6,-5.6,70,75,0.0,0.0,65,9,10,19,52.6,181,80,1,7,4,4,2,10,1,53,2,2,0,1,0,0,0,0.0,0.0,0,2,0,6,25,0,0
20260001,Harry Dean,Carlton,0.0,11.2,5.36,-0.4,7.2,6.5,-1.8,59,48,0.0,0.0,80,7,7,14,57.1,220,136,1,7,4,6,3,6,6,0,0,1,0,0,0,0,0,0.0,0.0,0,1,1,2,14,0,0
20260001,Harry McKay,Carlton,0.0,4.8,9.53,-2.2,4.7,7.1,-2.3,50,49,0.0,0.0,96,10,3,13,61.5,321,55,3,7,4,7,4,2,3,0,0,5,1,2,1,1,0,5.4,0.6,0,5,2,0,5,0,0
20260001,Jacob Weitering,Carlton,0.0,5.8,9.97,0.0,4.8,3.7,-0.4,73,58,0.0,0.0,95,12,3,15,86.7,214,205,1,4,3,4,3,2,7,0,0,5,1,0,0,0,0,0.0,0.0,0,0,0,0,3,0,0
20260001,Jagga Smith,Carlton,0.0,6.0,5.72,2.3,2.6,2.9,2.0,65,82,0.0,0.0,79,11,16,27,74.1,347,423,4,5,4,2,2,16,2,53,3,3,0,0,0,0,0,0.0,0.0,0,4,0,2,5,0,0
20260001,Lachie Fogarty,Carlton,0.0,4.9,7.74,1.9,0.9,5.9,-0.8,58,36,0.0,0.0,66,5,9,14,64.3,212,27,0,7,6,5,5,6,0,0,0,1,0,0,0,0,0,0.0,0.0,0,1,0,0,4,0,0
20260001,Lewis Young,Carlton,0.0,3.6,7.26,0.0,3.6,3.9,0.0,60,41,0.0,0.0,100,6,5,11,72.7,138,112,0,5,2,5,2,2,6,0,0,4,0,0,0,0,0,0.0,0.0,0,0,0,1,9,0,0
20260001,Liam Reidy,Carlton,0.0,1.8,4.84,-0.4,-0.2,4.3,-1.2,31,40,0.0,0.0,61,3,2,5,40.0,83,19,1,4,2,4,2,0,0,22,1,1,0,1,1,0,1,2.4,-1.4,0,2,1,2,14,17,0
20260001,Marc Pittonet,Carlton,0.0,26.0,12.74,16.5,7.3,8.3,15.3,108,92,0.02,0.0,67,8,10,18,88.9,175,275,1,12,6,4,2,4,2,78,8,3,1,1,3,3,0,9.0,9.0,0,5,3,2,11,17,0
20260001,Mitch McGovern,Carlton,0.0,10.0,9.47,-0.9,11.0,3.9,2.3,58,59,0.0,0.0,79,12,4,16,87.5,421,84,2,3,3,3,3,4,5,0,0,5,2,0,0,0,0,0.0,0.0,0,1,0,0,9,0,0
20260001,Oliver Florent,Carlton,0.0,12.1,8.03,1.4,8.3,9.0,0.6,95,85,0.0,0.0,84,16,6,22,59.1,464,108,2,9,8,6,5,4,11,0,2,7,4,1,0,0,0,0.0,0.0,0,3,1,1,9,0,0
20260001,Oliver Hollands,Carlton,0.0,7.5,7.57,4.8,1.7,4.2,2.8,73,69,0.0,0.0,82,12,6,18,77.8,336,343,4,6,4,3,2,4,2,6,3,4,0,0,1,0,0,2.8,-2.8,2,3,0,2,13,0,0
20260001,Patrick Cripps,Carlton,0.0,8.9,13.8,4.8,-1.0,5.1,1.5,60,57,0.0,0.0,80,8,11,19,73.7,186,203,2,10,7,3,2,6,0,62,4,2,0,0,2,0,1,3.2,-2.2,0,4,1,3,20,0,0
20260001,Sam Walsh,Carlton,3.0,15.7,12.21,4.6,3.9,7.7,0.6,114,99,0.22,1.0,77,16,16,32,65.6,696,253,9,13,9,3,3,15,3,84,6,3,1,0,1,0,0,2.6,-2.6,0,8,2,2,19,0,0
20260001,Will Hayward,Carlton,0.0,6.0,7.37,0.0,4.1,2.3,2.1,53,58,0.0,0.0,75,9,2,11,54.5,223,22,1,3,3,3,3,5,0,0,0,3,0,0,3,1,2,8.3,-0.3,0,4,0,3,9,0,0
20260001,Zac Williams,Carlton,0.0,14.9,10.55,4.8,8.2,10.2,4.8,82,50,0.0,0.0,79,10,6,16,62.5,257,183,3,12,9,6,4,6,7,16,6,1,1,0,1,0,1,2.0,-1.0,0,3,2,3,21,0,0
20260005,Beau McCreery,Collingwood,0.0,13.5,8.85,0.7,9.3,2.2,7.4,60,68,0.05,0.0,78,10,6,16,68.8,368,92,5,2,1,1,1,6,1,38,1,4,0,0,3,2,1,9.1,3.9,0,5,1,1,29,0,0
20260005,Billy Frampton,Collingwood,0.0,5.8,7.66,0.0,6.2,4.9,1.9,81,79,0.01,0.0,100,14,5,19,89.5,239,227,0,4,3,4,3,2,7,0,0,13,2,0,0,0,0,0.0,0.0,0,4,1,0,5,0,0
20260005,Brayden Maynard,Collingwood,0.0,11.8,9.33,0.0,7.7,8.3,0.8,128,119,0.08,0.0,87,18,9,27,85.2,436,208,1,9,8,9,8,5,9,0,0,13,1,1,1,0,1,1.2,-0.2,0,5,2,4,11,0,0
20260005,Dan Houston,Collingwood,2.0,6.9,9.81,1.3,3.5,4.1,0.3,94,120,0.21,0.0,81,21,7,28,75.0,629,198,2,2,2,1,1,8,4,0,1,11,2,0,1,0,1,3.3,-2.3,0,4,1,3,9,0,0
20260005,Daniel McStay,Collingwood,0.0,5.9,7.06,0.5,5.5,1.9,4.3,39,32,0.0,0.0,78,2,4,6,66.7,42,45,0,3,1,0,0,1,0,0,1,1,0,0,1,1,0,2.0,4.0,0,2,0,2,7,1,0
20260005,Darcy Cameron,Collingwood,0.0,14.8,12.79,3.6,8.8,8.7,4.2,107,112,0.08,0.0,87,12,7,19,73.7,153,216,0,13,4,6,2,1,7,83,5,5,2,2,1,1,0,3.4,2.6,0,5,3,6,10,20,0
20260005,Edward Allan,Collingwood,0.0,2.9,8.22,0.5,0.9,2.2,0.0,35,38,0.0,0.0,64,4,6,10,70.0,129,112,2,4,3,3,2,4,3,0,1,3,0,0,0,0,0,0.0,0.0,0,2,0,2,12,0,0
20260005,Harry Perryman,Collingwood,0.0,5.8,8.35,1.7,2.7,2.8,2.6,63,80,0.04,0.0,81,15,7,22,59.1,301,131,2,5,4,4,4,10,2,62,2,5,0,0,0,0,0,0.0,0.0,0,4,2,3,13,0,0
20260005,Isaac Quaynor,Collingwood,2.0,9.9,8.19,1.1,8.3,5.1,3.3,90,95,0.1,0.0,86,15,8,23,91.3,250,363,0,5,3,4,2,5,9,0,1,11,3,1,0,0,0,0.0,0.0,0,7,2,0,6,0,0
20260005,Jack Buller,Collingwood,0.0,0.9,4.96,-0.1,-0.7,1.8,-2.0,20,24,0.0,0.0,77,3,3,6,50.0,84,47,0,3,2,2,1,2,0,17,0,1,0,0,0,0,0,0.0,0.0,0,1,0,2,10,0,0
20260005,Jack Crisp,Collingwood,0.0,14.7,12.05,0.0,13.2,9.3,4.1,109,97,0.04,0.0,74,10,16,26,88.5,237,297,2,9,8,9,8,8,8,4,0,9,3,1,0,0,0,0.0,0.0,0,8,3,2,9,0,0
20260005,Jamie Elliott,Collingwood,0.0,7.0,8.02,0.7,4.1,4.2,2.3,50,53,0.0,0.0,81,9,2,11,63.6,257,64,4,3,2,2,1,1,0,0,1,6,0,1,2,1,1,6.7,0.3,0,6,1,0,13,0,0
20260005,Jordan De Goey,Collingwood,4.0,18.2,9.74,-0.3,15.8,4.1,12.1,90,79,0.61,1.0,69,12,7,19,78.9,405,229,2,5,3,4,3,10,2,29,2,3,0,0,3,3,0,9.0,9.0,0,7,0,1,6,0,0
20260005,Josh Daicos,Collingwood,4.0,10.7,10.65,2.4,3.9,6.2,0.8,134,141,1.12,4.0,89,27,9,36,80.6,444,486,4,9,7,4,4,8,4,8,3,13,0,0,0,0,0,0.0,0.0,0,8,1,1,6,0,0
20260005,Lachie Schultz,Collingwood,0.0,7.8,8.49,0.0,7.5,2.4,4.7,108,112,0.08,0.0,82,13,7,20,80.0,277,310,0,3,0,3,0,5,1,0,0,9,0,0,2,2,0,5.7,6.3,0,5,0,4,22,0,0
20260005,Ned Long,Collingwood,0.0,6.8,9.31,1.5,1.6,3.3,0.3,70,66,0.0,0.0,71,4,9,13,61.5,75,173,1,6,6,2,2,5,0,54,2,1,0,0,0,0,0,0.0,0.0,1,2,0,9,25,0,0
20260005,Nick Daicos,Collingwood,10.0,9.3,15.71,0.7,5.6,3.1,5.0,117,136,2.94,94.0,85,25,16,41,75.6,844,545,5,6,4,1,1,23,2,71,4,7,0,0,2,0,2,5.6,-3.6,1,11,2,2,9,0,0
20260005,Patrick Lipinski,Collingwood,0.0,6.7,8.62,0.4,2.7,1.3,1.0,59,98,0.01,0.0,75,14,7,21,66.7,346,277,3,2,1,1,0,6,1,4,1,12,0,0,0,0,0,0.0,0.0,0,6,0,2,15,0,0
20260005,Roan Steele,Collingwood,0.0,7.4,6.71,0.0,6.6,0.4,5.5,53,53,0.0,0.0,75,6,5,11,90.9,223,90,1,1,0,1,0,6,3,0,0,2,0,0,1,1,0,4.0,2.0,1,4,2,3,14,0,0
20260005,Scott Pendlebury,Collingwood,2.0,14.7,10.45,4.2,4.8,8.5,0.3,112,101,0.09,0.0,55,9,17,26,80.8,31,415,2,11,9,6,6,7,4,12,3,8,0,0,0,0,0,0.0,0.0,5,10,1,4,13,0,0
20260005,Steele Sidebottom,Collingwood,0.0,6.7,9.51,3.9,1.2,2.0,3.2,55,49,0.01,0.0,72,9,6,15,80.0,275,192,2,3,3,1,1,7,2,17,1,3,0,0,0,0,0,0.0,0.0,1,6,1,1,12,0,0
20260005,Tim Membrey,Collingwood,0.0,-2.9,5.4,0.0,-6.7,3.3,-8.1,32,31,0.0,0.0,77,5,3,8,25.0,91,56,0,2,1,2,1,3,0,0,0,4,0,1,4,0,3,9.6,-6.6,0,6,0,1,5,0,0
20260005,Wil Parker,Collingwood,0.0,8.7,5.89,0.0,6.7,4.4,3.0,49,33,0.0,0.0,77,7,4,11,81.8,199,69,2,3,1,3,1,4,5,0,0,3,1,0,0,0,0,0.0,0.0,0,1,0,0,19,0,0
20260002,Bailey Smith,Geelong,0.0,7.6,13.8,-1.2,6.1,3.3,2.5,67,80,0.01,0.0,83,17,6,23,56.5,667,108,7,5,5,4,4,13,4,42,0,3,0,0,0,0,0,0.0,0.0,1,3,0,2,22,0,0
20260002,Brad Close,Geelong,0.0,2.2,8.42,0.0,2.0,2.6,0.0,21,18,0.0,0.0,82,2,6,8,50.0,70,60,1,4,4,4,4,3,0,0,0,1,0,0,1,0,0,2.1,-2.1,0,2,0,0,11,0,0
20260002,Connor O'Sullivan,Geelong,0.0,10.0,8.66,0.0,7.4,6.5,1.0,75,73,0.0,0.0,93,14,4,18,77.8,292,235,1,5,1,5,1,5,9,0,0,5,1,1,0,0,0,0.0,0.0,0,3,0,3,13,0,0
20260002,Gryan Miers,Geelong,0.0,3.5,11.46,1.6,-5.0,3.5,-6.9,75,121,0.01,0.0,78,16,12,28,64.3,404,443,4,5,3,3,2,12,2,0,1,10,0,0,1,0,1,2.6,-1.6,0,3,0,4,21,0,0
20260002,Jack Henry,Geelong,0.0,7.4,8.46,0.0,6.5,4.1,2.9,63,45,0.0,0.0,89,6,9,15,86.7,118,246,1,5,5,5,5,2,9,0,0,4,1,0,0,0,0,0.0,0.0,0,3,2,0,5,0,0
20260002,Jack Martin,Geelong,0.0,4.1,7.72,-1.5,2.7,4.6,-3.0,52,40,0.0,0.0,67,5,8,13,69.2,132,99,2,7,5,5,4,3,1,0,1,2,0,0,0,0,0,0.0,0.0,0,2,1,1,8,0,0
20260002,James Worpel,Geelong,0.0,9.5,9.66,5.5,-1.3,4.4,1.5,78,92,0.01,0.0,66,10,7,17,64.7,276,160,5,7,0,1,0,7,1,58,9,1,0,0,1,0,1,2.5,-1.5,0,3,1,11,29,0,0
20260002,Jhye Clark,Geelong,0.0,9.1,7.02,1.9,4.8,4.7,2.6,34,38,0.0,0.0,50,6,5,11,54.5,300,110,3,5,3,3,2,5,2,18,2,1,0,1,2,1,0,4.9,1.1,0,1,0,1,11,0,0
20260002,Lawson Humphries,Geelong,0.0,8.7,8.07,0.2,6.0,1.5,2.8,63,63,0.0,0.0,81,8,8,16,68.8,369,185,2,1,1,0,0,10,1,0,0,1,0,0,0,0,0,0.0,0.0,0,3,0,5,12,0,0
20260002,Mark Blicavs,Geelong,0.0,4.8,10.11,2.4,1.8,4.3,-1.4,49,62,0.0,0.0,77,5,10,15,73.3,-25,228,0,6,4,2,2,3,3,85,2,2,0,0,0,0,0,0.0,0.0,1,3,2,2,9,18,0
20260002,Mark O'Connor,Geelong,0.0,7.6,6.79,3.7,1.4,6.3,-2.6,80,79,0.0,0.0,82,6,11,17,76.5,137,259,0,8,4,4,3,6,4,42,2,4,0,0,1,0,1,4.3,-3.3,0,5,2,6,14,0,0
20260002,Max Holmes,Geelong,0.0,10.2,15.3,7.3,-1.7,11.0,-4.5,103,108,0.02,0.0,75,14,15,29,62.1,493,173,6,14,12,3,2,8,4,58,9,8,1,0,1,0,0,2.0,-2.0,0,3,1,5,24,0,0
20260002,Mitch Knevitt,Geelong,0.0,7.4,7.73,0.0,6.7,5.1,2.2,46,43,0.0,0.0,77,6,5,11,54.5,194,160,1,5,2,5,2,4,1,0,0,3,0,1,3,1,1,8.2,-1.2,1,5,0,0,10,0,0
20260002,Oisin Mullin,Geelong,0.0,1.2,6.38,-0.5,-0.2,0.6,-0.3,25,28,0.0,0.0,80,1,3,4,75.0,11,49,0,1,1,0,0,3,0,6,0,1,0,0,0,0,0,0.0,0.0,0,2,0,4,15,0,0
20260002,Oliver Dempsey,Geelong,0.0,22.6,10.88,3.2,18.3,9.0,12.5,109,94,0.02,0.0,85,8,12,20,85.0,228,114,1,10,8,8,6,4,2,0,2,4,0,1,6,4,1,22.0,3.0,0,9,2,2,8,0,0
20260002,Oliver Henry,Geelong,0.0,6.4,6.58,0.0,3.0,1.9,3.5,42,48,0.0,0.0,83,6,3,9,77.8,238,56,5,3,1,3,1,5,0,0,0,3,0,0,2,2,0,8.2,3.8,0,3,0,1,12,0,0
20260002,Sam De Koning,Geelong,0.0,2.9,8.5,2.8,-0.3,4.2,-1.8,41,45,0.0,0.0,81,6,7,13,61.5,139,134,1,4,3,2,2,1,6,15,2,5,1,0,0,0,0,0.0,0.0,0,0,0,0,5,1,0
20260002,Shannon Neale,Geelong,0.0,3.8,8.12,-1.5,2.6,4.9,-3.9,48,40,0.0,0.0,90,4,1,5,40.0,131,1,0,5,0,3,0,1,0,0,1,2,0,0,4,1,2,12.6,-4.6,1,5,0,1,8,6,0
20260002,Shaun Mannagh,Geelong,0.0,10.6,11.7,1.4,7.7,4.6,4.4,56,52,0.0,0.0,81,8,2,10,80.0,272,118,2,3,1,2,0,4,1,0,1,3,0,1,2,1,0,6.3,-0.3,1,4,1,2,19,0,0
20260002,Tanner Bruhn,Geelong,0.0,13.6,10.11,2.3,8.5,4.1,8.4,91,98,0.03,0.0,72,22,9,31,67.7,600,266,4,6,6,3,3,13,6,3,2,5,0,0,1,0,1,2.7,-1.7,2,6,2,1,5,0,0
20260002,Tom Atkins,Geelong,0.0,14.6,12.78,7.3,5.4,11.0,0.8,98,102,0.02,0.0,77,13,13,26,57.7,261,310,3,16,12,6,5,6,5,73,6,3,0,0,0,0,0,0.0,0.0,0,5,4,6,22,0,0
20260002,Tom Stewart,Geelong,0.0,11.1,10.23,1.1,8.0,5.2,3.3,104,75,0.0,0.0,80,16,8,24,79.2,596,235,1,6,5,5,4,8,8,0,1,2,0,0,0,0,0,0.0,0.0,0,2,1,1,8,0,0
20260002,Zach Guthrie,Geelong,0.0,8.6,8.85,0.0,8.2,4.9,2.9,81,75,0.0,0.0,71,9,9,18,88.9,229,320,0,5,2,5,2,8,6,0,0,5,2,1,0,0,0,0.0,0.0,0,2,0,3,13,0,0
20260002,Alex Davies,Gold Coast,0.0,9.4,10.03,1.3,3.1,7.6,-0.6,60,60,0.02,0.0,59,5,12,17,52.9,157,21,3,14,7,5,3,6,3,61,4,0,0,0,0,0,0,0.0,0.0,0,3,1,8,24,0,0
20260002,Bailey Humphrey,Gold Coast,8.0,16.7,10.39,0.2,13.9,7.9,7.5,116,86,1.2,4.0,77,11,4,15,53.3,335,61,2,6,5,6,5,4,4,9,1,4,0,0,6,4,2,13.9,12.1,1,9,3,3,10,0,0
20260002,Ben King,Gold Coast,0.0,7.2,8.06,0.0,5.5,2.5,6.7,46,39,0.05,0.0,96,4,1,5,100.0,84,-7,0,3,2,3,2,1,0,0,0,2,0,0,4,4,0,17.3,6.7,0,4,0,0,11,0,0
20260002,Ben Long,Gold Coast,0.0,11.1,6.68,-0.3,9.6,3.7,6.5,74,70,0.01,0.0,83,7,7,14,64.3,111,200,1,7,6,6,5,3,3,0,0,1,0,0,2,2,0,6.7,5.3,1,5,1,5,14,0,0
20260002,Bodhi Uwland,Gold Coast,0.0,8.9,9.18,0.0,6.0,2.6,5.0,71,57,0.01,0.0,89,10,9,19,94.7,352,293,1,3,3,3,3,6,6,0,1,3,0,0,0,0,0,0.0,0.0,1,2,2,2,9,0,0
20260002,Christian Petracca,Gold Coast,10.0,36.9,14.25,6.8,26.2,9.4,24.4,170,121,2.95,95.0,77,15,19,34,82.4,678,507,10,15,12,7,6,13,3,58,6,5,0,1,3,3,0,9.8,8.2,1,12,2,2,16,0,0
20260002,Daniel Rioli,Gold Coast,0.0,7.6,9.64,3.3,6.1,6.5,2.6,96,90,0.08,0.0,84,15,9,24,75.0,475,368,5,6,2,3,1,13,5,0,3,4,1,0,1,0,1,3.3,-2.3,1,3,1,3,14,0,0
20260002,Ethan Read,Gold Coast,0.0,-5.8,4.71,0.2,-8.0,3.0,-8.8,43,62,0.01,0.0,78,8,6,14,42.9,102,147,1,3,1,2,1,7,1,15,0,3,0,1,2,0,1,6.3,-5.3,2,5,0,4,11,6,0
20260002,Jarrod Witts,Gold Coast,0.0,8.3,13.09,3.0,4.7,4.7,-0.8,71,79,0.01,0.0,79,3,5,8,50.0,66,93,2,6,3,2,1,2,1,85,1,1,1,1,0,0,0,0.0,0.0,0,5,3,1,7,52,0
20260002,Joel Jeffrey,Gold Coast,0.0,9.2,10.33,0.0,8.3,2.9,5.8,88,80,0.02,0.0,80,16,6,22,86.4,537,314,4,4,4,4,4,9,6,0,0,5,0,0,0,0,0,0.0,0.0,1,2,1,2,9,0,0
20260002,John Noble,Gold Coast,4.0,14.2,8.77,1.1,11.3,1.7,9.4,116,115,0.7,1.0,83,17,11,28,82.1,570,406,2,2,2,1,1,16,3,0,0,6,0,0,2,2,0,6.7,5.3,0,4,1,3,7,0,0
20260002,Jy Farrar,Gold Coast,0.0,3.2,7.08,0.0,1.0,2.5,-2.0,29,28,0.0,0.0,66,1,4,5,80.0,-38,45,0,3,2,3,2,2,0,0,0,0,0,0,0,0,0,0.0,0.0,1,1,0,4,14,0,0
20260002,Lachie Weller,Gold Coast,0.0,9.9,8.45,2.5,6.3,4.0,4.7,73,71,0.02,0.0,81,10,11,21,81.0,563,298,4,6,5,4,3,11,5,0,2,2,1,0,0,0,0,0.0,0.0,0,4,1,3,11,0,0
20260002,Leonardo Lombard,Gold Coast,0.0,10.6,4.08,0.0,8.6,2.1,6.8,69,75,0.02,0.0,80,9,6,15,73.3,369,166,5,4,4,4,4,5,3,0,0,4,0,0,4,2,2,10.0,4.0,1,7,0,4,18,0,0
20260002,Mac Andrew,Gold Coast,0.0,14.0,8.52,0.6,9.0,6.8,4.7,73,78,0.02,0.0,84,9,17,26,88.5,289,367,3,8,7,6,5,11,7,0,2,5,0,0,1,0,0,1.3,-1.3,0,3,1,1,9,0,0
20260002,Noah Anderson,Gold Coast,0.0,12.1,16.49,5.5,3.1,7.8,2.9,100,100,0.24,0.0,84,17,7,24,62.5,562,237,10,12,7,6,4,9,5,73,6,5,0,0,5,1,4,12.9,-2.9,1,12,4,3,18,0,0
20260002,Oscar Adams,Gold Coast,0.0,9.2,3.07,0.0,7.3,5.3,1.7,53,44,0.0,0.0,71,3,9,12,91.7,98,141,1,7,4,7,4,5,6,0,0,1,0,0,0,0,0,0.0,0.0,0,1,0,3,8,0,0
20260002,Sam Clohesy,Gold Coast,0.0,9.1,8.25,-1.0,9.0,4.3,4.6,74,64,0.01,0.0,79,10,9,19,84.2,410,264,4,5,5,5,5,9,5,0,0,5,0,0,0,0,0,0.0,0.0,0,2,1,1,12,0,0
20260002,Sam Collins,Gold Coast,3.0,11.1,11.46,-0.2,7.9,7.5,-3.7,89,64,0.1,0.0,88,5,12,17,70.6,137,171,0,7,4,6,4,4,9,0,0,8,5,2,0,0,0,0.0,0.0,0,1,1,1,5,0,0
20260002,Touk Miller,Gold Coast,4.0,20.1,14.78,4.1,12.5,9.3,7.2,120,109,0.33,0.0,77,10,20,30,80.0,356,352,3,11,11,6,6,14,5,9,4,3,1,0,1,1,0,2.2,3.8,0,4,1,6,16,0,0
20260002,Wil Powell,Gold Coast,1.0,14.4,9.48,2.3,4.7,4.3,4.4,87,69,0.06,0.0,79,10,9,19,84.2,365,310,3,5,4,2,2,10,2,76,2,2,0,0,0,0,0,0.0,0.0,1,3,2,5,20,0,0
20260002,Will Graham,Gold Coast,0.0,0.2,9.43,1.6,-1.2,2.0,-0.1,46,42,0.0,0.0,62,5,3,8,75.0,202,153,2,4,3,1,1,0,1,15,2,4,0,0,2,0,1,6.8,-5.8,2,6,2,4,15,0,0
20260002,Zeke Uwland,Gold Coast,0.0,1.2,5.36,0.0,-0.3,3.8,-0.7,37,42,0.01,0.0,62,10,6,16,62.5,339,266,5,4,3,4,3,7,5,0,0,1,0,0,0,0,0,0.0,0.0,0,4,2,1,7,0,0
20260003,Callum Brown,Greater Western Sydney,0.0,6.7,8.74,0.0,5.9,3.0,2.5,35,37,0.0,0.0,69,3,7,10,60.0,163,105,1,4,3,4,3,4,1,0,0,1,0,0,1,1,0,2.2,3.8,0,1,0,1,11,0,0
20260003,Clayton Oliver,Greater Western Sydney,7.0,21.6,11.34,11.6,6.3,10.5,7.8,121,89,1.3,19.0,85,9,17,26,76.9,274,378,4,19,16,7,6,4,4,83,10,3,1,1,2,1,0,3.4,2.6,0,7,4,4,23,0,0
20260003,Connor Idun,Greater Western Sydney,0.0,8.2,9.17,0.3,7.7,3.4,0.5,71,61,0.0,0.0,100,10,3,13,92.3,163,56,0,4,2,3,2,1,6,0,1,5,0,0,0,0,0,0.0,0.0,0,2,0,2,4,0,0
20260003,Finn Callaghan,Greater Western Sydney,6.0,14.1,14.55,2.9,7.6,4.5,6.1,89,86,1.46,23.0,76,15,11,26,73.1,735,245,9,7,6,2,2,19,1,83,6,1,0,0,0,0,0,0.0,0.0,0,6,0,4,20,0,0
20260003,Harry Himmelberg,Greater Western Sydney,0.0,7.4,9.23,1.2,4.5,4.0,2.4,70,66,0.0,0.0,78,8,11,19,84.2,312,334,2,4,4,3,3,7,4,0,1,5,0,0,0,0,0,0.0,0.0,0,1,0,2,5,0,0
20260003,Harry Rowston,Greater Western Sydney,0.0,6.6,7.97,1.4,4.3,2.4,4.1,60,63,0.01,0.0,61,12,3,15,60.0,313,156,3,4,2,1,0,4,2,56,3,6,0,0,1,1,0,2.8,3.2,0,4,1,0,11,0,0
20260003,Harvey Thomas,Greater Western Sydney,0.0,12.6,8.53,0.9,10.1,7.2,3.3,84,68,0.01,0.0,78,11,9,20,80.0,386,65,3,7,5,4,3,8,3,0,2,4,0,0,0,0,0,0.0,0.0,1,4,2,1,11,0,0
20260003,Jack Buckley,Greater Western Sydney,0.0,6.1,10.01,0.0,3.9,3.1,-2.4,66,60,0.0,0.0,78,10,2,12,83.3,203,78,0,1,0,1,0,3,4,0,0,6,3,1,0,0,0,0.0,0.0,0,0,0,2,8,0,0
20260003,Jake Riccardi,Greater Western Sydney,0.0,11.4,7.21,-1.0,10.8,4.0,9.0,111,95,0.14,1.0,75,12,5,17,70.6,429,167,8,4,3,3,3,5,2,25,0,7,0,0,4,3,1,11.8,7.2,2,7,2,4,8,7,0
20260003,Jake Stringer,Greater Western Sydney,10.0,23.6,8.92,6.5,15.8,8.0,13.5,131,97,2.29,49.0,86,13,1,14,57.1,362,80,1,8,5,6,3,2,1,0,2,5,0,1,10,5,4,26.7,7.3,1,11,1,2,8,0,0
20260003,Jayden Laverde,Greater Western Sydney,0.0,7.4,5.96,0.0,6.4,3.6,1.3,75,64,0.01,0.0,83,10,4,14,92.9,329,126,2,3,2,3,2,3,6,0,0,7,2,1,0,0,0,0.0,0.0,0,4,2,2,8,0,0
20260003,Jesse Hogan,Greater Western Sydney,0.0,11.4,8.78,0.0,10.0,4.7,7.4,75,52,0.01,0.0,86,7,1,8,87.5,229,-8,2,4,1,4,1,1,2,0,0,3,0,1,3,3,0,14.1,3.9,0,6,1,1,9,0,0
20260003,Joe Fonti,Greater Western Sydney,2.0,15.9,6.39,2.8,10.7,9.1,3.4,119,90,0.12,1.0,89,14,8,22,77.3,304,347,2,10,8,7,5,5,11,0,3,9,4,1,0,0,0,0.0,0.0,1,4,1,1,13,0,0
20260003,Josaia Delana,Greater Western Sydney,0.0,6.5,4.0,0.0,5.2,3.2,2.5,43,13,0.0,0.0,63,3,3,6,100.0,93,152,2,5,5,5,5,2,1,0,0,0,0,0,0,0,0,0.0,0.0,1,5,1,1,12,0,0
20260003,Kieren Briggs,Greater Western Sydney,0.0,15.0,12.42,9.1,3.1,7.0,4.5,78,67,0.01,0.0,70,6,3,9,66.7,237,45,4,9,6,2,2,0,2,75,7,0,0,0,0,0,0,0.0,0.0,0,2,2,5,14,28,0
20260003,Lachie Ash,Greater Western Sydney,0.0,10.0,10.95,0.0,5.1,1.6,1.9,69,84,0.01,0.0,85,15,5,20,75.0,406,175,2,3,2,3,2,5,2,0,0,8,0,0,0,0,0,0.0,0.0,0,2,1,1,11,0,0
20260003,Lachie Whitfield,Greater Western Sydney,0.0,6.6,10.09,0.0,1.8,2.1,0.4,103,87,0.04,0.0,86,17,10,27,81.5,377,542,1,2,1,2,1,10,4,0,0,5,0,0,0,0,0,0.0,0.0,0,5,0,1,17,0,0
20260003,Max Gruzewski,Greater Western Sydney,0.0,9.2,4.99,-0.8,9.7,2.6,6.3,54,33,0.0,0.0,69,3,3,6,83.3,127,128,1,3,2,3,2,0,0,0,0,3,0,1,2,2,0,7.2,4.8,0,4,0,0,2,0,0
20260003,Phoenix Gothard,Greater Western Sydney,0.0,10.1,5.72,2.8,6.1,2.9,6.0,47,46,0.0,0.0,75,7,3,10,80.0,237,111,3,4,4,2,2,3,1,0,2,1,0,0,2,1,1,8.3,-1.3,0,3,1,3,15,0,0
20260003,Ryan Angwin,Greater Western Sydney,0.0,7.8,8.47,1.5,3.5,2.3,2.6,56,52,0.0,0.0,83,5,7,12,83.3,248,119,1,3,3,2,2,6,2,0,1,1,0,0,0,0,0,0.0,0.0,0,2,1,5,20,0,0
20260003,Stephen Coniglio,Greater Western Sydney,5.0,12.3,8.68,1.5,7.8,8.2,1.3,122,94,0.43,5.0,80,13,9,22,63.6,282,342,3,10,7,4,4,4,0,11,3,6,0,0,3,2,1,9.3,3.7,3,9,3,2,14,0,0
20260003,Toby Greene,Greater Western Sydney,0.0,11.7,10.21,3.0,9.0,8.4,3.7,89,77,0.07,1.0,78,16,4,20,50.0,504,194,8,12,6,5,4,5,3,67,3,1,0,0,1,0,0,2.7,-2.7,3,6,3,5,12,0,0
20260003,Xavier O'Halloran,Greater Western Sydney,0.0,5.0,8.44,-0.4,4.6,3.4,1.0,30,36,0.0,0.0,64,5,4,9,66.7,153,135,1,4,4,4,4,0,2,0,0,4,0,0,0,0,0,0.0,0.0,0,2,1,1,11,0,0
20260003,Blake Hardwick,Hawthorn,0.0,13.0,8.91,1.0,10.4,4.7,4.2,69,46,0.0,0.0,85,6,6,12,100.0,193,228,1,5,2,4,2,3,6,0,1,2,1,1,0,0,0,0.0,0.0,0,0,0,2,10,0,0
20260003,Connor Macdonald,Hawthorn,0.0,11.3,7.96,3.1,4.4,6.2,2.6,94,79,0.0,0.0,77,13,7,20,65.0,333,339,4,9,6,2,1,6,2,33,4,3,0,0,0,0,0,0.0,0.0,3,7,1,4,21,0,0
20260003,Conor Nash,Hawthorn,0.0,6.8,8.55,6.2,-0.5,3.9,1.2,62,61,0.0,0.0,75,8,9,17,58.8,164,254,3,8,5,1,1,5,1,58,6,2,0,0,0,0,0,0.0,0.0,0,4,1,3,13,0,0
20260003,Dylan Moore,Hawthorn,0.0,8.6,11.99,2.9,3.9,4.4,2.4,45,43,0.0,0.0,87,5,8,13,84.6,128,74,1,6,5,3,3,2,2,22,1,1,0,0,1,0,1,4.3,-3.3,0,3,2,2,10,0,0
20260003,Finn Maginness,Hawthorn,0.0,3.3,5.34,0.0,1.3,0.0,1.3,32,25,0.0,0.0,56,2,6,8,87.5,76,231,0,0,0,0,0,3,0,0,0,1,0,0,0,0,0,0.0,0.0,1,3,0,1,6,0,0
20260003,Harry Morrison,Hawthorn,0.0,4.4,8.7,0.0,2.2,1.8,1.9,39,69,0.0,0.0,87,12,5,17,64.7,384,260,4,0,0,0,0,9,4,0,0,6,2,0,0,0,0,0.0,0.0,0,4,1,2,19,0,0
20260003,Jack Ginnivan,Hawthorn,0.0,11.7,8.73,1.3,7.9,4.7,4.3,70,82,0.0,0.0,77,12,5,17,64.7,291,159,5,5,4,3,2,3,2,0,2,6,0,0,2,2,0,7.5,4.5,0,4,1,1,13,0,0
20260003,Jack Gunston,Hawthorn,0.0,17.0,8.93,0.0,15.6,4.7,11.7,69,62,0.0,0.0,83,6,1,7,85.7,214,30,1,3,2,3,2,1,1,0,0,4,0,0,5,4,1,15.2,9.8,0,7,1,2,15,0,0
20260003,Jack Scrimshaw,Hawthorn,0.0,10.2,9.22,-0.2,8.4,5.7,3.1,78,67,0.0,0.0,73,14,6,20,75.0,460,343,1,7,5,6,4,8,8,0,0,5,0,0,0,0,0,0.0,0.0,0,1,1,0,4,0,0
20260003,Jai Newcombe,Hawthorn,0.0,7.8,12.98,2.1,2.2,1.8,3.6,63,83,0.06,0.0,75,16,9,25,68.0,535,361,4,4,2,0,0,14,0,89,4,4,0,0,0,0,0,0.0,0.0,0,5,0,3,16,0,0
20260003,James Sicily,Hawthorn,0.0,18.5,9.54,1.1,15.8,11.2,4.4,128,89,0.02,0.0,86,15,8,23,95.7,592,246,7,12,5,11,4,6,14,0,1,5,2,1,0,0,0,0.0,0.0,1,1,2,2,9,0,0
20260003,Jarman Impey,Hawthorn,0.0,8.7,8.88,-0.7,6.9,2.9,2.9,67,68,0.0,0.0,84,11,7,18,77.8,416,210,4,5,5,4,4,7,3,0,0,3,0,0,1,0,0,2.0,-2.0,0,2,0,3,11,0,0
20260003,Josh Battle,Hawthorn,0.0,11.0,9.16,0.0,7.3,8.9,-2.1,82,77,0.0,0.0,93,13,7,20,80.0,422,247,2,7,6,7,6,4,8,0,0,7,2,1,2,0,1,7.3,-6.3,0,1,1,1,6,0,0
20260003,Josh Ward,Hawthorn,0.0,11.7,10.93,1.5,6.6,4.7,3.3,66,73,0.0,0.0,74,10,8,18,66.7,283,241,3,6,6,5,5,6,5,56,1,6,0,0,1,0,1,2.1,-1.1,0,5,2,2,11,0,0
20260003,Josh Weddle,Hawthorn,0.0,8.1,11.0,0.2,5.4,2.2,3.4,62,49,0.0,0.0,87,7,7,14,85.7,297,60,3,5,3,3,2,5,3,19,1,3,0,0,0,0,0,0.0,0.0,1,3,1,1,16,0,0
20260003,Karl Amon,Hawthorn,0.0,1.8,9.97,0.3,0.4,1.1,1.2,62,54,0.0,0.0,83,10,5,15,86.7,423,208,3,0,0,0,0,6,1,0,1,3,1,0,0,0,0,0.0,0.0,2,4,2,2,12,0,0
20260003,Lloyd Meek,Hawthorn,0.0,8.4,12.01,0.8,7.3,5.4,0.3,71,70,0.0,0.0,73,3,3,6,83.3,26,63,2,5,1,3,1,2,0,75,2,2,0,2,1,1,0,4.6,1.4,0,2,1,3,12,33,0
20260003,Mabior Chol,Hawthorn,0.0,11.8,8.36,3.7,7.3,10.4,1.0,63,56,0.0,0.0,68,8,1,9,66.7,128,64,1,8,3,4,1,0,0,25,5,3,0,3,3,2,1,14.8,-1.8,0,5,2,1,7,6,0
20260003,Massimo D'Ambrosio,Hawthorn,0.0,9.1,9.32,1.6,7.1,4.2,4.5,51,47,0.0,0.0,73,10,7,17,82.4,359,76,0,7,7,5,5,4,6,0,2,1,0,0,1,0,0,2.0,-2.0,0,3,1,0,9,0,0
20260003,Mitch Lewis,Hawthorn,0.0,4.2,6.93,-0.3,3.0,8.3,-5.8,59,67,0.0,0.0,62,7,3,10,70.0,141,126,3,7,1,5,0,1,1,0,2,6,0,2,4,1,1,11.3,-4.3,0,3,2,3,9,0,0
20260003,Nick Watson,Hawthorn,0.0,12.1,9.88,0.1,9.3,5.3,4.7,78,72,0.0,0.0,83,11,6,17,58.8,310,87,4,7,7,6,6,7,2,17,1,0,0,0,5,2,2,16.0,-2.0,1,8,0,4,14,0,0
20260003,Sam Butler,Hawthorn,0.0,10.8,5.18,4.5,5.4,3.4,6.4,54,50,0.0,0.0,74,8,2,10,80.0,244,-2,2,4,3,2,2,3,0,6,3,2,0,0,2,2,0,6.2,5.8,0,2,1,1,17,0,0
20260003,Tom Barrass,Hawthorn,0.0,9.6,9.16,0.0,8.4,5.7,0.8,38,22,0.0,0.0,82,3,5,8,100.0,0,111,0,3,1,3,1,3,5,0,0,3,3,2,0,0,0,0.0,0.0,0,3,2,0,4,0,0
20260005,Alix Tauru,St Kilda,0.0,3.2,5.59,0.5,2.3,0.8,1.5,21,20,0.0,0.0,71,4,2,6,83.3,72,23,0,2,0,1,0,2,1,0,1,1,0,0,0,0,0,0.0,0.0,0,2,0,0,9,0,0
20260005,Anthony Caminiti,St Kilda,0.0,5.5,7.56,0.0,4.8,3.5,-0.3,45,33,0.0,0.0,93,5,5,10,80.0,93,168,0,5,4,5,4,3,5,0,0,3,0,0,0,0,0,0.0,0.0,0,2,0,1,4,0,0
20260005,Bradley Hill,St Kilda,0.0,10.1,7.92,0.0,8.9,3.1,6.8,83,89,0.01,0.0,80,19,5,24,75.0,760,196,6,4,3,4,3,13,5,0,0,5,0,0,1,1,0,3.1,2.9,0,4,1,1,12,0,0
20260005,Callum Wilkie,St Kilda,0.0,16.0,10.39,0.0,13.7,6.3,5.7,104,104,0.02,0.0,100,16,10,26,92.3,278,291,1,7,5,7,5,6,9,0,0,12,2,2,0,0,0,0.0,0.0,0,4,2,0,2,0,0
20260005,Cooper Sharman,St Kilda,0.0,2.2,8.71,-0.4,0.0,6.7,-0.5,53,65,0.0,0.0,83,4,6,10,60.0,125,114,2,6,2,6,2,1,1,0,0,4,0,1,3,2,1,11.8,1.2,0,4,0,3,19,2,0
20260005,Darcy Wilson,St Kilda,0.0,-2.1,7.92,-1.6,0.0,3.4,-4.1,49,75,0.0,0.0,83,15,6,21,42.9,402,202,5,3,2,3,2,11,1,0,0,5,0,0,4,0,2,12.8,-10.8,1,6,1,2,11,0,0
20260005,Hugh Boxshall,St Kilda,0.0,1.1,8.09,0.9,-2.7,0.9,-2.5,33,46,0.0,0.0,67,4,3,7,42.9,121,43,2,1,0,0,0,5,0,0,1,2,0,0,1,0,1,2.0,-1.0,0,1,0,6,23,0,0
20260005,Hugo Garcia,St Kilda,0.0,8.7,9.02,5.3,1.2,4.8,1.6,78,79,0.01,0.0,71,7,10,17,82.4,177,318,5,7,4,1,1,6,0,67,5,4,0,0,0,0,0,0.0,0.0,0,4,0,6,18,0,0
20260005,Jack Carroll,St Kilda,0.0,5.0,7.58,0.5,1.7,3.2,-1.1,54,78,0.0,0.0,71,11,5,16,75.0,361,269,3,2,0,2,0,4,4,0,0,8,2,0,1,0,1,3.6,-2.6,0,2,0,2,7,0,0
20260005,Jack Higgins,St Kilda,0.0,12.0,8.05,0.8,6.6,5.2,2.2,72,48,0.0,0.0,80,4,7,11,90.9,100,181,2,5,3,4,2,5,1,0,1,1,0,0,1,1,0,4.9,1.1,0,5,2,3,12,0,0
20260005,Jack Macrae,St Kilda,0.0,8.8,10.74,3.3,4.4,7.7,0.1,53,53,0.0,0.0,52,3,11,14,71.4,127,204,1,9,5,6,5,5,2,46,4,1,0,0,0,0,0,0.0,0.0,0,3,0,6,13,0,0
20260005,Jack Silvagni,St Kilda,0.0,8.7,9.18,0.0,7.7,5.4,0.5,80,77,0.01,0.0,87,13,6,19,73.7,253,134,2,6,4,6,4,5,9,0,0,5,2,0,0,0,0,0.0,0.0,0,2,1,3,8,0,0
20260005,Jack Sinclair,St Kilda,6.0,24.9,13.8,1.9,18.6,6.5,13.2,143,122,0.34,0.0,88,21,14,35,94.3,560,709,3,7,5,6,5,13,7,0,1,6,0,0,0,0,0,0.0,0.0,1,4,0,3,7,0,0
20260005,Liam Ryan,St Kilda,0.0,1.2,7.83,0.0,0.0,4.7,0.6,24,35,0.0,0.0,71,6,3,9,55.6,251,84,1,4,2,4,2,1,2,0,0,1,0,0,3,1,2,7.7,0.3,0,5,1,1,6,0,0
20260005,Marcus Windhager,St Kilda,0.0,9.9,8.74,1.8,4.4,5.7,1.3,102,116,0.02,0.0,82,20,9,29,72.4,514,274,6,7,5,4,3,9,5,0,2,11,1,0,0,0,0,0.0,0.0,0,3,1,1,10,0,0
20260005,Mason Wood,St Kilda,0.0,6.3,7.97,1.5,3.4,2.7,2.2,55,48,0.0,0.0,66,8,5,13,69.2,264,119,2,5,5,3,3,5,2,0,2,2,0,0,0,0,0,0.0,0.0,0,1,0,2,7,0,0
20260005,Mattaes Phillipou,St Kilda,0.0,9.4,6.67,4.7,2.4,5.6,1.1,66,66,0.01,0.0,76,8,10,18,55.6,267,95,2,10,7,4,2,6,2,42,3,1,1,0,2,0,1,3.9,-2.9,0,4,1,4,26,0,0
20260005,Max Hall,St Kilda,0.0,9.3,12.03,-1.1,7.9,6.1,0.7,79,74,0.0,0.0,80,7,10,17,82.4,127,138,2,6,6,5,5,5,2,8,1,3,1,0,3,1,1,8.6,-1.6,1,6,1,5,26,0,0
20260005,Mitch Owens,St Kilda,0.0,11.3,9.01,0.0,12.0,7.1,4.3,77,62,0.0,0.0,86,8,4,12,58.3,263,-33,4,5,2,5,2,5,3,0,0,3,1,1,4,2,2,14.2,-0.2,1,6,1,1,4,1,0
20260005,Nasiah Wanganeen-Milera,St Kilda,0.0,11.8,15.01,3.9,4.0,3.0,5.9,63,73,0.02,0.0,79,16,3,19,68.4,374,126,5,5,4,3,3,6,0,62,2,1,0,0,1,1,0,2.4,3.6,0,4,2,3,14,0,0
20260005,Rowan Marshall,St Kilda,0.0,6.1,12.88,3.6,1.8,3.9,0.9,38,28,0.0,0.0,63,3,3,6,50.0,86,147,2,7,1,3,1,1,2,25,3,0,0,0,0,0,0,0.0,0.0,0,4,2,1,6,8,0
20260005,Sam Flanders,St Kilda,0.0,7.0,10.05,0.5,3.2,5.0,-0.5,77,100,0.06,0.0,87,14,14,28,60.7,505,323,3,7,5,5,4,12,4,75,1,7,0,0,0,0,0,0.0,0.0,0,4,1,2,16,0,0
20260005,Tom De Koning,St Kilda,0.0,14.0,11.43,5.0,6.5,7.5,1.8,96,84,0.01,0.0,82,9,11,20,90.0,173,213,4,8,2,4,1,8,4,75,4,6,3,2,0,0,0,0.0,0.0,0,6,4,1,7,17,0
20260001,Angus Sheldrick,Sydney,0.0,10.5,11.41,-0.1,6.7,5.6,1.0,48,70,0.04,0.0,56,13,10,23,39.1,413,133,6,6,5,3,3,14,2,41,3,1,1,0,2,1,0,5.8,0.2,0,5,0,1,14,0,0
20260001,Brodie Grundy,Sydney,0.0,18.1,13.84,9.9,4.0,5.0,4.2,112,106,0.02,0.0,79,5,11,16,62.5,224,162,3,6,2,3,1,7,3,81,3,2,2,2,1,1,0,3.6,2.4,0,7,6,4,9,46,0
20260001,Callum Mills,Sydney,0.0,4.5,10.33,0.0,2.0,3.6,-3.6,66,67,0.01,0.0,72,10,15,25,64.0,429,223,2,5,5,5,5,10,6,0,0,3,0,0,1,0,1,2.5,-1.5,1,6,1,0,7,0,0
20260001,Chad Warner,Sydney,1.0,16.6,13.49,4.5,11.8,6.7,10.2,91,76,0.21,1.0,83,16,4,20,65.0,563,188,8,9,6,4,4,8,3,38,4,3,1,0,4,1,3,12.1,-3.1,1,7,2,2,9,0,0
20260001,Charlie Curnow,Sydney,0.0,14.5,8.99,0.0,12.2,6.7,5.7,65,66,0.01,0.0,77,10,0,10,60.0,270,45,1,4,1,4,1,1,2,0,0,3,0,1,6,3,2,19.0,1.0,0,5,1,2,8,0,0
20260001,Dane Rampe,Sydney,0.0,14.3,5.91,-0.6,12.8,8.5,2.9,85,44,0.0,0.0,81,6,8,14,85.7,155,117,0,9,5,9,5,6,8,0,1,0,0,0,0,0,0,0.0,0.0,0,5,3,3,12,0,0
20260001,Errol Gulden,Sydney,8.0,10.2,12.32,5.3,0.2,4.8,2.3,113,126,1.75,23.0,82,16,11,27,66.7,549,458,8,8,5,2,2,12,2,59,5,3,0,0,2,0,2,5.7,-3.7,3,10,4,11,21,0,0
20260001,Isaac Heeney,Sydney,5.0,18.6,15.28,6.2,9.2,7.2,9.3,89,98,0.96,8.0,77,10,10,20,60.0,290,212,5,10,4,3,2,5,4,72,6,3,1,0,2,2,0,6.8,5.2,0,6,1,8,18,0,0
20260001,Jai Serong,Sydney,0.0,8.5,5.82,1.4,4.7,2.1,3.9,77,72,0.01,0.0,84,10,9,19,73.7,373,311,3,5,4,3,3,9,3,0,2,2,0,0,0,0,0,0.0,0.0,1,4,1,5,18,0,0
20260001,Jake Lloyd,Sydney,0.0,8.5,7.3,0.0,5.3,3.1,2.0,59,62,0.0,0.0,82,8,10,18,77.8,301,325,2,5,4,5,4,5,2,0,0,6,0,0,2,0,0,5.5,-5.5,1,5,1,0,12,0,0
20260001,James Jordon,Sydney,0.0,7.9,6.03,1.0,4.2,5.2,0.5,52,56,0.0,0.0,79,7,9,16,75.0,138,256,1,5,5,2,2,5,2,6,1,4,1,0,1,0,0,2.9,-2.9,0,4,1,2,16,0,0
20260001,James Rowbottom,Sydney,0.0,17.2,10.34,3.9,7.5,7.0,4.9,95,92,0.05,0.0,77,11,9,20,70.0,311,118,3,12,9,3,2,8,3,50,7,1,1,0,1,1,0,1.9,4.1,0,6,2,9,33,0,0
20260001,Joel Amartey,Sydney,0.0,6.6,6.09,0.5,5.0,5.6,3.5,58,59,0.01,0.0,75,6,1,7,57.1,203,4,2,3,1,3,1,0,1,19,0,4,0,0,5,3,1,18.1,0.9,0,4,0,1,11,2,0
20260001,Justin McInerney,Sydney,10.0,23.7,10.06,3.2,18.4,9.2,14.1,142,122,2.63,68.0,88,16,15,31,83.9,461,789,6,7,5,3,2,16,4,34,2,5,1,1,4,3,1,14.5,4.5,2,14,2,3,9,0,0
20260001,Lewis Melican,Sydney,0.0,4.6,7.37,0.0,4.3,2.0,1.6,37,27,0.0,0.0,85,4,3,7,100.0,91,173,2,3,1,3,1,3,3,0,0,1,0,0,0,0,0,0.0,0.0,0,1,1,1,8,0,0
20260001,Logan McDonald,Sydney,0.0,3.5,6.57,1.7,-0.9,5.3,-2.1,52,45,0.0,0.0,69,4,7,11,81.8,94,196,1,4,1,2,0,3,1,0,2,2,0,1,1,1,0,5.9,0.1,0,2,0,2,8,0,0
20260001,Malcolm Rosas,Sydney,0.0,11.3,8.02,0.0,9.7,5.2,4.9,68,40,0.0,0.0,67,4,6,10,90.0,124,181,1,4,2,4,2,6,1,0,0,0,0,0,1,1,0,2.3,3.7,2,5,0,3,11,0,0
20260001,Matt Roberts,Sydney,0.0,20.7,8.42,4.8,13.1,6.0,11.9,112,80,0.03,0.0,80,12,6,18,77.8,483,261,4,7,7,4,4,6,4,0,1,5,0,0,3,2,1,6.4,6.6,0,8,1,1,15,0,0
20260001,Nick Blakey,Sydney,0.0,13.0,13.79,1.6,9.3,4.5,8.2,71,61,0.01,0.0,88,12,9,21,76.2,569,157,5,5,4,4,3,10,6,0,0,3,0,0,0,0,0,0.0,0.0,1,8,2,1,8,0,0
20260001,Riley Bice,Sydney,0.0,11.6,7.82,0.7,11.2,6.9,3.7,78,65,0.01,0.0,86,11,5,16,93.8,284,277,1,6,4,5,3,3,7,0,0,5,2,0,0,0,0,0.0,0.0,1,3,2,3,10,0,0
20260001,Sam Wicks,Sydney,0.0,4.5,5.32,1.1,1.2,1.7,2.8,29,37,0.0,0.0,84,5,4,9,77.8,263,57,2,2,2,1,1,4,1,0,1,3,0,0,0,0,0,0.0,0.0,0,3,0,2,17,0,0
20260001,Tom McCartin,Sydney,3.0,11.2,8.6,1.9,8.2,5.4,1.7,66,49,0.01,0.0,94,3,14,17,82.4,67,219,0,5,4,3,3,6,6,0,2,4,1,0,0,0,0,0.0,0.0,0,1,0,0,7,0,0
20260001,Tom Papley,Sydney,0.0,5.6,8.49,0.3,2.8,2.4,0.9,46,41,0.0,0.0,57,4,5,9,77.8,114,56,1,4,3,4,3,2,3,0,0,1,0,0,3,1,1,8.7,-1.7,1,5,1,3,15,0,0
20260004,Aaron Naughton,Western Bulldogs,0.0,8.6,10.37,0.6,7.0,6.7,1.0,79,62,0.0,0.0,81,6,4,10,60.0,186,84,2,5,3,5,3,1,0,0,1,3,0,0,3,2,0,16.1,-4.1,2,6,0,3,11,0,0
20260004,Arthur Jones,Western Bulldogs,0.0,1.8,5.06,0.0,1.8,0.8,1.0,21,31,0.0,0.0,51,2,5,7,85.7,72,124,1,1,1,1,1,2,0,0,0,1,0,0,0,0,0,0.0,0.0,1,2,0,3,17,0,0
20260004,Bailey Dale,Western Bulldogs,0.0,4.1,13.07,1.1,3.1,4.4,-0.6,60,69,0.01,0.0,78,11,8,19,68.4,248,322,0,5,4,4,3,6,6,0,1,5,2,1,0,0,0,0.0,0.0,0,4,2,2,9,0,0
20260004,Bailey Williams,Western Bulldogs,3.0,4.8,9.6,2.2,-1.8,4.6,-2.7,90,103,0.08,0.0,85,13,12,25,68.0,459,283,3,5,5,2,2,8,1,0,3,7,1,0,5,1,4,18.1,-8.1,0,11,0,3,9,0,0
20260004,Buku Khamis,Western Bulldogs,0.0,4.4,6.42,0.0,4.9,4.1,-0.8,30,32,0.0,0.0,93,5,0,5,60.0,13,47,0,2,1,2,1,0,5,0,0,3,2,0,0,0,0,0.0,0.0,0,2,1,2,4,0,0
20260004,Connor Budarick,Western Bulldogs,1.0,12.5,5.51,1.2,8.5,4.0,5.4,105,94,0.11,0.0,82,19,8,27,77.8,515,303,1,6,5,5,4,10,2,0,1,3,0,0,1,1,0,3.1,2.9,0,9,2,2,11,0,0
20260004,Cooper Hynes,Western Bulldogs,0.0,2.6,5.15,3.0,-2.4,2.0,-1.7,38,38,0.0,0.0,78,2,10,12,66.7,41,242,1,3,3,1,1,9,1,17,2,0,0,0,0,0,0,0.0,0.0,0,7,0,3,14,0,0
20260004,Ed Richards,Western Bulldogs,10.0,29.0,16.76,8.6,15.9,5.5,19.1,144,133,2.64,68.0,81,24,6,30,73.3,726,278,10,6,3,1,1,11,2,71,7,8,0,0,2,2,0,6.7,5.3,2,16,3,4,27,0,0
20260004,James O'Donnell,Western Bulldogs,0.0,5.7,7.71,0.0,5.7,5.9,-2.5,51,40,0.0,0.0,89,5,3,8,62.5,61,74,0,5,4,5,4,1,7,0,0,3,2,0,0,0,0,0.0,0.0,0,1,0,3,6,0,0
20260004,Joel Freijah,Western Bulldogs,0.0,8.3,10.79,4.4,2.2,4.6,3.1,50,53,0.01,0.0,90,9,11,20,70.0,119,181,2,7,6,3,3,6,2,29,4,2,0,0,0,0,0,0.0,0.0,1,8,4,1,14,0,0
20260004,Jordan Croft,Western Bulldogs,0.0,-0.6,6.8,0.0,-0.9,3.8,-4.7,18,20,0.0,0.0,43,4,0,4,50.0,67,21,1,3,2,2,2,0,3,6,1,1,1,0,2,0,2,10.1,-8.1,0,2,2,0,2,2,0
20260004,Lachie Jaques,Western Bulldogs,0.0,9.3,5.72,-1.2,8.3,3.8,3.1,84,76,0.0,0.0,76,14,2,16,87.5,377,211,2,4,2,4,2,5,7,0,0,4,1,0,0,0,0,0.0,0.0,0,4,2,4,6,0,0
20260004,Lachlan Bramble,Western Bulldogs,0.0,15.3,7.69,1.5,11.9,3.4,10.6,71,53,0.0,0.0,83,9,7,16,81.3,419,212,5,4,3,2,2,9,1,0,2,3,1,0,1,1,0,2.6,3.4,0,8,0,0,17,0,0
20260004,Marcus Bontempelli,Western Bulldogs,0.0,26.5,18.89,5.2,19.2,7.9,16.4,113,92,0.39,3.0,84,10,9,19,89.5,422,96,4,9,6,3,2,5,2,46,4,4,0,0,3,3,0,9.8,8.2,1,8,1,5,21,0,0
20260004,Matthew Kennedy,Western Bulldogs,0.0,8.0,11.08,3.3,-1.6,6.9,-5.1,88,115,0.24,1.0,84,19,11,30,53.3,520,325,3,11,8,3,3,10,3,66,5,4,1,0,2,0,2,6.8,-4.8,1,8,0,6,20,0,0
20260004,Michael Sellwood,Western Bulldogs,0.0,5.8,5.36,0.0,5.2,2.8,-0.2,70,61,0.0,0.0,83,5,5,10,90.0,136,167,0,4,1,4,1,4,4,0,0,2,0,0,0,0,0,0.0,0.0,0,1,0,7,19,0,0
20260004,Oskar Baker,Western Bulldogs,0.0,7.7,7.3,0.3,6.3,3.5,2.3,43,48,0.0,0.0,67,6,5,11,72.7,159,180,3,3,2,0,0,3,0,0,2,4,0,0,0,0,0,0.0,0.0,1,4,0,2,8,0,0
20260004,Rhylee West,Western Bulldogs,0.0,14.0,9.88,0.1,10.5,3.3,7.0,72,64,0.0,0.0,69,7,9,16,81.3,222,163,2,4,3,4,3,7,2,6,0,2,0,0,2,1,1,5.8,1.2,2,7,0,3,10,0,0
20260004,Rory Lobb,Western Bulldogs,3.0,13.0,9.54,0.4,10.5,4.1,1.3,66,48,0.01,0.0,100,10,3,13,100.0,337,82,0,2,1,2,1,2,6,0,0,4,3,1,0,0,0,0.0,0.0,0,1,1,0,10,0,0
20260004,Sam Darcy,Western Bulldogs,0.0,9.8,13.46,1.2,5.9,6.5,1.4,61,63,0.0,0.0,81,7,3,10,60.0,181,52,2,5,2,3,1,2,0,11,1,4,0,1,4,2,2,14.3,-0.3,1,6,1,2,8,7,0
20260004,Sam Davidson,Western Bulldogs,0.0,8.9,8.01,1.5,5.4,4.6,1.9,50,38,0.0,0.0,56,3,6,9,88.9,98,169,0,4,2,2,1,4,2,0,1,2,0,0,1,1,0,3.6,2.4,0,7,4,2,14,0,0
20260004,Tim English,Western Bulldogs,0.0,20.6,12.58,2.4,15.0,10.1,3.2,117,108,0.1,0.0,85,6,10,16,87.5,222,125,3,8,1,6,1,6,4,83,0,5,1,2,2,2,0,8.7,3.3,0,9,8,1,7,37,0
20260004,Tom Liberatore,Western Bulldogs,0.0,11.6,14.23,3.2,3.7,6.9,0.3,86,88,0.13,0.0,82,15,13,28,60.7,367,343,5,10,6,1,1,10,3,66,4,4,0,0,0,0,0,0.0,0.0,1,6,0,2,24,0,0
20260101,Ben Ainsworth,Carlton,,8.1,7.07,0.0,5.7,3.2,3.1,41,30,,,78,4,4,8,87.5,140,100,3,4,4,4,4,2,0,0,0,2,0,0,1,0,0,2.5,-2.5,0,2,0,1,14,0,1
20260101,Brodie Kemp,Carlton,,1.2,6.66,0.0,-1.0,0.7,-0.4,51,61,,,87,6,4,10,70.0,137,55,0,0,0,0,0,2,1,0,0,6,0,0,2,1,1,4.9,2.1,0,4,0,4,11,0,1
20260101,Campbell Chesser,Carlton,,2.8,6.43,-0.1,1.0,1.6,-0.8,54,61,,,77,9,6,15,46.7,328,96,1,2,2,2,2,9,1,0,1,3,0,0,2,0,1,4.6,-3.6,1,5,0,3,8,0,1
20260101,Cooper Lord,Carlton,,7.6,10.08,1.1,4.6,4.9,1.4,75,80,,,78,14,6,20,55.0,375,80,2,6,6,4,4,7,2,4,2,5,1,0,1,1,0,3.0,3.0,0,5,1,2,9,0,1
20260101,Elijah Hollands,Carlton,,10.9,8.77,1.6,6.8,10.1,-0.2,68,43,,,77,7,7,14,78.6,194,153,4,8,8,7,7,6,5,0,1,3,1,0,1,0,1,2.8,-1.8,0,4,2,1,8,0,1
20260101,George Hewett,Carlton,,18.6,11.5,6.2,8.2,8.6,5.4,117,92,,,67,8,15,23,87.0,149,386,2,12,8,5,4,7,5,70,5,5,1,1,1,1,0,4.1,1.9,0,6,1,4,16,0,1
20260101,Harry Dean,Carlton,,2.6,6.77,0.0,4.6,0.6,1.1,38,18,,,76,5,2,7,85.7,207,75,0,1,0,1,0,5,2,0,0,0,0,0,0,0,0,0.0,0.0,0,1,1,0,4,0,1
20260101,Harry McKay,Carlton,,5.7,9.23,0.0,4.1,7.3,-0.9,79,72,,,91,10,2,12,75.0,243,118,2,5,2,5,2,0,1,0,0,7,1,1,4,2,2,14.9,-0.9,0,6,1,1,9,0,1
20260101,Hudson O'Keeffe,Carlton,,0.9,3.98,-1.2,2.1,3.7,-4.5,32,45,,,66,3,4,7,57.1,67,43,2,3,1,2,1,3,0,17,1,2,0,1,1,0,1,3.2,-2.2,0,4,1,3,4,10,1
20260101,Jacob Weitering,Carlton,,14.4,9.64,0.0,14.1,7.9,-0.2,72,43,,,95,7,2,9,66.7,243,64,0,6,2,6,2,0,8,0,0,5,2,2,0,0,0,0.0,0.0,0,0,0,1,6,2,1
20260101,Jagga Smith,Carlton,,10.7,5.81,1.7,3.7,7.4,-1.7,113,99,,,73,13,19,32,68.8,303,343,5,11,11,7,7,17,3,65,3,1,0,0,1,0,1,2.8,-1.8,0,11,2,5,9,0,1
20260101,Lachie Fogarty,Carlton,,3.5,7.43,1.5,-0.5,3.5,-2.8,36,24,,,71,1,5,6,83.3,16,94,0,4,3,2,1,3,2,0,1,0,0,0,1,0,1,5.4,-4.4,1,4,3,3,11,0,1
20260101,Lachlan Cowan,Carlton,,1.3,6.9,0.0,0.5,2.5,-1.3,39,44,,,66,8,6,14,78.6,269,181,1,2,2,2,2,7,3,0,0,2,0,0,0,0,0,0.0,0.0,0,0,0,2,9,0,1
20260101,Lewis Young,Carlton,,1.7,7.07,0.3,0.3,5.3,-4.0,58,40,,,96,6,4,10,70.0,165,-21,0,5,3,5,3,1,8,0,1,3,2,0,0,0,0,0.0,0.0,0,1,0,2,3,2,1
20260101,Marc Pittonet,Carlton,,18.7,13.45,10.1,4.5,7.5,2.5,110,78,,,74,6,7,13,69.2,136,155,1,11,4,4,2,3,2,83,6,0,0,0,2,1,1,7.1,-0.1,0,8,6,3,9,25,1
20260101,Matthew Carroll,Carlton,,12.0,5.9,0.0,10.6,6.6,2.2,75,70,,,72,10,9,19,57.9,416,252,1,8,7,8,7,7,7,0,0,3,1,1,2,0,1,4.1,-3.1,0,4,1,3,11,0,1
20260101,Mitch McGovern,Carlton,,16.0,9.46,0.0,14.4,9.2,5.3,106,75,,,82,11,4,15,73.3,346,109,4,9,5,9,5,4,3,0,0,6,0,2,2,2,0,6.5,5.5,1,5,0,1,8,0,1
20260101,Oliver Florent,Carlton,,4.8,8.35,1.0,1.9,1.3,2.8,81,75,,,80,18,6,24,83.3,606,276,0,1,1,1,1,9,3,0,0,5,1,0,0,0,0,0.0,0.0,0,2,0,0,7,0,1
20260101,Oliver Hollands,Carlton,,-0.5,7.61,0.0,-1.2,1.1,-1.0,45,49,,,86,8,6,14,64.3,298,184,1,2,2,2,2,7,3,0,0,3,0,0,0,0,0,0.0,0.0,1,2,0,1,11,0,1
20260101,Patrick Cripps,Carlton,,8.4,13.43,5.1,-0.1,10.7,-5.2,114,96,,,80,12,20,32,59.4,278,275,4,19,8,5,3,12,1,74,9,1,0,1,3,0,3,10.2,-7.2,1,10,3,3,17,0,1
20260101,Sam Walsh,Carlton,,13.4,12.49,4.8,3.1,6.3,2.3,96,100,,,83,13,17,30,80.0,480,358,4,9,5,2,2,16,4,87,6,4,2,0,0,0,0,0.0,0.0,0,3,1,5,21,0,1
20260101,Will Hayward,Carlton,,12.0,7.18,0.0,9.1,3.8,5.7,88,75,,,74,10,6,16,81.3,322,177,4,5,5,5,5,3,2,0,0,6,0,0,1,1,0,2.5,3.5,1,5,1,3,14,0,1
20260101,Zac Williams,Carlton,,14.6,10.91,2.3,11.6,4.7,9.2,103,69,,,68,12,5,17,94.1,405,189,2,5,3,5,3,5,4,0,1,3,0,1,1,1,0,3.0,3.0,0,2,1,2,9,0,1
20260101,Ben Miller,Richmond,,8.8,8.81,0.0,7.4,2.9,4.0,83,68,,,95,13,4,17,88.2,316,386,0,2,1,2,1,5,4,0,0,7,2,1,0,0,0,0.0,0.0,0,4,0,0,7,0,1
20260101,Campbell Gray,Richmond,,-0.2,7.49,-1.1,0.5,0.5,0.1,6,4,,,32,1,1,2,50.0,19,46,0,1,1,0,0,1,0,13,0,0,0,0,0,0,0,0.0,0.0,0,1,0,0,4,2,1
20260101,Harry Armstrong,Richmond,,-0.3,4.12,0.0,-1.2,3.9,-5.2,29,34,,,80,5,1,6,50.0,122,41,2,2,1,2,1,1,0,0,0,4,0,1,1,0,1,4.8,-3.8,0,2,0,1,4,0,1
20260101,Hugo Ralphsmith,Richmond,,9.0,7.34,-0.1,6.7,1.8,5.3,34,38,,,86,7,4,11,90.9,268,90,6,3,2,2,2,4,2,0,1,3,0,0,0,0,0,0.0,0.0,0,4,1,0,18,0,1
20260101,Jack Ross,Richmond,,11.2,10.09,2.8,5.3,6.3,1.9,102,93,,,75,9,14,23,73.9,283,240,3,9,8,5,5,8,6,65,4,4,1,0,0,0,0,0.0,0.0,0,5,1,7,23,0,1
20260101,Jacob Hopper,Richmond,,7.5,9.37,3.6,0.8,4.7,-0.2,50,53,,,73,8,10,18,61.1,247,111,4,9,6,4,4,6,4,70,2,1,0,0,0,0,0,0.0,0.0,0,4,1,2,12,0,1
20260101,James Trezise,Richmond,,8.8,6.77,0.0,8.0,3.4,4.8,66,51,,,78,5,7,12,100.0,83,381,2,2,1,2,1,6,5,0,0,3,1,0,0,0,0,0.0,0.0,1,4,2,3,10,0,1
20260101,Jayden Short,Richmond,,18.7,8.1,1.3,14.7,6.1,11.1,134,114,,,83,23,6,29,79.3,753,350,5,6,5,4,3,7,5,0,1,10,1,0,2,1,0,5.4,0.6,0,9,4,0,9,0,1
20260101,Jonty Faull,Richmond,,-0.8,3.83,0.0,-2.2,2.5,-4.1,49,66,,,81,8,2,10,50.0,254,46,2,3,1,3,1,2,0,0,0,6,0,0,3,0,2,8.1,-6.1,0,6,0,4,10,0,1
20260101,Josh Gibcus,Richmond,,2.6,6.93,0.0,2.8,3.6,-2.2,56,52,,,76,6,3,9,66.7,127,129,0,4,3,4,3,0,6,0,0,4,1,1,0,0,0,0.0,0.0,0,1,0,4,9,0,1
20260101,Kane McAuliffe,Richmond,,2.9,9.16,-0.6,1.2,2.9,-1.6,52,50,,,80,9,7,16,62.5,408,141,6,3,3,1,1,13,1,9,0,0,0,0,0,0,0,0.0,0.0,0,4,0,3,10,0,1
20260101,Maurice Rioli,Richmond,,8.6,6.88,0.4,6.7,4.1,1.5,42,36,,,75,3,3,6,83.3,78,69,1,4,0,3,0,3,4,0,1,1,1,0,0,0,0,0.0,0.0,0,3,3,4,18,0,1
20260101,Nathan Broad,Richmond,,2.1,7.77,0.0,2.4,3.5,-3.3,81,70,,,70,10,5,15,66.7,125,159,1,2,0,2,0,4,4,0,0,7,3,1,0,0,0,0.0,0.0,0,4,2,2,5,0,1
20260101,Noah Balta,Richmond,,7.2,7.94,0.0,7.3,7.9,1.9,74,75,,,93,17,2,19,73.7,546,40,3,8,4,8,4,4,9,0,0,7,3,1,0,0,0,0.0,0.0,0,5,4,0,4,0,1
20260101,Rhyan Mansell,Richmond,,13.7,7.3,0.0,13.2,4.4,8.7,85,79,,,82,9,3,12,58.3,262,132,3,5,4,5,4,1,0,0,0,7,0,1,3,2,0,5.3,6.7,1,7,0,4,12,0,1
20260101,Sam Banks,Richmond,,9.1,8.02,0.0,6.7,2.1,4.5,88,86,,,76,13,11,24,95.8,458,371,2,3,3,3,3,11,3,0,0,7,0,0,0,0,0,0.0,0.0,0,6,2,1,6,0,1
20260101,Sam Grlj,Richmond,,9.9,5.72,0.0,7.4,3.8,3.2,73,90,,,74,13,6,19,89.5,369,243,3,5,3,5,3,6,5,0,0,7,0,0,0,0,0,0.0,0.0,0,5,0,4,11,0,1
20260101,Sam Lalor,Richmond,,14.1,8.82,2.3,10.4,8.1,5.8,75,68,,,76,12,4,16,75.0,450,88,5,9,5,5,3,4,2,65,4,4,1,2,3,2,1,10.1,2.9,0,4,0,1,16,0,1
20260101,Seth Campbell,Richmond,,10.1,9.06,2.0,3.3,6.1,-0.1,53,42,,,80,9,8,17,64.7,250,154,3,8,8,6,6,4,3,0,2,0,0,0,2,0,1,5.5,-4.5,2,7,2,0,16,0,1
20260101,Steely Green,Richmond,,13.3,5.42,0.0,13.6,4.2,9.5,73,66,,,80,9,3,12,83.3,287,170,3,5,5,5,5,2,1,0,0,4,0,0,2,2,0,7.8,4.2,0,7,1,2,13,0,1
20260101,Tim Taranto,Richmond,,13.6,11.35,5.5,2.4,8.1,0.6,107,81,,,83,8,21,29,69.0,329,467,5,15,12,3,2,10,2,91,7,4,0,0,0,0,0,0.0,0.0,1,7,1,1,20,0,1
20260101,Toby Nankervis,Richmond,,18.6,12.85,9.9,3.7,8.6,5.3,103,79,,,76,9,12,21,81.0,174,389,1,12,8,4,3,7,3,87,7,1,0,0,0,0,0,0.0,0.0,0,4,2,2,10,22,1
20260101,Tom Lynch,Richmond,,-6.2,7.92,-0.4,-9.5,8.4,-13.6,92,76,,,94,11,1,12,33.3,259,12,0,7,1,6,1,1,0,0,0,6,0,2,10,2,7,35.5,-16.5,0,11,0,4,9,0,1
