Player,Team,Jumper,Position,Height,DOB,Age,Matches,RatingPoints_Avg,CoachesVotes_Avg,CoachesVotes_Total,TimeOnGround,Supercoach_Avg,DreamTeamPoints_Avg
Callum Ah Chee,Adelaide,4,Forward,182.0,1997-10-09,28.0,0,0.0,0,0,0,0,0
Sam Berry,Adelaide,3,Midfield,181.0,2002-02-12,24.0,0,0.0,0,0,0,0,0
Hugh Bond,Adelaide,21,Defender,185.0,2004-09-25,21.0,0,0.0,0,0,0,0,0
James Borlase,Adelaide,35,Defender,192.0,2002-07-18,23.0,0,0.0,0,0,0,0,0
Jordon Butts,Adelaide,41,Defender,195.0,1999-12-31,26.0,0,0.0,0,0,0,0,0
Brayden Cook,Adelaide,15,MidfieldForward,189.0,2002-07-18,23.0,0,0.0,0,0,0,0,0
Indy Cotton,Adelaide,33,Forward,195.0,2007-05-08,18.0,0,0.0,0,0,0,0,0
Isaac Cumming,Adelaide,44,Midfield,188.0,1998-08-11,27.0,0,0.0,0,0,0,0,0
Daniel Curtin,Adelaide,6,Midfield,197.0,2005-03-08,21.0,0,0.0,0,0,0,0,0
Jordan Dawson,Adelaide,12,Midfield,190.0,1997-04-09,28.0,0,0.0,0,0,0,0,0
Billy Dowling,Adelaide,31,MidfieldForward,187.0,2004-07-01,21.0,0,0.0,0,0,0,0,0
Sid Draper,Adelaide,5,MidfieldForward,182.0,2006-07-05,19.0,0,0.0,0,0,0,0,0
Charlie Edwards,Adelaide,11,DefenderMidfield,191.0,2005-05-18,20.0,0,0.0,0,0,0,0,0
Darcy Fogarty,Adelaide,32,Forward,192.0,1999-09-25,26.0,0,0.0,0,0,0,0,0
Mitchell Hinge,Adelaide,20,Defender,187.0,1998-06-28,27.0,0,0.0,0,0,0,0,0
Chayce Jones,Adelaide,1,Midfield,180.0,2000-01-14,26.0,0,0.0,0,0,0,0,0
Mark Keane,Adelaide,48,Defender,194.0,2000-03-17,25.0,0,0.0,0,0,0,0,0
Ben Keays,Adelaide,2,Forward,185.0,1997-02-23,29.0,0,0.0,0,0,0,0,0
Rory Laird,Adelaide,29,Defender,178.0,1993-12-29,32.0,0,0.0,0,0,0,0,0
Archie Ludowyke,Adelaide,34,Forward,197.0,2007-11-19,18.0,0,0.0,0,0,0,0,0
Finnbar Maley,Adelaide,36,Forward,197.0,2003-07-18,22.0,0,0.0,0,0,0,0,0
Mitchell Marsh,Adelaide,26,Forward,192.0,2007-02-15,19.0,0,0.0,0,0,0,0,0
Lachlan McAndrew,Adelaide,42,Ruck,209.0,2000-05-26,25.0,0,0.0,0,0,0,0,0
Max Michalanney,Adelaide,16,Defender,190.0,2004-02-26,22.0,0,0.0,0,0,0,0,0
Wayne Milera,Adelaide,30,Defender,185.0,1997-09-14,28.0,0,0.0,0,0,0,0,0
Nick Murray,Adelaide,9,Defender,195.0,2000-12-18,25.0,0,0.0,0,0,0,0,0
Toby Murray,Adelaide,39,Forward,200.0,2003-11-03,22.0,0,0.0,0,0,0,0,0
Luke Nankervis,Adelaide,27,Midfield,189.0,2003-05-25,22.0,0,0.0,0,0,0,0,0
Alex Neal-Bullen,Adelaide,28,Forward,182.0,1996-01-09,30.0,0,0.0,0,0,0,0,0
Reilly O'Brien,Adelaide,43,Ruck,201.0,1995-08-20,30.0,0,0.0,0,0,0,0,0
James Peatling,Adelaide,25,Midfield,186.0,2000-08-21,25.0,0,0.0,0,0,0,0,0
Luke Pedlar,Adelaide,10,Forward,183.0,2002-05-17,23.0,0,0.0,0,0,0,0,0
Josh Rachele,Adelaide,8,Forward,180.0,2003-04-11,22.0,0,0.0,0,0,0,0,0
Izak Rankine,Adelaide,23,MidfieldForward,179.0,2000-04-23,25.0,0,0.0,0,0,0,0,0
Oscar Ryan,Adelaide,22,Defender,187.0,2005-05-15,20.0,0,0.0,0,0,0,0,0
Lachlan Sholl,Adelaide,38,Midfield,186.0,2000-03-07,26.0,0,0.0,0,0,0,0,0
Jake Soligo,Adelaide,14,Midfield,179.0,2003-01-25,23.0,0,0.0,0,0,0,0,0
Zac Taylor,Adelaide,19,Forward,180.0,2003-01-31,23.0,0,0.0,0,0,0,0,0
Riley Thilthorpe,Adelaide,7,Forward,201.0,2002-07-07,23.0,0,0.0,0,0,0,0,0
Taylor Walker,Adelaide,13,Forward,192.0,1990-04-25,35.0,0,0.0,0,0,0,0,0
Tyler Welsh,Adelaide,17,Forward,191.0,2006-08-15,19.0,0,0.0,0,0,0,0,0
Josh Worrell,Adelaide,24,Defender,195.0,2001-04-11,24.0,0,0.0,0,0,0,0,0
Oscar Allen,Brisbane,4,Forward,196.0,1999-03-19,26.0,1,2.0,0,0,88,44,52
Harris Andrews,Brisbane,31,Defender,200.0,1996-12-11,29.0,1,14.6,2,2,97,89,64
Daniel Annable,Brisbane,14,Midfield,184.0,2007-04-05,18.0,0,0.0,0,0,0,0,0
Noah Answerth,Brisbane,43,Defender,182.0,1999-08-06,26.0,0,0.0,0,0,0,0,0
Levi Ashcroft,Brisbane,10,Midfield,179.0,2006-12-18,19.0,1,8.7,0,0,86,64,68
Will Ashcroft,Brisbane,8,Midfield,182.0,2004-05-06,21.0,1,12.8,0,0,83,98,109
Zac Bailey,Brisbane,33,MidfieldForward,181.0,1999-09-23,26.0,1,11.6,0,0,88,76,68
Luke Beecken,Brisbane,17,Midfield,185.0,2001-04-18,24.0,0,0.0,0,0,0,0,0
Jarrod Berry,Brisbane,7,Midfield,193.0,1998-02-05,28.0,1,7.9,0,0,71,95,94
Shadeau Brain,Brisbane,34,Defender,183.0,2004-02-13,22.0,0,0.0,0,0,0,0,0
Charlie Cameron,Brisbane,23,Forward,180.0,1994-07-05,31.0,1,17.8,6,6,87,94,109
Keidean Coleman,Brisbane,18,Defender,182.0,2000-03-31,25.0,1,4.9,0,0,74,61,73
Cody Curtin,Brisbane,37,Forward,200.0,2007-05-18,18.0,0,0.0,0,0,0,0,0
Tom Doedee,Brisbane,12,Defender,190.0,1997-03-01,29.0,0,0.0,0,0,0,0,0
Sam Draper,Brisbane,2,ForwardRuck,205.0,1998-09-28,27.0,0,0.0,0,0,0,0,0
Josh Dunkley,Brisbane,5,Midfield,191.0,1997-01-09,29.0,1,12.5,0,0,76,88,73
Koby Evans,Brisbane,24,Midfield,187.0,2007-09-08,18.0,0,0.0,0,0,0,0,0
Jaspa Fletcher,Brisbane,3,Defender,184.0,2004-02-24,22.0,1,7.1,0,0,82,69,77
Darcy Fort,Brisbane,32,Ruck,204.0,1993-08-06,32.0,1,6.1,0,0,71,63,65
Ty Gallop,Brisbane,22,Forward,194.0,2006-02-09,20.0,1,5.5,0,0,80,51,64
Darcy Gardiner,Brisbane,27,Defender,192.0,1995-09-22,30.0,1,0.8,0,0,89,16,27
Tai Hayes,Brisbane,42,MidfieldForward,190.0,2004-11-18,21.0,0,0.0,0,0,0,0,0
Eric Hipwood,Brisbane,30,Forward,204.0,1997-09-13,28.0,0,0.0,0,0,0,0,0
Darragh Joyce,Brisbane,41,Defender,195.0,1997-04-23,28.0,0,0.0,0,0,0,0,0
Ryan Lester,Brisbane,35,Defender,190.0,1992-08-26,33.0,1,18.0,1,1,89,97,95
Luke Lloyd,Brisbane,19,Forward,193.0,2005-08-08,20.0,0,0.0,0,0,0,0,0
Kai Lohmann,Brisbane,1,Forward,185.0,2003-05-06,22.0,1,13.3,0,0,78,82,84
Sam Marshall,Brisbane,20,Midfield,185.0,2006-01-19,20.0,0,0.0,0,0,0,0,0
Lincoln McCarthy,Brisbane,11,Forward,176.0,1993-10-22,32.0,0,0.0,0,0,0,0,0
Hugh McCluggage,Brisbane,6,Midfield,187.0,1998-03-03,28.0,1,2.1,0,0,17,13,20
Conor McKenna,Brisbane,26,Forward,184.0,1996-03-28,29.0,0,0.0,0,0,0,0,0
Will McLachlan,Brisbane,28,Forward,185.0,2005-04-13,20.0,0,0.0,0,0,0,0,0
Logan Morris,Brisbane,13,Forward,191.0,2005-05-10,20.0,1,14.8,0,0,83,76,78
Ben Murphy,Brisbane,39,Defender,191.0,,,0,0.0,0,0,0,0,0
Lachie Neale,Brisbane,9,Midfield,177.0,1993-05-24,32.0,1,13.3,4,4,89,123,117
Jack Payne,Brisbane,40,Defender,196.0,1999-10-15,26.0,0,0.0,0,0,0,0,0
Cameron Rayner,Brisbane,16,Forward,187.0,1999-10-21,26.0,1,7.7,0,0,86,63,49
Bruce Reville,Brisbane,38,Midfield,185.0,2001-02-22,25.0,1,11.4,0,0,73,72,66
Henry Smith,Brisbane,25,Forward,202.0,2002-09-24,23.0,0,0.0,0,0,0,0,0
Reece Torrent,Brisbane,36,Midfield,184.0,2005-08-03,20.0,0,0.0,0,0,0,0,0
James Tunstill,Brisbane,29,Midfield,187.0,2003-07-18,22.0,0,0.0,0,0,0,0,0
Darcy Wilmot,Brisbane,44,Defender,183.0,2003-12-31,22.0,1,6.4,0,0,87,74,82
Zane Zakostelsky,Brisbane,21,DefenderRuck,196.0,2005-12-14,20.0,1,4.8,0,0,44,56,54
Dayne Zorko,Brisbane,15,Defender,175.0,1989-02-09,37.0,1,20.0,0,0,82,131,142
Blake Acres,Carlton,13,Midfield,193.0,1995-10-07,30.0,0,0.0,0,0,0,0,0
Ben Ainsworth,Carlton,12,Forward,178.0,1998-02-10,28.0,1,16.3,0,0,74,62,60
Jordan Boyd,Carlton,37,Defender,182.0,1998-09-22,27.0,0,0.0,0,0,0,0,0
Talor Byrne,Carlton,39,MidfieldForward,174.0,2007-11-14,18.0,0,0.0,0,0,0,0,0
Ben Camporeale,Carlton,16,Midfield,186.0,2006-07-21,19.0,0,0.0,0,0,0,0,0
Lucas Camporeale,Carlton,21,Midfield,184.0,2006-07-21,19.0,0,0.0,0,0,0,0,0
Matt Carroll,Carlton,32,Defender,188.0,2005-11-28,20.0,0,0.0,0,0,0,0,0
Adam Cerra,Carlton,5,Midfield,188.0,1999-10-07,26.0,0,0.0,0,0,0,0,0
Harry Charleson,Carlton,28,DefenderMidfield,183.0,2006-06-26,19.0,0,0.0,0,0,0,0,0
Campbell Chesser,Carlton,31,Midfield,186.0,2003-04-27,22.0,1,3.7,0,0,75,63,60
Matt Cottrell,Carlton,46,MidfieldForward,184.0,2000-02-29,26.0,0,0.0,0,0,0,0,0
Lachlan Cowan,Carlton,2,Defender,188.0,2004-12-01,21.0,0,0.0,0,0,0,0,0
Patrick Cripps,Carlton,9,Midfield,195.0,1995-03-18,30.0,1,8.9,0,0,80,60,57
Harry Dean,Carlton,35,Defender,194.0,2007-11-13,18.0,1,11.2,0,0,80,59,48
Wade Derksen,Carlton,47,Defender,194.0,2001-06-18,24.0,0,0.0,0,0,0,0,0
Matt Duffy,Carlton,41,Defender,194.0,2004-01-02,22.0,0,0.0,0,0,0,0,0
Francis Evans,Carlton,44,Forward,182.0,2001-08-23,24.0,0,0.0,0,0,0,0,0
Oliver Florent,Carlton,14,Midfield,184.0,1998-07-22,27.0,1,12.1,0,0,84,95,85
Lachlan Fogarty,Carlton,8,Forward,180.0,1999-04-01,26.0,1,4.9,0,0,66,58,36
Nick Haynes,Carlton,26,Defender,192.0,1992-05-18,33.0,0,0.0,0,0,0,0,0
Will Hayward,Carlton,19,Forward,186.0,1998-10-26,27.0,1,6.0,0,0,75,53,58
George Hewett,Carlton,29,Midfield,187.0,1995-12-29,30.0,1,2.8,0,0,65,70,75
Elijah Hollands,Carlton,20,Forward,189.0,2002-04-25,23.0,1,5.9,0,0,79,61,63
Oliver Hollands,Carlton,4,Defender,184.0,2004-01-16,22.0,1,7.5,0,0,82,73,69
Jack Ison,Carlton,30,Midfield,192.0,2007-03-26,18.0,0,0.0,0,0,0,0,0
Brodie Kemp,Carlton,17,Forward,192.0,2001-05-01,24.0,1,5.4,0,0,92,68,56
Cooper Lord,Carlton,36,Midfield,184.0,2005-03-20,20.0,1,11.3,0,0,74,85,76
Mitch McGovern,Carlton,11,Defender,190.0,1994-10-11,31.0,1,10.0,0,0,79,58,59
Harry McKay,Carlton,10,Forward,200.0,1997-12-24,28.0,1,4.8,0,0,96,50,49
Ashton Moir,Carlton,43,Forward,188.0,2005-04-15,20.0,1,6.8,0,0,78,57,59
Rob Monahan,Carlton,34,Forward,194.0,2004-06-29,21.0,0,0.0,0,0,0,0,0
Jesse Motlop,Carlton,3,Forward,180.0,2003-11-23,22.0,0,0.0,0,0,0,0,0
Nic Newman,Carlton,24,Defender,186.0,1993-01-15,33.0,0,0.0,0,0,0,0,0
Harry O'Farrell,Carlton,22,Defender,196.0,2006-05-03,19.0,0,0.0,0,0,0,0,0
Hudson O'Keeffe,Carlton,40,Forward,202.0,2004-12-16,21.0,0,0.0,0,0,0,0,0
Marc Pittonet,Carlton,27,Ruck,202.0,1996-06-03,29.0,1,26.0,0,0,67,108,92
Liam Reidy,Carlton,25,ForwardRuck,204.0,2000-06-14,25.0,1,1.8,0,0,61,31,40
Adam Saad,Carlton,42,Defender,178.0,1994-07-23,31.0,1,12.2,0,0,64,83,30
Jagga Smith,Carlton,7,Midfield,182.0,2006-01-28,20.0,1,6.0,0,0,79,65,82
Sam Walsh,Carlton,18,Midfield,184.0,2000-07-02,25.0,1,15.7,3,3,77,114,99
Jacob Weitering,Carlton,23,Defender,195.0,1997-11-23,28.0,1,5.8,0,0,95,73,58
Zachary Williams,Carlton,6,Forward,186.0,1994-09-20,31.0,1,14.9,0,0,79,82,50
Billy Wilson,Carlton,15,Defender,183.0,2005-06-16,20.0,0,0.0,0,0,0,0,0
Flynn Young,Carlton,45,Forward,181.0,2002-02-03,24.0,0,0.0,0,0,0,0,0
Lewis Young,Carlton,33,Defender,202.0,1998-12-20,27.0,1,3.6,0,0,100,60,41
Edward Allan,Collingwood,16,Midfield,194.0,2004-05-26,21.0,1,2.9,0,0,64,35,38
Angus Anderson,Collingwood,41,Midfield,193.0,2003-05-25,22.0,0,0.0,0,0,0,0,0
Jack Buller,Collingwood,34,Forward,199.0,2001-05-16,24.0,1,0.9,0,0,77,20,24
Darcy Cameron,Collingwood,14,Ruck,204.0,1995-07-18,30.0,1,14.8,0,0,87,107,112
Joel Cochran,Collingwood,27,Defender,195.0,2006-03-28,19.0,0,0.0,0,0,0,0,0
Jack Crisp,Collingwood,25,Midfield,190.0,1993-10-02,32.0,1,14.7,0,0,74,109,97
Josh Daicos,Collingwood,7,Defender,178.0,1998-11-26,27.0,1,10.7,4,4,89,134,141
Nick Daicos,Collingwood,35,Midfield,184.0,2003-01-03,23.0,1,9.3,10,10,85,117,136
Jordan De Goey,Collingwood,2,MidfieldForward,188.0,1996-03-15,29.0,1,18.2,4,4,69,90,79
Harry Demattia,Collingwood,13,Midfield,186.0,2005-09-11,20.0,0,0.0,0,0,0,0,0
Jamie Elliott,Collingwood,5,Forward,178.0,1992-08-21,33.0,1,7.0,0,0,81,50,53
Billy Frampton,Collingwood,17,Defender,201.0,1996-11-20,29.0,1,5.8,0,0,100,81,79
Harvey Harrison,Collingwood,36,Forward,181.0,2003-11-10,22.0,0,0.0,0,0,0,0,0
Will Hayes,Collingwood,39,Forward,180.0,2006-05-16,19.0,0,0.0,0,0,0,0,0
Bobby Hill,Collingwood,23,Forward,175.0,2000-02-09,26.0,0,0.0,0,0,0,0,0
Dan Houston,Collingwood,9,Defender,186.0,1997-05-12,28.0,1,6.9,2,2,81,94,120
Jeremy Howe,Collingwood,38,Defender,190.0,1990-06-29,35.0,0,0.0,0,0,0,0,0
Noah Howes,Collingwood,40,Forward,196.0,2005-10-28,20.0,0,0.0,0,0,0,0,0
Tew Jiath,Collingwood,19,Defender,188.0,2005-03-02,21.0,0,0.0,0,0,0,0,0
Patrick Lipinski,Collingwood,1,MidfieldForward,190.0,1998-07-17,27.0,1,6.7,0,0,75,59,98
Ned Long,Collingwood,44,Midfield,194.0,2003-02-05,23.0,1,6.8,0,0,71,70,66
Brayden Maynard,Collingwood,4,Defender,189.0,1996-09-20,29.0,1,11.8,0,0,87,128,119
Zac McCarthy,Collingwood,37,ForwardRuck,199.0,2007-10-27,18.0,0,0.0,0,0,0,0,0
Beau McCreery,Collingwood,31,Forward,186.0,2001-04-19,24.0,1,13.5,0,0,78,60,68
Reef McInnes,Collingwood,26,Defender,194.0,2002-12-12,23.0,0,0.0,0,0,0,0,0
Daniel McStay,Collingwood,11,Forward,195.0,1995-06-24,30.0,1,5.9,0,0,78,39,32
Tim Membrey,Collingwood,28,Forward,188.0,1994-05-26,31.0,1,-2.9,0,0,77,32,31
Darcy Moore,Collingwood,30,Defender,203.0,1996-01-25,30.0,0,0.0,0,0,0,0,0
Wil Parker,Collingwood,15,Defender,183.0,2002-05-29,23.0,1,8.7,0,0,77,49,33
Scott Pendlebury,Collingwood,10,Midfield,191.0,1988-01-07,38.0,1,14.7,2,2,55,112,101
Harry Perryman,Collingwood,12,Defender,187.0,1998-12-19,27.0,1,5.8,0,0,81,63,80
Tyan Prindable,Collingwood,18,Midfield,182.0,2007-01-25,19.0,0,0.0,0,0,0,0,0
Isaac Quaynor,Collingwood,3,Defender,180.0,2000-01-15,26.0,1,9.9,2,2,86,90,95
Jakob Ryan,Collingwood,24,Defender,189.0,2004-09-20,21.0,0,0.0,0,0,0,0,0
Jai Saxena,Collingwood,43,Forward,179.0,2007-07-27,18.0,0,0.0,0,0,0,0,0
Lachlan Schultz,Collingwood,8,Forward,178.0,1997-11-30,28.0,1,7.8,0,0,82,108,112
Steele Sidebottom,Collingwood,22,Midfield,184.0,1991-01-02,35.0,1,6.7,0,0,72,55,49
Iliro Smit,Collingwood,20,Ruck,200.0,2005-08-09,20.0,0,0.0,0,0,0,0,0
Roan Steele,Collingwood,45,Midfield,183.0,2001-10-22,24.0,1,7.4,0,0,75,53,53
Oscar Steene,Collingwood,21,ForwardRuck,201.0,2003-08-23,22.0,0,0.0,0,0,0,0,0
Lachie Sullivan,Collingwood,33,Forward,180.0,1997-09-25,28.0,0,0.0,0,0,0,0,0
Samuel Swadling,Collingwood,32,Midfield,189.0,2007-01-16,19.0,0,0.0,0,0,0,0,0
Charlie West,Collingwood,29,Forward,194.0,2006-02-01,20.0,0,0.0,0,0,0,0,0
Lachlan Blakiston,Essendon,46,Defender,203.0,1998-09-09,27.0,0,0.0,0,0,0,0,0
Cillian Bourke,Essendon,39,Defender,190.0,2006-06-07,19.0,0,0.0,0,0,0,0,0
Nick Bryan,Essendon,24,Ruck,203.0,2001-10-22,24.0,0,0.0,0,0,0,0,0
Nate Caddy,Essendon,30,Forward,193.0,2005-07-14,20.0,0,0.0,0,0,0,0,0
Jye Caldwell,Essendon,6,Midfield,183.0,2000-09-28,25.0,0,0.0,0,0,0,0,0
Angus Clarke,Essendon,36,DefenderMidfield,188.0,2006-05-08,19.0,0,0.0,0,0,0,0,0
Nikolas Cox,Essendon,13,Midfield,200.0,2002-01-15,24.0,0,0.0,0,0,0,0,0
Archer Day-Wicks,Essendon,44,Forward,186.0,2006-05-13,19.0,0,0.0,0,0,0,0,0
Sam Durham,Essendon,22,Midfield,185.0,2001-07-09,24.0,0,0.0,0,0,0,0,0
Xavier Duursma,Essendon,28,Midfield,186.0,2000-07-07,25.0,0,0.0,0,0,0,0,0
Tom Edwards,Essendon,45,Forward,191.0,2000-05-20,25.0,0,0.0,0,0,0,0,0
Hussien El Achkar,Essendon,33,Forward,171.0,2007-04-02,18.0,0,0.0,0,0,0,0,0
Saad El-Hawli,Essendon,41,Midfield,184.0,2001-05-15,24.0,0,0.0,0,0,0,0,0
Jacob Farrow,Essendon,2,DefenderMidfield,188.0,2007-09-21,18.0,0,0.0,0,0,0,0,0
Brayden Fiorini,Essendon,8,Midfield,187.0,1997-08-22,28.0,0,0.0,0,0,0,0,0
Kayle Gerreyn,Essendon,19,Ruck,199.0,2006-05-10,19.0,0,0.0,0,0,0,0,0
Jade Gresham,Essendon,11,Forward,177.0,1997-08-24,28.0,0,0.0,0,0,0,0,0
Matt Guelfi,Essendon,35,Forward,184.0,1997-08-14,28.0,0,0.0,0,0,0,0,0
Lewis Hayes,Essendon,18,Defender,199.0,2004-12-17,21.0,0,0.0,0,0,0,0,0
Zak Johnson,Essendon,40,Defender,185.0,2006-12-24,19.0,0,0.0,0,0,0,0,0
Harrison Jones,Essendon,23,MidfieldForward,196.0,2001-02-25,25.0,0,0.0,0,0,0,0,0
Isaac Kako,Essendon,10,Forward,175.0,2006-03-07,20.0,0,0.0,0,0,0,0,0
Max Kondogiannis,Essendon,29,Defender,191.0,2007-11-14,18.0,0,0.0,0,0,0,0,0
Kyle Langford,Essendon,4,Forward,192.0,1996-12-01,29.0,0,0.0,0,0,0,0,0
Nicholas Martin,Essendon,37,MidfieldForward,192.0,2001-04-03,24.0,0,0.0,0,0,0,0,0
Archie May,Essendon,26,Forward,198.0,2004-08-27,21.0,0,0.0,0,0,0,0,0
Andrew McGrath,Essendon,1,Defender,180.0,1998-06-02,27.0,0,0.0,0,0,0,0,0
Ben McKay,Essendon,32,Defender,202.0,1997-12-24,28.0,0,0.0,0,0,0,0,0
Liam McMahon,Essendon,48,Forward,197.0,2002-05-02,23.0,0,0.0,0,0,0,0,0
Zachary Merrett,Essendon,7,Midfield,179.0,1995-10-03,30.0,0,0.0,0,0,0,0,0
Jayden Nguyen,Essendon,42,Defender,178.0,2006-07-27,19.0,0,0.0,0,0,0,0,0
Darcy Parish,Essendon,3,Midfield,180.0,1997-07-25,28.0,0,0.0,0,0,0,0,0
Archie Perkins,Essendon,16,Forward,188.0,2002-03-26,23.0,0,0.0,0,0,0,0,0
Jaxon Prior,Essendon,25,Defender,189.0,2001-06-04,24.0,0,0.0,0,0,0,0,0
Mason Redman,Essendon,27,Defender,187.0,1997-08-26,28.0,0,0.0,0,0,0,0,0
Zach Reid,Essendon,31,Defender,202.0,2002-03-02,24.0,0,0.0,0,0,0,0,0
Jordan Ridley,Essendon,14,Defender,195.0,1998-10-20,27.0,0,0.0,0,0,0,0,0
Archie Roberts,Essendon,21,Defender,184.0,2005-11-18,20.0,0,0.0,0,0,0,0,0
Sullivan Robey,Essendon,9,MidfieldForward,192.0,2007-10-04,18.0,0,0.0,0,0,0,0,0
Will Setterfield,Essendon,12,Midfield,192.0,1998-02-05,28.0,0,0.0,0,0,0,0,0
Dyson Sharp,Essendon,15,Midfield,187.0,2007-05-23,18.0,0,0.0,0,0,0,0,0
Elijah Tsatas,Essendon,5,Midfield,187.0,2004-10-18,21.0,0,0.0,0,0,0,0,0
Rhys Unwin,Essendon,38,Forward,179.0,2006-10-11,19.0,0,0.0,0,0,0,0,0
Vigo Visentini,Essendon,17,Ruck,203.0,2005-09-05,20.0,0,0.0,0,0,0,0,0
Peter Wright,Essendon,20,Forward,203.0,1996-09-08,29.0,0,0.0,0,0,0,0,0
Jye Amiss,Fremantle,24,Forward,196.0,2003-07-31,22.0,0,0.0,0,0,0,0,0
Bailey Banfield,Fremantle,41,Defender,190.0,1998-02-26,28.0,0,0.0,0,0,0,0,0
Shai Bolton,Fremantle,10,MidfieldForward,176.0,1998-12-08,27.0,0,0.0,0,0,0,0,0
Andrew Brayshaw,Fremantle,8,Midfield,185.0,1999-11-08,26.0,0,0.0,0,0,0,0,0
Jaren Carr,Fremantle,38,Forward,191.0,2004-01-27,22.0,0,0.0,0,0,0,0,0
Heath Chapman,Fremantle,5,Defender,193.0,2002-01-31,24.0,0,0.0,0,0,0,0,0
Jordan Clark,Fremantle,6,Defender,185.0,2000-10-16,25.0,0,0.0,0,0,0,0,0
Brennan Cox,Fremantle,36,Defender,195.0,1998-08-13,27.0,0,0.0,0,0,0,0,0
Mason Cox,Fremantle,18,ForwardRuck,211.0,1991-03-14,34.0,0,0.0,0,0,0,0,0
Sean Darcy,Fremantle,4,Ruck,203.0,1998-06-12,27.0,0,0.0,0,0,0,0,0
Hugh Davies,Fremantle,12,Defender,196.0,2004-09-28,21.0,0,0.0,0,0,0,0,0
Josh Draper,Fremantle,37,Defender,197.0,2004-02-08,22.0,0,0.0,0,0,0,0,0
Isaiah Dudley,Fremantle,43,Forward,171.0,2003-04-30,22.0,0,0.0,0,0,0,0,0
Neil Erasmus,Fremantle,28,Midfield,190.0,2003-12-02,22.0,0,0.0,0,0,0,0,0
Michael Frederick,Fremantle,32,Forward,183.0,2000-05-17,25.0,0,0.0,0,0,0,0,0
Luke Jackson,Fremantle,9,Ruck,199.0,2001-09-29,24.0,0,0.0,0,0,0,0,0
Matt Johnson,Fremantle,44,Midfield,193.0,2003-03-16,22.0,0,0.0,0,0,0,0,0
Leon Kickett,Fremantle,19,MidfieldForward,,2000-01-01,26.0,0,0.0,0,0,0,0,0
Ryda Luke,Fremantle,40,Forward,185.0,2007-09-19,18.0,0,0.0,0,0,0,0,0
Oscar McDonald,Fremantle,21,Defender,196.0,1996-03-18,29.0,0,0.0,0,0,0,0,0
Judd McVee,Fremantle,17,Defender,185.0,2003-08-07,22.0,0,0.0,0,0,0,0,0
Ollie Murphy,Fremantle,33,Defender,200.0,2005-09-16,20.0,0,0.0,0,0,0,0,0
Tobyn Murray,Fremantle,11,Forward,180.0,2005-05-05,20.0,0,0.0,0,0,0,0,0
Charlie Nicholls,Fremantle,22,Forward,197.0,2006-06-08,19.0,0,0.0,0,0,0,0,0
Nathan O'Driscoll,Fremantle,30,Midfield,188.0,2002-05-17,23.0,0,0.0,0,0,0,0,0
Jaeger O'Meara,Fremantle,2,Midfield,184.0,1994-02-23,32.0,0,0.0,0,0,0,0,0
Alex Pearce,Fremantle,25,Defender,201.0,1995-06-09,30.0,0,0.0,0,0,0,0,0
Murphy Reid,Fremantle,16,Forward,181.0,2006-07-30,19.0,0,0.0,0,0,0,0,0
Aiden Riddle,Fremantle,42,Ruck,200.0,2005-12-27,20.0,0,0.0,0,0,0,0,0
Luke Ryan,Fremantle,13,Defender,186.0,1996-02-06,30.0,0,0.0,0,0,0,0,0
Chris Scerri,Fremantle,45,MidfieldForward,177.0,2003-07-06,22.0,0,0.0,0,0,0,0,0
Caleb Serong,Fremantle,3,Midfield,180.0,2001-02-09,25.0,0,0.0,0,0,0,0,0
Jeremy Sharp,Fremantle,14,Midfield,189.0,2001-08-13,24.0,0,0.0,0,0,0,0,0
Cooper Simpson,Fremantle,29,Defender,182.0,2005-02-13,21.0,0,0.0,0,0,0,0,0
Sam Sturt,Fremantle,1,Forward,190.0,2000-05-12,25.0,0,0.0,0,0,0,0,0
Adam Sweid,Fremantle,15,Midfield,176.0,2007-09-14,18.0,0,0.0,0,0,0,0,0
Sam Switkowski,Fremantle,39,Forward,179.0,1996-11-20,29.0,0,0.0,0,0,0,0,0
Josh Treacy,Fremantle,35,Forward,195.0,2002-08-04,23.0,0,0.0,0,0,0,0,0
Patrick Voss,Fremantle,20,Forward,195.0,2003-06-29,22.0,0,0.0,0,0,0,0,0
Corey Wagner,Fremantle,34,Midfield,181.0,1997-03-23,28.0,0,0.0,0,0,0,0,0
Brandon Walker,Fremantle,31,Defender,186.0,2002-10-17,23.0,0,0.0,0,0,0,0,0
Toby Whan,Fremantle,27,Midfield,184.0,2007-05-09,18.0,0,0.0,0,0,0,0,0
Karl Worner,Fremantle,23,Defender,188.0,2002-06-16,23.0,0,0.0,0,0,0,0,0
Hayden Young,Fremantle,26,Midfield,189.0,2001-04-11,24.0,0,0.0,0,0,0,0,0
Tom Atkins,Geelong,30,Midfield,180.0,1995-09-18,30.0,1,14.6,0,0,77,98,102
Harley Barker,Geelong,26,Midfield,188.0,2007-05-02,18.0,0,0.0,0,0,0,0,0
Jed Bews,Geelong,24,Defender,186.0,1993-12-14,32.0,0,0.0,0,0,0,0,0
Mark Blicavs,Geelong,46,Ruck,198.0,1991-03-28,34.0,1,4.8,0,0,77,49,62
Jack Bowes,Geelong,12,Midfield,189.0,1998-01-26,28.0,0,0.0,0,0,0,0,0
Tanner Bruhn,Geelong,4,Midfield,184.0,2002-05-27,23.0,1,13.6,0,0,72,91,98
Cillian Burke,Geelong,41,Defender,192.0,2003-03-29,22.0,0,0.0,0,0,0,0,0
Jeremy Cameron,Geelong,5,Forward,196.0,1993-04-01,32.0,0,0.0,0,0,0,0,0
Jhye Clark,Geelong,13,Midfield,181.0,2004-07-23,21.0,1,9.1,0,0,50,34,38
Bradley Close,Geelong,45,Forward,183.0,1998-07-30,27.0,1,2.2,0,0,82,21,18
Toby Conway,Geelong,6,Ruck,206.0,2003-04-24,22.0,0,0.0,0,0,0,0,0
Patrick Dangerfield,Geelong,35,Forward,189.0,1990-04-05,35.0,0,0.0,0,0,0,0,0
Sam De Koning,Geelong,16,Defender,204.0,2001-02-26,25.0,1,2.9,0,0,81,41,45
Ollie Dempsey,Geelong,28,Midfield,187.0,2003-01-07,23.0,1,22.6,0,0,85,109,94
Nick Driscoll,Geelong,27,Midfield,,2000-01-01,26.0,0,0.0,0,0,0,0,0
Mitchell Edwards,Geelong,11,Ruck,206.0,2005-06-02,20.0,0,0.0,0,0,0,0,0
Zach Guthrie,Geelong,39,Defender,188.0,1998-06-30,27.0,1,8.6,0,0,71,81,75
Jack Henry,Geelong,38,Defender,192.0,1998-08-29,27.0,1,7.4,0,0,89,63,45
Oliver Henry,Geelong,36,Forward,189.0,2002-07-29,23.0,1,6.4,0,0,83,42,48
Lennox Hoffman,Geelong,23,Defender,191.0,2006-08-08,19.0,0,0.0,0,0,0,0,0
Hunter Holmes,Geelong,22,Midfield,188.0,2007-02-19,19.0,0,0.0,0,0,0,0,0
Max Holmes,Geelong,9,Midfield,190.0,2002-08-29,23.0,1,10.2,0,0,75,103,108
Lawson Humphries,Geelong,17,Defender,182.0,2003-04-24,22.0,1,8.7,0,0,81,63,63
Mitchell Knevitt,Geelong,10,Midfield,193.0,2003-01-08,23.0,1,7.4,0,0,77,46,43
Jake Kolodjashnij,Geelong,8,Defender,193.0,1995-08-09,30.0,0,0.0,0,0,0,0,0
Shaun Mannagh,Geelong,7,Forward,178.0,1997-08-06,28.0,1,10.6,0,0,81,56,52
Jack Martin,Geelong,19,Forward,186.0,1995-01-29,31.0,1,4.1,0,0,67,52,40
Keighton Matofai-Forbes,Geelong,31,DefenderForward,188.0,2006-02-02,20.0,0,0.0,0,0,0,0,0
Jesse Mellor,Geelong,25,Forward,185.0,2007-01-04,19.0,0,0.0,0,0,0,0,0
Gryan Miers,Geelong,32,Forward,179.0,1999-03-30,26.0,1,3.5,0,0,78,75,121
Jacob Molier,Geelong,20,Ruck,201.0,2006-10-11,19.0,0,0.0,0,0,0,0,0
Oisin Mullin,Geelong,34,DefenderMidfield,182.0,2000-02-11,26.0,1,1.2,0,0,80,25,28
Shannon Neale,Geelong,33,Forward,203.0,2002-07-25,23.0,1,3.8,0,0,90,48,40
Mark O'Connor,Geelong,42,Defender,189.0,1997-01-17,29.0,1,7.6,0,0,82,80,79
Connor O'Sullivan,Geelong,14,Defender,198.0,2005-05-19,20.0,1,10.0,0,0,93,75,73
Joe Pike,Geelong,37,Ruck,203.0,2005-05-17,20.0,0,0.0,0,0,0,0,0
Jay Polkinghorne,Geelong,2,Forward,191.0,2006-06-02,19.0,0,0.0,0,0,0,0,0
Bailey Smith,Geelong,3,Midfield,185.0,2000-12-07,25.0,1,7.6,0,0,83,67,80
Rhys Stanley,Geelong,1,Ruck,200.0,1990-12-01,35.0,0,0.0,0,0,0,0,0
Tyson Stengle,Geelong,18,Forward,175.0,1998-10-19,27.0,0,0.0,0,0,0,0,0
George Stevens,Geelong,15,Midfield,189.0,2005-04-14,20.0,0,0.0,0,0,0,0,0
Thomas Stewart,Geelong,44,Defender,190.0,1993-03-15,32.0,1,11.1,0,0,80,104,75
Oliver Wiltshire,Geelong,21,Forward,180.0,2002-09-15,23.0,0,0.0,0,0,0,0,0
James Worpel,Geelong,29,Midfield,186.0,1999-01-24,27.0,1,9.5,0,0,66,78,92
Oscar Adams,Gold Coast,48,Defender,197.0,2003-07-23,22.0,1,9.2,0,0,71,53,44
Beau Addinsall,Gold Coast,38,Midfield,182.0,2007-03-09,19.0,0,0.0,0,0,0,0,0
Noah Anderson,Gold Coast,15,Midfield,192.0,2001-02-17,25.0,1,12.1,0,0,84,100,100
Mac Andrew,Gold Coast,1,Defender,202.0,2003-12-04,22.0,1,14.0,0,0,84,73,78
Charlie Ballard,Gold Coast,10,Defender,196.0,1999-07-23,26.0,0,0.0,0,0,0,0,0
Cooper Bell,Gold Coast,31,DefenderForward,199.0,2006-11-30,19.0,0,0.0,0,0,0,0,0
Sam Clohesy,Gold Coast,33,Midfield,189.0,2002-12-12,23.0,1,9.1,0,0,79,74,64
Samuel Collins,Gold Coast,25,Defender,194.0,1994-06-15,31.0,1,11.1,3,3,88,89,64
Koby Coulson,Gold Coast,43,Midfield,180.0,2007-07-31,18.0,0,0.0,0,0,0,0,0
Alex Davies,Gold Coast,5,Midfield,193.0,2002-03-18,23.0,1,9.4,0,0,59,60,60
Asher Eastham,Gold Coast,42,Forward,190.0,2006-05-13,19.0,0,0.0,0,0,0,0,0
Zak Evans,Gold Coast,36,Midfield,190.0,2000-03-26,25.0,0,0.0,0,0,0,0,0
Jy Farrar,Gold Coast,50,Forward,190.0,1996-12-07,29.0,1,3.2,0,0,66,29,28
Caleb Graham,Gold Coast,46,Defender,194.0,2000-09-12,25.0,0,0.0,0,0,0,0,0
Will Graham,Gold Coast,26,Forward,186.0,2005-07-27,20.0,1,0.2,0,0,62,46,42
Lachlan Gulbin,Gold Coast,39,Forward,187.0,2006-11-24,19.0,0,0.0,0,0,0,0,0
Elliott Himmelberg,Gold Coast,12,Forward,196.0,1998-06-04,27.0,0,0.0,0,0,0,0,0
Nicholas Holman,Gold Coast,7,MidfieldForward,188.0,1995-05-29,30.0,0,0.0,0,0,0,0,0
Bailey Humphrey,Gold Coast,19,MidfieldForward,186.0,2004-09-11,21.0,1,16.7,8,8,77,116,86
Joel Jeffrey,Gold Coast,16,Defender,192.0,2002-03-12,23.0,1,9.2,0,0,80,88,80
Ben Jepson,Gold Coast,44,Midfield,184.0,2001-10-10,24.0,0,0.0,0,0,0,0,0
Ben King,Gold Coast,34,Forward,202.0,2000-07-07,25.0,1,7.2,0,0,96,46,39
Max Knobel,Gold Coast,37,Ruck,206.0,2004-06-27,21.0,0,0.0,0,0,0,0,0
Caleb Lewis,Gold Coast,45,Forward,198.0,2003-09-29,22.0,0,0.0,0,0,0,0,0
Leo Lombard,Gold Coast,8,Forward,179.0,2006-10-05,19.0,1,10.6,0,0,80,69,75
Ben Long,Gold Coast,22,Forward,186.0,1997-08-21,28.0,1,11.1,0,0,83,74,70
Touk Miller,Gold Coast,11,Midfield,178.0,1996-02-22,30.0,1,20.1,4,4,77,120,109
Ned Moyle,Gold Coast,23,Ruck,206.0,2002-02-15,24.0,0,0.0,0,0,0,0,0
Jai Murray,Gold Coast,35,Midfield,185.0,2007-03-09,19.0,0,0.0,0,0,0,0,0
John Noble,Gold Coast,2,Defender,180.0,1997-03-25,28.0,1,14.2,4,4,83,116,115
Dylan Patterson,Gold Coast,30,Defender,184.0,2007-09-01,18.0,0,0.0,0,0,0,0,0
Christian Petracca,Gold Coast,3,MidfieldForward,187.0,1996-01-04,30.0,1,36.9,10,10,77,170,121
Wil Powell,Gold Coast,27,Defender,188.0,1999-08-26,26.0,1,14.4,1,1,79,87,69
Ethan Read,Gold Coast,20,Forward,202.0,2005-07-07,20.0,1,-5.8,0,0,78,43,62
Daniel Rioli,Gold Coast,17,Defender,179.0,1997-04-16,28.0,1,7.6,0,0,84,96,90
Jake Rogers,Gold Coast,29,Forward,172.0,2005-03-02,21.0,0,0.0,0,0,0,0,0
Matt Rowell,Gold Coast,18,Midfield,180.0,2001-07-01,24.0,0,0.0,0,0,0,0,0
Avery Thomas,Gold Coast,41,Defender,185.0,2007-09-20,18.0,0,0.0,0,0,0,0,0
Jamarra Ugle-Hagan,Gold Coast,9,Forward,197.0,2002-04-04,23.0,0,0.0,0,0,0,0,0
Bodhi Uwland,Gold Coast,6,Defender,188.0,2003-07-25,22.0,1,8.9,0,0,89,71,57
Zeke Uwland,Gold Coast,32,DefenderMidfield,179.0,2007-04-24,18.0,1,1.2,0,0,62,37,42
Jed Walter,Gold Coast,4,Forward,195.0,2005-06-08,20.0,0,0.0,0,0,0,0,0
Lachlan Weller,Gold Coast,14,Midfield,182.0,1996-02-23,30.0,1,9.9,0,0,81,73,71
Jarrod Witts,Gold Coast,28,Ruck,209.0,1992-09-13,33.0,1,8.3,0,0,79,71,79
Leek Aleer,GWS Giants,21,Defender,194.0,2001-08-21,24.0,0,0.0,0,0,0,0,0
Cody Angove,GWS Giants,29,Forward,182.0,2006-05-28,19.0,0,0.0,0,0,0,0,0
Ryan Angwin,GWS Giants,9,Midfield,185.0,2002-12-12,23.0,1,7.8,0,0,83,56,52
Lachlan Ash,GWS Giants,7,Defender,188.0,2001-06-21,24.0,1,10.0,0,0,85,69,84
Toby Bedford,GWS Giants,14,MidfieldForward,179.0,2000-05-27,25.0,0,0.0,0,0,0,0,0
Kieren Briggs,GWS Giants,32,Ruck,201.0,1999-10-06,26.0,1,15.0,0,0,70,78,67
Callum Brown,GWS Giants,46,Forward,188.0,2000-08-15,25.0,1,6.7,0,0,69,35,37
Jack Buckley,GWS Giants,44,Defender,195.0,1997-12-17,28.0,1,6.1,0,0,78,66,60
Aaron Cadman,GWS Giants,5,Forward,195.0,2004-03-03,22.0,0,0.0,0,0,0,0,0
Finn Callaghan,GWS Giants,17,Midfield,192.0,2003-04-26,22.0,1,14.1,6,6,76,89,86
Stephen Coniglio,GWS Giants,3,Midfield,182.0,1993-12-15,32.0,1,12.3,5,5,80,122,94
Brent Daniels,GWS Giants,16,Forward,172.0,1999-03-09,27.0,0,0.0,0,0,0,0,0
Finnegan Davis,GWS Giants,45,Defender,188.0,2007-01-21,19.0,0,0.0,0,0,0,0,0
Josaia Delana,GWS Giants,38,Forward,176.0,2006-07-01,19.0,1,6.5,0,0,63,43,13
Joseph Fonti,GWS Giants,37,Defender,189.0,2004-12-24,21.0,1,15.9,2,2,89,119,90
Phoenix Gothard,GWS Giants,11,Forward,179.0,2005-09-07,20.0,1,10.1,0,0,75,47,46
Tom Green,GWS Giants,12,Midfield,192.0,2001-01-23,25.0,0,0.0,0,0,0,0,0
Toby Greene,GWS Giants,4,Forward,182.0,1993-09-25,32.0,1,11.7,0,0,78,89,77
Max Gruzewski,GWS Giants,35,Forward,192.0,2004-07-21,21.0,1,9.2,0,0,69,54,33
Riley Hamilton,GWS Giants,43,MidfieldForward,189.0,2006-08-15,19.0,0,0.0,0,0,0,0,0
Oliver Hannaford,GWS Giants,13,MidfieldForward,180.0,2006-09-01,19.0,0,0.0,0,0,0,0,0
Harrison Himmelberg,GWS Giants,27,Defender,195.0,1996-05-08,29.0,1,7.4,0,0,78,70,66
Jesse Hogan,GWS Giants,23,Forward,196.0,1995-02-12,31.0,1,11.4,0,0,86,75,52
Connor Idun,GWS Giants,39,Defender,193.0,2000-07-29,25.0,1,8.2,0,0,100,71,61
Darcy Jones,GWS Giants,2,Forward,175.0,2004-04-03,21.0,0,0.0,0,0,0,0,0
Joshua Kelly,GWS Giants,22,Midfield,184.0,1995-02-12,31.0,0,0.0,0,0,0,0,0
Jayden Laverde,GWS Giants,25,Defender,193.0,1996-04-12,29.0,1,7.4,0,0,83,75,64
James Leake,GWS Giants,30,DefenderForward,188.0,2005-10-02,20.0,0,0.0,0,0,0,0,0
Nick Madden,GWS Giants,41,Ruck,204.0,2004-05-17,21.0,0,0.0,0,0,0,0,0
Toby McMullin,GWS Giants,31,Midfield,183.0,2004-08-06,21.0,0,0.0,0,0,0,0,0
Xavier O'Halloran,GWS Giants,33,Midfield,187.0,2000-07-11,25.0,1,5.0,0,0,64,30,36
Clayton Oliver,GWS Giants,10,Midfield,189.0,1997-07-22,28.0,1,21.6,7,7,85,121,89
Harrison Oliver,GWS Giants,19,Defender,181.0,2006-06-15,19.0,0,0.0,0,0,0,0,0
Jack Ough,GWS Giants,28,Midfield,194.0,2006-12-15,19.0,0,0.0,0,0,0,0,0
Jake Riccardi,GWS Giants,26,ForwardRuck,198.0,1999-11-07,26.0,1,11.4,0,0,75,111,95
Harry Rowston,GWS Giants,24,Midfield,182.0,2004-08-12,21.0,1,6.6,0,0,61,60,63
Logan Smith,GWS Giants,36,Ruck,204.0,2006-09-24,19.0,0,0.0,0,0,0,0,0
Conor Stone,GWS Giants,18,Defender,189.0,2002-04-22,23.0,0,0.0,0,0,0,0,0
Jake Stringer,GWS Giants,20,Forward,192.0,1994-04-25,31.0,1,23.6,10,10,86,131,97
Oskar Taylor,GWS Giants,34,Defender,182.0,2007-08-01,18.0,0,0.0,0,0,0,0,0
Sam Taylor,GWS Giants,15,Defender,198.0,1999-05-05,26.0,0,0.0,0,0,0,0,0
Harvey Thomas,GWS Giants,1,Forward,176.0,2005-08-08,20.0,1,12.6,0,0,78,84,68
Nathan Wardius,GWS Giants,42,Forward,181.0,2004-10-12,21.0,0,0.0,0,0,0,0,0
Lachie Whitfield,GWS Giants,6,Defender,185.0,1994-07-18,31.0,1,6.6,0,0,86,103,87
Karl Amon,Hawthorn,10,Defender,181.0,1995-08-19,30.0,1,1.8,0,0,83,62,54
Cody Anderson,Hawthorn,32,Midfield,183.0,2006-01-30,20.0,0,0.0,0,0,0,0,0
Tom Barrass,Hawthorn,37,Defender,197.0,1995-10-08,30.0,1,9.6,0,0,82,38,22
Josh Battle,Hawthorn,24,Defender,193.0,1998-09-01,27.0,1,11.0,0,0,93,82,77
James Blanck,Hawthorn,36,Defender,196.0,2000-11-20,25.0,0,0.0,0,0,0,0,0
Sam Butler,Hawthorn,30,MidfieldForward,184.0,2003-02-10,23.0,1,10.8,0,0,74,54,50
Mabior Chol,Hawthorn,18,Forward,200.0,1997-01-29,29.0,1,11.8,0,0,68,63,56
Massimo D'Ambrosio,Hawthorn,16,Midfield,178.0,2003-06-05,22.0,1,9.1,0,0,73,51,47
Jack Dalton,Hawthorn,34,Midfield,178.0,2007-04-05,18.0,0,0.0,0,0,0,0,0
Will Day,Hawthorn,12,Midfield,191.0,2001-06-05,24.0,0,0.0,0,0,0,0,0
Calsher Dear,Hawthorn,13,Forward,195.0,2005-08-04,20.0,0,0.0,0,0,0,0,0
Jack Ginnivan,Hawthorn,33,Forward,185.0,2002-12-09,23.0,1,11.7,0,0,77,70,82
Ollie Greeves,Hawthorn,35,Midfield,192.0,2007-02-07,19.0,0,0.0,0,0,0,0,0
Jack Gunston,Hawthorn,19,Forward,193.0,1991-10-16,34.0,1,17.0,0,0,83,69,62
Blake Hardwick,Hawthorn,15,Defender,183.0,1997-02-05,29.0,1,13.0,0,0,85,69,46
Matt Hill,Hawthorn,41,Defender,187.0,2004-01-01,22.0,0,0.0,0,0,0,0,0
Henry Hustwaite,Hawthorn,44,Midfield,195.0,2004-07-20,21.0,0,0.0,0,0,0,0,0
Jarman Impey,Hawthorn,4,Defender,178.0,1995-07-09,30.0,1,8.7,0,0,84,67,68
Matthew LeRay,Hawthorn,31,Midfield,188.0,2007-02-22,19.0,0,0.0,0,0,0,0,0
Mitchell Lewis,Hawthorn,2,Forward,199.0,1998-10-14,27.0,1,4.2,0,0,62,59,67
Connor MacDonald,Hawthorn,9,Forward,185.0,2003-01-13,23.0,1,11.3,0,0,77,94,79
Bailey Macdonald,Hawthorn,42,Defender,182.0,2004-08-04,21.0,0,0.0,0,0,0,0,0
Cameron Mackenzie,Hawthorn,28,Midfield,188.0,2004-01-21,22.0,0,0.0,0,0,0,0,0
Finn Maginness,Hawthorn,20,Forward,189.0,2001-02-23,25.0,1,3.3,0,0,56,32,25
William McCabe,Hawthorn,27,Defender,197.0,2005-09-29,20.0,0,0.0,0,0,0,0,0
Lloyd Meek,Hawthorn,17,Ruck,203.0,1998-04-22,27.0,1,8.4,0,0,73,71,70
Dylan Moore,Hawthorn,8,Forward,177.0,1999-08-04,26.0,1,8.6,0,0,87,45,43
Harry Morrison,Hawthorn,1,Midfield,184.0,1998-11-12,27.0,1,4.4,0,0,87,39,69
Noah Mraz,Hawthorn,21,Defender,198.0,2006-02-20,20.0,0,0.0,0,0,0,0,0
Cameron Nairn,Hawthorn,22,MidfieldForward,188.0,2007-10-15,18.0,0,0.0,0,0,0,0,0
Conor Nash,Hawthorn,11,Midfield,198.0,1998-07-28,27.0,1,6.8,0,0,75,62,61
Jai Newcombe,Hawthorn,3,Midfield,187.0,2001-08-02,24.0,1,7.8,0,0,75,63,83
Flynn Perez,Hawthorn,39,Defender,188.0,2001-08-25,24.0,0,0.0,0,0,0,0,0
Max Ramsden,Hawthorn,38,Forward,203.0,2003-04-19,22.0,0,0.0,0,0,0,0,0
Ned Reeves,Hawthorn,7,Ruck,210.0,1998-10-31,27.0,0,0.0,0,0,0,0,0
Bodie Ryan,Hawthorn,26,Defender,187.0,2005-04-20,20.0,0,0.0,0,0,0,0,0
Aidan Schubert,Hawthorn,29,ForwardRuck,198.0,2007-12-21,18.0,0,0.0,0,0,0,0,0
Jack Scrimshaw,Hawthorn,14,Defender,194.0,1998-09-04,27.0,1,10.2,0,0,73,78,67
James Sicily,Hawthorn,6,Defender,188.0,1995-01-06,31.0,1,18.5,0,0,86,128,89
Jaime Uhr-Henry,Hawthorn,43,Ruck,209.0,2003-03-12,22.0,0,0.0,0,0,0,0,0
Josh Ward,Hawthorn,25,Midfield,183.0,2003-08-15,22.0,1,11.7,0,0,74,66,73
Nick Watson,Hawthorn,5,Forward,170.0,2005-02-24,21.0,1,12.1,0,0,83,78,72
Joshua Weddle,Hawthorn,23,Defender,191.0,2004-05-25,21.0,1,8.1,0,0,87,62,49
Jed Adams,Melbourne,26,Defender,196.0,2004-05-14,21.0,0,0.0,0,0,0,0,0
Oscar Berry,Melbourne,38,Defender,196.0,,,0,0.0,0,0,0,0,0
Jake Bowey,Melbourne,17,Defender,175.0,2002-09-12,23.0,0,0.0,0,0,0,0,0
Tom Campbell,Melbourne,29,Ruck,201.0,1991-11-02,34.0,0,0.0,0,0,0,0,0
Kade Chandler,Melbourne,37,Forward,175.0,2000-01-13,26.0,0,0.0,0,0,0,0,0
Jai Culley,Melbourne,13,Midfield,194.0,2003-02-24,23.0,0,0.0,0,0,0,0,0
Bayley Fritsch,Melbourne,31,Forward,188.0,1996-12-06,29.0,0,0.0,0,0,0,0,0
Max Gawn,Melbourne,11,Ruck,209.0,1991-12-30,34.0,0,0.0,0,0,0,0,0
Max Heath,Melbourne,27,ForwardRuck,204.0,2002-10-24,23.0,0,0.0,0,0,0,0,0
Jack Henderson,Melbourne,43,Forward,176.0,1999-10-01,26.0,0,0.0,0,0,0,0,0
Blake Howes,Melbourne,22,Defender,191.0,2003-04-07,22.0,0,0.0,0,0,0,0,0
Matthew Jefferson,Melbourne,21,Forward,195.0,2004-03-08,22.0,0,0.0,0,0,0,0,0
Changkuoth Jiath,Melbourne,14,Defender,185.0,1999-06-13,26.0,0,0.0,0,0,0,0,0
Aidan Johnson,Melbourne,42,Forward,193.0,2000-03-09,26.0,0,0.0,0,0,0,0,0
Luker Kentfield,Melbourne,44,Forward,194.0,2005-09-10,20.0,0,0.0,0,0,0,0,0
Ed Langdon,Melbourne,15,MidfieldForward,182.0,1996-02-01,30.0,0,0.0,0,0,0,0,0
Harvey Langford,Melbourne,4,Midfield,191.0,2006-03-15,19.0,0,0.0,0,0,0,0,0
Bailey Laurie,Melbourne,16,Forward,179.0,2002-03-24,23.0,0,0.0,0,0,0,0,0
Jake Lever,Melbourne,8,Defender,194.0,1996-03-05,30.0,0,0.0,0,0,0,0,0
Xavier Lindsay,Melbourne,5,Midfield,183.0,2006-08-03,19.0,0,0.0,0,0,0,0,0
Thomas Matthews,Melbourne,20,Forward,171.0,2007-02-28,19.0,0,0.0,0,0,0,0,0
Steven May,Melbourne,1,Defender,193.0,1992-01-10,34.0,0,0.0,0,0,0,0,0
Shane McAdam,Melbourne,23,Forward,186.0,1995-05-28,30.0,0,0.0,0,0,0,0,0
Tom McDonald,Melbourne,25,Defender,195.0,1992-09-18,33.0,0,0.0,0,0,0,0,0
Jake Melksham,Melbourne,18,Forward,186.0,1991-08-29,34.0,0,0.0,0,0,0,0,0
Ricky Mentha,Melbourne,39,DefenderForward,178.0,2006-09-04,19.0,0,0.0,0,0,0,0,0
Brody Mihocek,Melbourne,28,Forward,192.0,1993-02-04,33.0,0,0.0,0,0,0,0,0
Andy Moniz-Wakefield,Melbourne,45,Defender,182.0,2003-10-26,22.0,0,0.0,0,0,0,0,0
Riley Onley,Melbourne,40,Midfield,,2000-01-01,26.0,0,0.0,0,0,0,0,0
Harrison Petty,Melbourne,35,Forward,197.0,1999-11-12,26.0,0,0.0,0,0,0,0,0
Kysaiah Pickett,Melbourne,36,MidfieldForward,171.0,2001-06-02,24.0,0,0.0,0,0,0,0,0
Latrelle Pickett,Melbourne,33,Forward,182.0,2005-12-28,20.0,0,0.0,0,0,0,0,0
Trent Rivers,Melbourne,24,Defender,188.0,2001-07-30,24.0,0,0.0,0,0,0,0,0
Christian Salem,Melbourne,3,Defender,184.0,1995-07-15,30.0,0,0.0,0,0,0,0,0
Harry Sharp,Melbourne,30,Forward,182.0,2002-12-17,23.0,0,0.0,0,0,0,0,0
Tom Sparrow,Melbourne,32,Forward,183.0,2000-05-31,25.0,0,0.0,0,0,0,0,0
Jack Steele,Melbourne,9,Midfield,187.0,1995-12-13,30.0,0,0.0,0,0,0,0,0
Xavier Taylor,Melbourne,19,Defender,192.0,2007-01-30,19.0,0,0.0,0,0,0,0,0
Koltyn Tholstrup,Melbourne,12,Forward,186.0,2005-06-28,20.0,0,0.0,0,0,0,0,0
Daniel Turner,Melbourne,10,Defender,194.0,2002-01-28,24.0,0,0.0,0,0,0,0,0
Jacob Van Rooyen,Melbourne,2,Forward,193.0,2003-04-16,22.0,0,0.0,0,0,0,0,0
Jack Viney,Melbourne,7,Midfield,179.0,1994-04-13,31.0,0,0.0,0,0,0,0,0
Kalani White,Melbourne,34,ForwardRuck,201.0,2007-05-05,18.0,0,0.0,0,0,0,0,0
Caleb Windsor,Melbourne,6,Defender,185.0,2005-06-09,20.0,0,0.0,0,0,0,0,0
Jackson Archer,North Melbourne,34,Defender,187.0,2003-01-09,23.0,0,0.0,0,0,0,0,0
Zac Banch,North Melbourne,45,Forward,175.0,2003-07-21,22.0,0,0.0,0,0,0,0,0
Tom Blamires,North Melbourne,39,Midfield,181.0,2002-08-13,23.0,0,0.0,0,0,0,0,0
Callum Coleman-Jones,North Melbourne,21,Ruck,200.0,1999-06-13,26.0,0,0.0,0,0,0,0,0
Charlie Comben,North Melbourne,30,Defender,199.0,2001-07-20,24.0,0,0.0,0,0,0,0,0
Aidan Corr,North Melbourne,4,Defender,195.0,1994-05-17,31.0,0,0.0,0,0,0,0,0
Paul Curtis,North Melbourne,25,Forward,185.0,2003-03-04,23.0,0,0.0,0,0,0,0,0
Caleb Daniel,North Melbourne,5,Defender,171.0,1996-07-07,29.0,0,0.0,0,0,0,0,0
Jack Darling,North Melbourne,27,Forward,191.0,1992-06-13,33.0,0,0.0,0,0,0,0,0
Luke Davies-Uniacke,North Melbourne,9,Midfield,188.0,1999-06-08,26.0,0,0.0,0,0,0,0,0
Wil Dawson,North Melbourne,18,Defender,200.0,2005-12-20,20.0,0,0.0,0,0,0,0,0
Lachy Dovaston,North Melbourne,1,Forward,178.0,2007-05-29,18.0,0,0.0,0,0,0,0,0
Zane Duursma,North Melbourne,7,DefenderForward,190.0,2005-08-28,20.0,0,0.0,0,0,0,0,0
Zac Fisher,North Melbourne,16,Forward,175.0,1998-06-15,27.0,0,0.0,0,0,0,0,0
Brayden George,North Melbourne,33,Forward,187.0,2004-01-13,22.0,0,0.0,0,0,0,0,0
Taylor Goad,North Melbourne,22,Ruck,207.0,2005-04-28,20.0,0,0.0,0,0,0,0,0
Josh Goater,North Melbourne,31,Defender,190.0,2003-06-02,22.0,0,0.0,0,0,0,0,0
Robert Hansen,North Melbourne,46,MidfieldForward,182.0,2004-03-13,21.0,0,0.0,0,0,0,0,0
Riley Hardeman,North Melbourne,17,Defender,184.0,2005-02-27,21.0,0,0.0,0,0,0,0,0
Cooper Harvey,North Melbourne,37,Forward,180.0,2004-07-12,21.0,0,0.0,0,0,0,0,0
Jacob Konstanty,North Melbourne,41,Forward,177.0,2004-11-09,21.0,0,0.0,0,0,0,0,0
Nick Larkey,North Melbourne,20,Forward,198.0,1998-06-06,27.0,0,0.0,0,0,0,0,0
Griffin Logue,North Melbourne,19,Defender,193.0,1998-04-13,27.0,0,0.0,0,0,0,0,0
Luke McDonald,North Melbourne,11,Defender,189.0,1995-02-09,31.0,0,0.0,0,0,0,0,0
Colby McKercher,North Melbourne,10,Defender,182.0,2005-04-12,20.0,0,0.0,0,0,0,0,0
Hugo Mikunda,North Melbourne,28,MidfieldForward,180.0,2007-03-13,18.0,0,0.0,0,0,0,0,0
Finn O'Sullivan,North Melbourne,2,DefenderMidfield,182.0,2006-05-30,19.0,0,0.0,0,0,0,0,0
Luke Parker,North Melbourne,26,Midfield,183.0,1992-10-25,33.0,0,0.0,0,0,0,0,0
Toby Pink,North Melbourne,32,Defender,194.0,1998-08-11,27.0,0,0.0,0,0,0,0,0
Tom Powell,North Melbourne,24,Midfield,184.0,2002-03-02,24.0,0,0.0,0,0,0,0,0
Bailey Scott,North Melbourne,8,Midfield,186.0,2000-07-09,25.0,0,0.0,0,0,0,0,0
Harry Sheezel,North Melbourne,3,MidfieldForward,185.0,2004-10-13,21.0,0,0.0,0,0,0,0,0
Jy Simpkin,North Melbourne,12,MidfieldForward,183.0,1998-03-05,28.0,0,0.0,0,0,0,0,0
Charlie Spargo,North Melbourne,13,Forward,172.0,1999-11-25,26.0,0,0.0,0,0,0,0,0
Dylan Stephens,North Melbourne,15,Midfield,184.0,2001-01-08,25.0,0,0.0,0,0,0,0,0
River Stevens,North Melbourne,36,MidfieldForward,176.0,2006-06-26,19.0,0,0.0,0,0,0,0,0
Blake Thredgold,North Melbourne,23,Defender,195.0,2007-08-27,18.0,0,0.0,0,0,0,0,0
Cooper Trembath,North Melbourne,47,Forward,193.0,2005-10-17,20.0,0,0.0,0,0,0,0,0
Luke Urquhart,North Melbourne,14,Midfield,184.0,2006-09-19,19.0,0,0.0,0,0,0,0,0
George Wardlaw,North Melbourne,6,Midfield,182.0,2004-06-11,21.0,0,0.0,0,0,0,0,0
Matt Whitlock,North Melbourne,35,DefenderForward,198.0,2006-05-16,19.0,0,0.0,0,0,0,0,0
Tristan Xerri,North Melbourne,38,Ruck,202.0,1999-03-15,26.0,0,0.0,0,0,0,0,0
Cameron Zurhaar,North Melbourne,44,Forward,190.0,1998-05-22,27.0,0,0.0,0,0,0,0,0
Aliir Aliir,Port Adelaide,21,Defender,194.0,1994-09-05,31.0,0,0.0,0,0,0,0,0
Tom Anastasopoulos,Port Adelaide,29,Forward,176.0,2005-05-31,20.0,0,0.0,0,0,0,0,0
Benny Barrett,Port Adelaide,40,Midfield,172.0,2006-05-01,19.0,0,0.0,0,0,0,0,0
Miles Bergman,Port Adelaide,14,Defender,189.0,2001-10-18,24.0,0,0.0,0,0,0,0,0
Joe Berry,Port Adelaide,5,Forward,181.0,2006-04-18,19.0,0,0.0,0,0,0,0,0
Will Brodie,Port Adelaide,23,Midfield,190.0,1998-08-23,27.0,0,0.0,0,0,0,0,0
Jase Burgoyne,Port Adelaide,7,DefenderMidfield,186.0,2003-07-15,22.0,0,0.0,0,0,0,0,0
Zak Butters,Port Adelaide,9,Midfield,181.0,2000-09-08,25.0,0,0.0,0,0,0,0,0
Darcy Byrne-Jones,Port Adelaide,33,Forward,181.0,1995-09-20,30.0,0,0.0,0,0,0,0,0
Tom Cochrane,Port Adelaide,26,Forward,182.0,2006-01-27,20.0,0,0.0,0,0,0,0,0
Willem Drew,Port Adelaide,28,Midfield,188.0,1998-10-01,27.0,0,0.0,0,0,0,0,0
Corey Durdin,Port Adelaide,44,Forward,173.0,2002-04-14,23.0,0,0.0,0,0,0,0,0
Logan Evans,Port Adelaide,22,Defender,189.0,2005-10-07,20.0,0,0.0,0,0,0,0,0
Kane Farrell,Port Adelaide,6,Defender,182.0,1999-03-17,26.0,0,0.0,0,0,0,0,0
Mitch Georgiades,Port Adelaide,19,Forward,192.0,2001-09-28,24.0,0,0.0,0,0,0,0,0
Jason Horne-Francis,Port Adelaide,18,Midfield,185.0,2003-06-21,22.0,0,0.0,0,0,0,0,0
Lachlan Jones,Port Adelaide,34,Defender,186.0,2002-04-09,23.0,0,0.0,0,0,0,0,0
Josh Lai,Port Adelaide,43,Midfield,185.0,2005-10-01,20.0,0,0.0,0,0,0,0,0
Mani Liddy,Port Adelaide,50,Midfield,181.0,2002-02-20,24.0,0,0.0,0,0,0,0,0
Ollie Lord,Port Adelaide,30,Forward,197.0,2002-01-02,24.0,0,0.0,0,0,0,0,0
Will Lorenz,Port Adelaide,36,Midfield,186.0,2005-02-19,21.0,0,0.0,0,0,0,0,0
Jack Lukosius,Port Adelaide,12,Forward,195.0,2000-08-09,25.0,0,0.0,0,0,0,0,0
Ewan Mackinlay,Port Adelaide,31,Midfield,182.0,2003-07-18,22.0,0,0.0,0,0,0,0,0
Todd Marshall,Port Adelaide,4,Forward,198.0,1998-10-08,27.0,0,0.0,0,0,0,0,0
Jackson Mead,Port Adelaide,3,Midfield,184.0,2001-09-30,24.0,0,0.0,0,0,0,0,0
Christian Moraes,Port Adelaide,11,Midfield,183.0,2006-11-08,19.0,0,0.0,0,0,0,0,0
Jacob Moss,Port Adelaide,42,Defender,198.0,2004-12-22,21.0,0,0.0,0,0,0,0,0
Balyn O'Brien,Port Adelaide,41,Defender,187.0,2007-01-26,19.0,0,0.0,0,0,0,0,0
Sam Powell-Pepper,Port Adelaide,2,Forward,187.0,1998-01-08,28.0,0,0.0,0,0,0,0,0
Harrison Ramm,Port Adelaide,32,Defender,202.0,2006-12-05,19.0,0,0.0,0,0,0,0,0
Esava Ratugolea,Port Adelaide,27,Defender,197.0,1998-07-24,27.0,0,0.0,0,0,0,0,0
Joe Richards,Port Adelaide,35,Forward,177.0,1999-11-23,26.0,0,0.0,0,0,0,0,0
Connor Rozee,Port Adelaide,1,DefenderMidfield,185.0,2000-01-22,26.0,0,0.0,0,0,0,0,0
Josh Sinn,Port Adelaide,8,Defender,187.0,2003-01-07,23.0,0,0.0,0,0,0,0,0
Ivan Soldo,Port Adelaide,13,ForwardRuck,204.0,1996-04-14,29.0,0,0.0,0,0,0,0,0
Jordon Sweet,Port Adelaide,24,Ruck,206.0,1998-02-02,28.0,0,0.0,0,0,0,0,0
Dante Visentini,Port Adelaide,38,Ruck,202.0,2003-02-13,23.0,0,0.0,0,0,0,0,0
Xavier Walsh,Port Adelaide,45,Forward,195.0,2005-09-06,20.0,0,0.0,0,0,0,0,0
Jack Watkins,Port Adelaide,37,Midfield,,2000-01-01,26.0,0,0.0,0,0,0,0,0
Jacob Wehr,Port Adelaide,15,DefenderMidfield,185.0,1998-07-05,27.0,0,0.0,0,0,0,0,0
Jack Whitlock,Port Adelaide,17,Forward,200.0,2006-05-16,19.0,0,0.0,0,0,0,0,0
Oliver Wines,Port Adelaide,16,Midfield,187.0,1994-10-07,31.0,0,0.0,0,0,0,0,0
Mitch Zadow,Port Adelaide,39,Forward,180.0,2004-03-11,21.0,0,0.0,0,0,0,0,0
Brandon Zerk-Thatcher,Port Adelaide,25,Defender,195.0,1998-08-25,27.0,0,0.0,0,0,0,0,0
Jasper Alger,Richmond,29,Forward,183.0,2006-12-17,19.0,0,0.0,0,0,0,0,0
Harry Armstrong,Richmond,34,Forward,195.0,2006-06-14,19.0,0,0.0,0,0,0,0,0
Noah Balta,Richmond,21,DefenderForward,194.0,1999-10-23,26.0,0,0.0,0,0,0,0,0
Sam Banks,Richmond,6,Defender,187.0,2003-04-02,22.0,0,0.0,0,0,0,0,0
Nathan Broad,Richmond,35,Defender,192.0,1993-04-15,32.0,0,0.0,0,0,0,0,0
Tom Brown,Richmond,30,Defender,193.0,2003-07-30,22.0,0,0.0,0,0,0,0,0
Seth Campbell,Richmond,44,Forward,182.0,2004-12-29,21.0,0,0.0,0,0,0,0,0
Judson Clarke,Richmond,23,Forward,180.0,2003-10-17,22.0,0,0.0,0,0,0,0,0
Sam Cumming,Richmond,22,Midfield,184.0,2007-07-27,18.0,0,0.0,0,0,0,0,0
Jonty Faull,Richmond,8,Forward,195.0,2006-02-01,20.0,0,0.0,0,0,0,0,0
Liam Fawcett,Richmond,43,Forward,197.0,2005-04-22,20.0,0,0.0,0,0,0,0,0
Josh Gibcus,Richmond,18,Defender,196.0,2003-04-04,22.0,0,0.0,0,0,0,0,0
Campbell Gray,Richmond,50,Defender,195.0,2003-08-01,22.0,0,0.0,0,0,0,0,0
Steely Green,Richmond,48,Forward,179.0,2004-01-09,22.0,0,0.0,0,0,0,0,0
Samuel Grlj,Richmond,24,DefenderMidfield,182.0,2007-07-26,18.0,0,0.0,0,0,0,0,0
Oliver Hayes-Brown,Richmond,47,Ruck,208.0,2000-04-28,25.0,0,0.0,0,0,0,0,0
Jacob Hopper,Richmond,2,Midfield,187.0,1997-02-06,29.0,0,0.0,0,0,0,0,0
Taj Hotton,Richmond,10,Forward,182.0,2006-06-17,19.0,0,0.0,0,0,0,0,0
Sam Lalor,Richmond,4,Forward,188.0,2006-08-30,19.0,0,0.0,0,0,0,0,0
Mykelti Lefau,Richmond,42,Forward,195.0,1998-06-22,27.0,0,0.0,0,0,0,0,0
Tom Lynch,Richmond,19,Forward,199.0,1992-10-31,33.0,0,0.0,0,0,0,0,0
Rhyan Mansell,Richmond,7,Forward,180.0,2000-06-04,25.0,0,0.0,0,0,0,0,0
Kane McAuliffe,Richmond,28,Midfield,187.0,2005-03-01,21.0,0,0.0,0,0,0,0,0
Ben Miller,Richmond,12,Defender,198.0,1999-08-31,26.0,0,0.0,0,0,0,0,0
Toby Nankervis,Richmond,25,Ruck,199.0,1994-08-12,31.0,0,0.0,0,0,0,0,0
Zane Peucker,Richmond,26,MidfieldForward,180.0,2007-12-04,18.0,0,0.0,0,0,0,0,0
Dion Prestia,Richmond,3,Midfield,175.0,1992-10-12,33.0,0,0.0,0,0,0,0,0
Hugo Ralphsmith,Richmond,13,Midfield,187.0,2001-11-09,24.0,0,0.0,0,0,0,0,0
Patrick Retschko,Richmond,33,Midfield,186.0,2006-02-28,20.0,0,0.0,0,0,0,0,0
Maurice Rioli,Richmond,17,Forward,179.0,2002-09-01,23.0,0,0.0,0,0,0,0,0
Noah Roberts-Thomson,Richmond,27,Midfield,181.0,2007-03-29,18.0,0,0.0,0,0,0,0,0
Jack Ross,Richmond,5,MidfieldForward,187.0,2000-09-03,25.0,0,0.0,0,0,0,0,0
Samson Ryan,Richmond,32,Ruck,206.0,2000-12-09,25.0,0,0.0,0,0,0,0,0
Jayden Short,Richmond,15,Defender,178.0,1996-01-24,30.0,0,0.0,0,0,0,0,0
Thomas Sims,Richmond,38,Forward,199.0,2006-05-12,19.0,0,0.0,0,0,0,0,0
Josh Smillie,Richmond,16,Midfield,195.0,2006-05-17,19.0,0,0.0,0,0,0,0,0
Kaleb Smith,Richmond,49,Defender,181.0,2004-11-20,21.0,0,0.0,0,0,0,0,0
Tyler Sonsie,Richmond,40,MidfieldForward,181.0,2003-01-27,23.0,0,0.0,0,0,0,0,0
Tim Taranto,Richmond,14,Midfield,188.0,1998-01-28,28.0,0,0.0,0,0,0,0,0
Luke Trainor,Richmond,11,Defender,193.0,2006-04-10,19.0,0,0.0,0,0,0,0,0
James Trezise,Richmond,36,Midfield,188.0,2002-06-15,23.0,0,0.0,0,0,0,0,0
Nick Vlastuin,Richmond,1,Defender,187.0,1994-04-19,31.0,0,0.0,0,0,0,0,0
Eamonn Armstrong,St Kilda,46,Defender,191.0,2006-07-26,19.0,0,0.0,0,0,0,0,0
Charlie Banfield,St Kilda,36,MidfieldForward,192.0,2007-07-18,18.0,0,0.0,0,0,0,0,0
James Barrat,St Kilda,28,DefenderForward,194.0,2006-11-23,19.0,0,0.0,0,0,0,0,0
Hugh Boxshall,St Kilda,38,Midfield,188.0,2006-07-11,19.0,1,1.1,0,0,67,33,46
Daniel Butler,St Kilda,16,Forward,182.0,1996-06-03,29.0,0,0.0,0,0,0,0,0
Ryan Byrnes,St Kilda,13,Defender,181.0,2001-05-03,24.0,0,0.0,0,0,0,0,0
Anthony Caminiti,St Kilda,47,Defender,196.0,2003-12-09,22.0,1,5.5,0,0,93,45,33
Jack Carroll,St Kilda,18,Midfield,188.0,2002-12-20,23.0,1,5.0,0,0,71,54,78
Hunter Clark,St Kilda,11,Midfield,186.0,1999-03-26,26.0,0,0.0,0,0,0,0,0
Lance Collard,St Kilda,4,Forward,185.0,2005-03-26,20.0,0,0.0,0,0,0,0,0
Tom De Koning,St Kilda,21,Ruck,201.0,1999-07-16,26.0,1,14.0,0,0,82,96,84
Alex Dodson,St Kilda,30,Forward,203.0,2006-06-15,19.0,0,0.0,0,0,0,0,0
Paddy Dow,St Kilda,15,Midfield,184.0,1999-10-16,26.0,0,0.0,0,0,0,0,0
Kye Fincher,St Kilda,37,DefenderMidfield,186.0,2007-11-18,18.0,0,0.0,0,0,0,0,0
Sam Flanders,St Kilda,9,Forward,183.0,2001-07-24,24.0,1,7.0,0,0,87,77,100
Hugo Garcia,St Kilda,34,Midfield,185.0,2005-05-22,20.0,1,8.7,0,0,71,78,79
Max Hall,St Kilda,40,Forward,183.0,2002-04-15,23.0,1,9.3,0,0,80,79,74
Angus Hastie,St Kilda,24,Defender,190.0,2005-09-19,20.0,0,0.0,0,0,0,0,0
Liam Henry,St Kilda,23,Forward,180.0,2001-08-28,24.0,0,0.0,0,0,0,0,0
Jack Higgins,St Kilda,1,Forward,178.0,1999-03-19,26.0,1,12.0,0,0,80,72,48
Bradley Hill,St Kilda,8,MidfieldForward,182.0,1993-07-09,32.0,1,10.1,0,0,80,83,89
Dougal Howard,St Kilda,20,Defender,199.0,1996-03-25,29.0,0,0.0,0,0,0,0,0
Isaac Keeler,St Kilda,17,Forward,198.0,2004-04-23,21.0,0,0.0,0,0,0,0,0
Max King,St Kilda,12,Forward,202.0,2000-07-07,25.0,0,0.0,0,0,0,0,0
Jackson Macrae,St Kilda,6,Midfield,192.0,1994-08-03,31.0,1,8.8,0,0,52,53,53
Rowan Marshall,St Kilda,19,Ruck,201.0,1995-11-24,30.0,1,6.1,0,0,63,38,28
Kobe McDonald,St Kilda,42,Defender,193.0,2007-12-08,18.0,0,0.0,0,0,0,0,0
Liam O'Connell,St Kilda,45,Defender,189.0,2003-03-04,23.0,0,0.0,0,0,0,0,0
Mitchito Owens,St Kilda,10,Forward,191.0,2003-09-24,22.0,1,11.3,0,0,86,77,62
Mattaes Phillipou,St Kilda,25,Forward,190.0,2004-12-27,21.0,1,9.4,0,0,76,66,66
Liam Ryan,St Kilda,31,Forward,181.0,1996-10-02,29.0,1,1.2,0,0,71,24,35
Patrick Said,St Kilda,33,MidfieldForward,180.0,2006-04-24,19.0,0,0.0,0,0,0,0,0
Cooper Sharman,St Kilda,43,Forward,193.0,2000-07-25,25.0,1,2.2,0,0,83,53,65
Jack Silvagni,St Kilda,3,Defender,194.0,1997-12-17,28.0,1,8.7,0,0,87,80,77
Jack Sinclair,St Kilda,35,Defender,181.0,1995-02-12,31.0,1,24.9,6,6,88,143,122
Liam Stocker,St Kilda,14,Defender,184.0,2000-01-23,26.0,0,0.0,0,0,0,0,0
Alix Tauru,St Kilda,26,Defender,193.0,2006-11-16,19.0,1,3.2,0,0,71,21,20
Tobie Travaglia,St Kilda,5,DefenderMidfield,187.0,2006-10-26,19.0,0,0.0,0,0,0,0,0
Nasiah Wanganeen-Milera,St Kilda,7,Defender,187.0,2003-02-22,23.0,1,11.8,0,0,79,63,73
Callum Wilkie,St Kilda,44,Defender,191.0,1996-03-10,29.0,1,16.0,0,0,100,104,104
Darcy Wilson,St Kilda,22,MidfieldForward,185.0,2005-08-18,20.0,1,-2.1,0,0,83,49,75
Marcus Windhager,St Kilda,2,Midfield,185.0,2003-05-16,22.0,1,9.9,0,0,82,102,116
Mason Wood,St Kilda,32,MidfieldForward,192.0,1993-09-13,32.0,1,6.3,0,0,66,55,48
Taylor Adams,Sydney,3,Forward,181.0,1993-09-20,32.0,0,0.0,0,0,0,0,0
Joel Amartey,Sydney,36,Forward,195.0,1999-09-02,26.0,1,6.6,0,0,75,58,59
Riak Andrew,Sydney,20,Defender,193.0,2005-02-17,21.0,0,0.0,0,0,0,0,0
Riley Bice,Sydney,26,Defender,185.0,2000-09-26,25.0,1,11.6,0,0,86,78,65
Nick Blakey,Sydney,22,Defender,196.0,2000-02-27,26.0,1,13.0,0,0,88,71,61
Ned Bowman,Sydney,23,Forward,186.0,2006-09-12,19.0,0,0.0,0,0,0,0,0
Braeden Campbell,Sydney,16,Forward,181.0,2002-02-04,24.0,0,0.0,0,0,0,0,0
Noah Chamberlain,Sydney,42,Forward,191.0,2007-03-21,18.0,0,0.0,0,0,0,0,0
Caiden Cleary,Sydney,33,Forward,182.0,2005-03-05,21.0,0,0.0,0,0,0,0,0
Billy Cootee,Sydney,25,Midfield,179.0,2002-12-18,23.0,0,0.0,0,0,0,0,0
Harry Cunningham,Sydney,7,Defender,181.0,1993-12-06,32.0,0,0.0,0,0,0,0,0
Charlie Curnow,Sydney,35,Forward,194.0,1997-02-03,29.0,1,14.5,0,0,77,65,66
Jesse Dattoli,Sydney,9,Forward,179.0,2006-07-07,19.0,0,0.0,0,0,0,0,0
Will Edwards,Sydney,28,Defender,197.0,2003-05-08,22.0,0,0.0,0,0,0,0,0
Will Green,Sydney,45,Ruck,204.0,2005-09-08,20.0,0,0.0,0,0,0,0,0
Brodie Grundy,Sydney,4,Ruck,202.0,1994-04-15,31.0,1,18.1,0,0,79,112,106
Errol Gulden,Sydney,21,Midfield,175.0,2002-07-18,23.0,1,10.2,8,8,82,113,126
Joel Hamling,Sydney,29,Defender,194.0,1993-04-09,32.0,0,0.0,0,0,0,0,0
Tom Hanily,Sydney,40,Forward,179.0,2005-05-31,20.0,0,0.0,0,0,0,0,0
Isaac Heeney,Sydney,5,Midfield,185.0,1996-05-05,29.0,1,18.6,5,5,77,89,98
Liam Hetherton,Sydney,39,Forward,198.0,2007-05-02,18.0,0,0.0,0,0,0,0,0
James Jordon,Sydney,17,Midfield,187.0,2000-12-20,25.0,1,7.9,0,0,79,52,56
Max King,Sydney,31,Forward,192.0,2007-01-09,19.0,0,0.0,0,0,0,0,0
Harry Kyle,Sydney,32,DefenderMidfield,188.0,2007-07-16,18.0,0,0.0,0,0,0,0,0
Peter Ladhams,Sydney,19,ForwardRuck,204.0,1998-01-14,28.0,0,0.0,0,0,0,0,0
Jake Lloyd,Sydney,44,Midfield,182.0,1993-09-20,32.0,1,8.5,0,0,82,59,62
Tom McCartin,Sydney,30,Defender,194.0,1999-12-30,26.0,1,11.2,3,3,94,66,49
Logan McDonald,Sydney,6,Forward,195.0,2002-04-04,23.0,1,3.5,0,0,69,52,45
Justin McInerney,Sydney,27,MidfieldForward,189.0,2000-08-18,25.0,1,23.7,10,10,88,142,122
Hayden McLean,Sydney,2,Forward,197.0,1999-01-20,27.0,0,0.0,0,0,0,0,0
Lewis Melican,Sydney,43,Defender,194.0,1996-11-04,29.0,1,4.6,0,0,85,37,27
Callum Mills,Sydney,14,Defender,188.0,1997-04-02,28.0,1,4.5,0,0,72,66,67
Tom Papley,Sydney,11,Forward,177.0,1996-07-13,29.0,1,5.6,0,0,57,46,41
Jevan Phillipou,Sydney,18,Midfield,183.0,2007-03-30,18.0,0,0.0,0,0,0,0,0
Dane Rampe,Sydney,24,Defender,187.0,1990-06-02,35.0,1,14.3,0,0,81,85,44
Matthew Roberts,Sydney,34,Defender,184.0,2003-07-31,22.0,1,20.7,0,0,80,112,80
Malcolm Rosas,Sydney,10,Forward,180.0,2001-06-27,24.0,1,11.3,0,0,67,68,40
James Rowbottom,Sydney,8,Midfield,186.0,2000-09-19,25.0,1,17.2,0,0,77,95,92
Jai Serong,Sydney,13,Defender,193.0,2003-02-16,23.0,1,8.5,0,0,84,77,72
Angus Sheldrick,Sydney,12,Midfield,178.0,2003-11-07,22.0,1,10.5,0,0,56,48,70
Patrick Snell,Sydney,41,DefenderForward,194.0,2005-07-18,20.0,0,0.0,0,0,0,0,0
Chad Warner,Sydney,1,Midfield,185.0,2001-05-19,24.0,1,16.6,1,1,83,91,76
Corey Warner,Sydney,37,MidfieldForward,182.0,2003-10-07,22.0,0,0.0,0,0,0,0,0
Sam Wicks,Sydney,15,Defender,181.0,1999-09-14,26.0,1,4.5,0,0,84,29,37
Bo Allan,West Coast,26,Defender,191.0,2006-02-16,20.0,0,0.0,0,0,0,0,0
Sam Allen,West Coast,12,MidfieldForward,184.0,2007-01-13,19.0,0,0.0,0,0,0,0,0
Liam Baker,West Coast,3,Defender,173.0,1998-01-27,28.0,0,0.0,0,0,0,0,0
Harry Barnett,West Coast,30,Ruck,203.0,2004-01-22,22.0,0,0.0,0,0,0,0,0
Rhett Bazzo,West Coast,33,Defender,195.0,2003-10-17,22.0,0,0.0,0,0,0,0,0
Sandy Brock,West Coast,41,Defender,198.0,2002-12-14,23.0,0,0.0,0,0,0,0,0
Tyler Brockman,West Coast,10,Forward,180.0,2002-11-22,23.0,0,0.0,0,0,0,0,0
Malakai Champion,West Coast,37,Forward,172.0,2006-05-17,19.0,0,0.0,0,0,0,0,0
Tom Cole,West Coast,28,Defender,188.0,1997-05-28,28.0,0,0.0,0,0,0,0,0
Jamie Cripps,West Coast,15,Forward,184.0,1992-04-23,33.0,0,0.0,0,0,0,0,0
Hamish Davis,West Coast,38,Midfield,190.0,2006-05-02,19.0,0,0.0,0,0,0,0,0
Tyrell Dewar,West Coast,43,DefenderMidfield,185.0,2004-03-27,21.0,0,0.0,0,0,0,0,0
Cooper Duff-Tytler,West Coast,21,ForwardRuck,201.0,2007-08-22,18.0,0,0.0,0,0,0,0,0
Liam Duggan,West Coast,14,Defender,186.0,1996-12-11,29.0,0,0.0,0,0,0,0,0
Willem Duursma,West Coast,1,Midfield,193.0,2007-06-21,18.0,0,0.0,0,0,0,0,0
Harry Edwards,West Coast,42,Defender,200.0,2000-10-01,25.0,0,0.0,0,0,0,0,0
Matthew Flynn,West Coast,25,Ruck,202.0,1997-09-13,28.0,0,0.0,0,0,0,0,0
Reuben Ginbey,West Coast,7,Defender,191.0,2004-09-10,21.0,0,0.0,0,0,0,0,0
Jack Graham,West Coast,17,MidfieldForward,181.0,1998-02-25,28.0,0,0.0,0,0,0,0,0
Lucca Grego,West Coast,31,Defender,184.0,2006-08-15,19.0,0,0.0,0,0,0,0,0
Tom Gross,West Coast,27,MidfieldForward,181.0,2006-09-15,19.0,0,0.0,0,0,0,0,0
Clay Hall,West Coast,29,Midfield,190.0,2005-05-12,20.0,0,0.0,0,0,0,0,0
Elijah Hewett,West Coast,8,Midfield,186.0,2004-05-27,21.0,0,0.0,0,0,0,0,0
Brady Hough,West Coast,19,DefenderMidfield,191.0,2003-03-05,23.0,0,0.0,0,0,0,0,0
Jack Hutchinson,West Coast,44,Midfield,190.0,2001-11-10,24.0,0,0.0,0,0,0,0,0
Harvey Johnston,West Coast,24,Defender,185.0,2005-08-18,20.0,0,0.0,0,0,0,0,0
Tim Kelly,West Coast,11,MidfieldForward,184.0,1994-07-26,31.0,0,0.0,0,0,0,0,0
Josh Lindsay,West Coast,5,Defender,183.0,2007-04-07,18.0,0,0.0,0,0,0,0,0
Noah Long,West Coast,13,Forward,179.0,2004-08-23,21.0,0,0.0,0,0,0,0,0
Finlay Macrae,West Coast,45,MidfieldForward,188.0,2002-03-13,23.0,0,0.0,0,0,0,0,0
Ryan Maric,West Coast,23,Defender,196.0,2004-09-06,21.0,0,0.0,0,0,0,0,0
Tom McCarthy,West Coast,18,Defender,188.0,2000-07-12,25.0,0,0.0,0,0,0,0,0
Jacob Newton,West Coast,46,Forward,179.0,2006-03-20,19.0,0,0.0,0,0,0,0,0
Matt Owies,West Coast,16,Forward,179.0,1997-03-19,28.0,0,0.0,0,0,0,0,0
Archer Reid,West Coast,22,Forward,203.0,2005-09-19,20.0,0,0.0,0,0,0,0,0
Harley Reid,West Coast,9,Midfield,187.0,2005-04-17,20.0,0,0.0,0,0,0,0,0
Deven Robertson,West Coast,40,Forward,185.0,2001-06-30,24.0,0,0.0,0,0,0,0,0
Fred Rodriguez,West Coast,39,Forward,,2000-01-01,26.0,0,0.0,0,0,0,0,0
Harry Schoenberg,West Coast,48,Midfield,180.0,2001-02-21,25.0,0,0.0,0,0,0,0,0
Jobe Shanahan,West Coast,35,Forward,195.0,2006-08-02,19.0,0,0.0,0,0,0,0,0
Brandon Starcevich,West Coast,4,Defender,188.0,1999-07-24,26.0,0,0.0,0,0,0,0,0
Jake Waterman,West Coast,2,Forward,192.0,1998-05-06,27.0,0,0.0,0,0,0,0,0
Bailey J. Williams,West Coast,32,ForwardRuck,201.0,2000-04-17,25.0,0,0.0,0,0,0,0,0
Jack Williams,West Coast,34,Forward,198.0,2003-12-01,22.0,0,0.0,0,0,0,0,0
Tylah Williams,West Coast,36,MidfieldForward,176.0,2007-02-22,19.0,0,0.0,0,0,0,0,0
Elliot Yeo,West Coast,6,Midfield,191.0,1993-10-01,32.0,0,0.0,0,0,0,0,0
Tylar Young,West Coast,20,Defender,196.0,1998-09-05,27.0,0,0.0,0,0,0,0,0
Oskar Baker,Western Bulldogs,13,DefenderMidfield,184.0,1998-05-25,27.0,1,7.7,0,0,67,43,48
Marcus Bontempelli,Western Bulldogs,4,Midfield,194.0,1995-11-24,30.0,1,26.5,0,0,84,113,92
Lachlan Bramble,Western Bulldogs,29,Defender,182.0,1998-04-19,27.0,1,15.3,0,0,83,71,53
Connor Budarick,Western Bulldogs,19,Forward,175.0,2001-04-06,24.0,1,12.5,1,1,82,105,94
Jedd Busslinger,Western Bulldogs,5,Defender,198.0,2004-03-11,21.0,0,0.0,0,0,0,0,0
Lachlan Carmichael,Western Bulldogs,2,DefenderMidfield,184.0,2007-08-27,18.0,0,0.0,0,0,0,0,0
Luke Cleary,Western Bulldogs,36,Defender,191.0,2002-03-05,24.0,0,0.0,0,0,0,0,0
Nicholas Coffield,Western Bulldogs,17,Defender,191.0,1999-10-23,26.0,0,0.0,0,0,0,0,0
Jordan Croft,Western Bulldogs,16,Forward,201.0,2005-05-12,20.0,1,-0.6,0,0,43,18,20
Bailey Dale,Western Bulldogs,31,Defender,188.0,1996-07-22,29.0,1,4.1,0,0,78,60,69
Sam Darcy,Western Bulldogs,10,Forward,208.0,2003-07-19,22.0,1,9.8,0,0,81,61,63
Will Darcy,Western Bulldogs,15,DefenderForward,196.0,2007-03-14,18.0,0,0.0,0,0,0,0,0
Sam Davidson,Western Bulldogs,42,Midfield,190.0,2001-12-13,24.0,1,8.9,0,0,56,50,38
Josh Dolan,Western Bulldogs,26,Forward,177.0,2006-11-11,19.0,0,0.0,0,0,0,0,0
Louis Emmett,Western Bulldogs,25,Ruck,200.0,2007-03-23,18.0,0,0.0,0,0,0,0,0
Timothy English,Western Bulldogs,44,Ruck,208.0,1997-08-10,28.0,1,20.6,0,0,85,117,108
Joel Freijah,Western Bulldogs,27,MidfieldForward,191.0,2005-11-14,20.0,1,8.3,0,0,90,50,53
Harvey Gallagher,Western Bulldogs,12,Defender,181.0,2003-09-26,22.0,0,0.0,0,0,0,0,0
Riley Garcia,Western Bulldogs,38,MidfieldForward,178.0,2001-01-30,25.0,0,0.0,0,0,0,0,0
Ryan Gardner,Western Bulldogs,43,Defender,197.0,1997-06-01,28.0,0,0.0,0,0,0,0,0
James Harmes,Western Bulldogs,22,Midfield,186.0,1995-10-05,30.0,0,0.0,0,0,0,0,0
Cooper Hynes,Western Bulldogs,6,Forward,190.0,2006-02-28,20.0,1,2.6,0,0,78,38,38
Lachie Jaques,Western Bulldogs,11,Defender,184.0,2006-06-01,19.0,1,9.3,0,0,76,84,76
Arthur Jones,Western Bulldogs,32,MidfieldForward,180.0,2003-07-18,22.0,1,1.8,0,0,51,21,31
Luke Kennedy,Western Bulldogs,35,Midfield,181.0,2006-10-11,19.0,0,0.0,0,0,0,0,0
Matthew Kennedy,Western Bulldogs,8,Midfield,188.0,1997-04-06,28.0,1,8.0,0,0,84,88,115
Buku Khamis,Western Bulldogs,24,DefenderForward,191.0,2000-03-24,25.0,1,4.4,0,0,93,30,32
Will Lewis,Western Bulldogs,28,Forward,194.0,1999-05-05,26.0,0,0.0,0,0,0,0,0
Thomas Liberatore,Western Bulldogs,21,Midfield,184.0,1992-05-16,33.0,1,11.6,0,0,82,86,88
Rory Lobb,Western Bulldogs,7,Defender,207.0,1993-02-09,33.0,1,13.0,3,3,100,66,48
Lachlan McNeil,Western Bulldogs,30,Forward,184.0,2001-09-02,24.0,0,0.0,0,0,0,0,0
Aaron Naughton,Western Bulldogs,33,Forward,196.0,1999-11-30,26.0,1,8.6,0,0,81,79,62
James O'Donnell,Western Bulldogs,18,Defender,197.0,2002-08-31,23.0,1,5.7,0,0,89,51,40
Ed Richards,Western Bulldogs,20,Midfield,188.0,1999-07-03,26.0,1,29.0,10,10,81,144,133
Ryley Sanders,Western Bulldogs,9,MidfieldForward,186.0,2005-01-21,21.0,0,0.0,0,0,0,0,0
Michael Sellwood,Western Bulldogs,37,Defender,186.0,2003-10-02,22.0,1,5.8,0,0,83,70,61
Lachlan Smith,Western Bulldogs,40,Ruck,203.0,2005-10-05,20.0,0,0.0,0,0,0,0,0
Adam Treloar,Western Bulldogs,1,MidfieldForward,185.0,1993-03-09,33.0,0,0.0,0,0,0,0,0
Laitham Vandermeer,Western Bulldogs,23,Forward,182.0,1999-02-03,27.0,0,0.0,0,0,0,0,0
Zac Walker,Western Bulldogs,41,Defender,191.0,2006-03-03,20.0,0,0.0,0,0,0,0,0
Cody Weightman,Western Bulldogs,3,Forward,179.0,2001-01-15,25.0,0,0.0,0,0,0,0,0
Rhylee West,Western Bulldogs,14,Forward,183.0,2000-07-12,25.0,1,14.0,0,0,69,72,64
Bailey Williams,Western Bulldogs,34,DefenderMidfield,190.0,1997-10-10,28.0,1,4.8,3,3,85,90,103
