team,full_name,first_name,surname,jumper_number,champion_data_id,provider_id_raw
Adelaide,Callum Ah Chee,Callum,Ah Chee,4.0,298437,CD_I298437
Adelaide,Sam Berry,Sam,Berry,3.0,1012807,CD_I1012807
Adelaide,Hugh Bond,Hugh,Bond,21.0,1023534,CD_I1023534
Adelaide,James Borlase,James,Borlase,35.0,1009029,CD_I1009029
Adelaide,Jordon Butts,Jordon,Butts,41.0,1004995,CD_I1004995
Adelaide,Brayden Cook,Brayden,Cook,15.0,1018335,CD_I1018335
Adelaide,Indy Cotton,Indy,Cotton,33.0,1044595,CD_I1044595
Adelaide,Isaac Cumming,Isaac,Cumming,44.0,1001396,CD_I1001396
Adelaide,Daniel Curtin,Daniel,Curtin,6.0,1024023,CD_I1024023
Adelaide,Jordan Dawson,Jordan,Dawson,12.0,992242,CD_I992242
Adelaide,Billy Dowling,Billy,Dowling,31.0,1015329,CD_I1015329
Adelaide,Sid Draper,Sid,Draper,5.0,1022607,CD_I1022607
Adelaide,Charlie Edwards,Charlie,Edwards,11.0,1028671,CD_I1028671
Adelaide,Darcy Fogarty,Darcy,Fogarty,32.0,999331,CD_I999331
Adelaide,Mitchell Hinge,Mitchell,Hinge,20.0,1004863,CD_I1004863
Adelaide,Chayce Jones,Chayce,Jones,1.0,1006203,CD_I1006203
Adelaide,Mark Keane,Mark,Keane,48.0,1013974,CD_I1013974
Adelaide,Ben Keays,Ben,Keays,2.0,993946,CD_I993946
Adelaide,Rory Laird,Rory,Laird,29.0,293222,CD_I293222
Adelaide,Archie Ludowyke,Archie,Ludowyke,34.0,1033053,CD_I1033053
Adelaide,Finnbar Maley,Finnbar,Maley,36.0,1031792,CD_I1031792
Adelaide,Mitchell Marsh,Mitchell,Marsh,26.0,1031747,CD_I1031747
Adelaide,Lachlan McAndrew,Lachlan,McAndrew,42.0,1021200,CD_I1021200
Adelaide,Max Michalanney,Max,Michalanney,16.0,1015370,CD_I1015370
Adelaide,Wayne Milera,Wayne,Milera,30.0,990882,CD_I990882
Adelaide,Nick Murray,Nick,Murray,9.0,1008230,CD_I1008230
Adelaide,Toby Murray,Toby,Murray,39.0,1020950,CD_I1020950
Adelaide,Luke Nankervis,Luke,Nankervis,27.0,1021031,CD_I1021031
Adelaide,Alex Neal-Bullen,Alex,Neal-Bullen,28.0,296420,CD_I296420
Adelaide,Reilly O'Brien,Reilly,O'Brien,43.0,297523,CD_I297523
Adelaide,James Peatling,James,Peatling,25.0,1006013,CD_I1006013
Adelaide,Luke Pedlar,Luke,Pedlar,10.0,1012218,CD_I1012218
Adelaide,Josh Rachele,Josh,Rachele,8.0,1017051,CD_I1017051
Adelaide,Izak Rankine,Izak,Rankine,23.0,1001195,CD_I1001195
Adelaide,Oscar Ryan,Oscar,Ryan,22.0,1027893,CD_I1027893
Adelaide,Lachlan Sholl,Lachlan,Sholl,38.0,1006136,CD_I1006136
Adelaide,Jake Soligo,Jake,Soligo,14.0,1017109,CD_I1017109
Adelaide,Zac Taylor,Zac,Taylor,19.0,1017065,CD_I1017065
Adelaide,Riley Thilthorpe,Riley,Thilthorpe,7.0,1008384,CD_I1008384
Adelaide,Taylor Walker,Taylor,Walker,13.0,280506,CD_I280506
Adelaide,Tyler Welsh,Tyler,Welsh,17.0,1022447,CD_I1022447
Adelaide,Josh Worrell,Josh,Worrell,24.0,1011981,CD_I1011981
Brisbane Lions,Oscar Allen,Oscar,Allen,4.0,1004385,CD_I1004385
Brisbane Lions,Harris Andrews,Harris,Andrews,31.0,996059,CD_I996059
Brisbane Lions,Daniel Annable,Daniel,Annable,14.0,1029326,CD_I1029326
Brisbane Lions,Noah Answerth,Noah,Answerth,43.0,1005053,CD_I1005053
Brisbane Lions,Levi Ashcroft,Levi,Ashcroft,10.0,1028560,CD_I1028560
Brisbane Lions,Will Ashcroft,Will,Ashcroft,8.0,1023517,CD_I1023517
Brisbane Lions,Zac Bailey,Zac,Bailey,33.0,1002312,CD_I1002312
Brisbane Lions,Luke Beecken,Luke,Beecken,17.0,1008805,CD_I1008805
Brisbane Lions,Jarrod Berry,Jarrod,Berry,7.0,998133,CD_I998133
Brisbane Lions,Shadeau Brain,Shadeau,Brain,34.0,1028105,CD_I1028105
Brisbane Lions,Charlie Cameron,Charlie,Cameron,23.0,990609,CD_I990609
Brisbane Lions,Keidean Coleman,Keidean,Coleman,18.0,1006059,CD_I1006059
Brisbane Lions,Cody Curtin,Cody,Curtin,37.0,1036780,CD_I1036780
Brisbane Lions,Tom Doedee,Tom,Doedee,12.0,1000932,CD_I1000932
Brisbane Lions,Sam Draper,Sam,Draper,2.0,1005577,CD_I1005577
Brisbane Lions,Josh Dunkley,Josh,Dunkley,5.0,993834,CD_I993834
Brisbane Lions,Koby Evans,Koby,Evans,24.0,1037376,CD_I1037376
Brisbane Lions,Jaspa Fletcher,Jaspa,Fletcher,3.0,1023708,CD_I1023708
Brisbane Lions,Darcy Fort,Darcy,Fort,32.0,298211,CD_I298211
Brisbane Lions,Ty Gallop,Ty,Gallop,22.0,1034411,CD_I1034411
Brisbane Lions,Darcy Gardiner,Darcy,Gardiner,27.0,296269,CD_I296269
Brisbane Lions,Tai Hayes,Tai,Hayes,42.0,1040584,CD_I1040584
Brisbane Lions,Eric Hipwood,Eric,Hipwood,30.0,993953,CD_I993953
Brisbane Lions,Darragh Joyce,Darragh,Joyce,41.0,1003520,CD_I1003520
Brisbane Lions,Ryan Lester,Ryan,Lester,35.0,291548,CD_I291548
Brisbane Lions,Luke Lloyd,Luke,Lloyd,19.0,1027985,CD_I1027985
Brisbane Lions,Kai Lohmann,Kai,Lohmann,1.0,1014026,CD_I1014026
Brisbane Lions,Sam Marshall,Sam,Marshall,20.0,1028520,CD_I1028520
Brisbane Lions,Lincoln McCarthy,Lincoln,McCarthy,11.0,293581,CD_I293581
Brisbane Lions,Hugh McCluggage,Hugh,McCluggage,6.0,1000978,CD_I1000978
Brisbane Lions,Conor McKenna,Conor,McKenna,26.0,997846,CD_I997846
Brisbane Lions,Will McLachlan,Will,McLachlan,28.0,1029405,CD_I1029405
Brisbane Lions,Logan Morris,Logan,Morris,13.0,1028019,CD_I1028019
Brisbane Lions,Ben Murphy,Ben,Murphy,39.0,1044596,CD_I1044596
Brisbane Lions,Lachie Neale,Lachie,Neale,9.0,293535,CD_I293535
Brisbane Lions,Jack Payne,Jack,Payne,40.0,1002347,CD_I1002347
Brisbane Lions,Cam Rayner,Cam,Rayner,16.0,1002235,CD_I1002235
Brisbane Lions,Bruce Reville,Bruce,Reville,38.0,1009317,CD_I1009317
Brisbane Lions,Henry Smith,Henry,Smith,25.0,1016189,CD_I1016189
Brisbane Lions,Reece Torrent,Reece,Torrent,36.0,1024187,CD_I1024187
Brisbane Lions,James Tunstill,James,Tunstill,29.0,1021108,CD_I1021108
Brisbane Lions,Darcy Wilmot,Darcy,Wilmot,44.0,1017067,CD_I1017067
Brisbane Lions,Zane Zakostelsky,Zane,Zakostelsky,21.0,1032650,CD_I1032650
Brisbane Lions,Dayne Zorko,Dayne,Zorko,15.0,261224,CD_I261224
Carlton,Blake Acres,Blake,Acres,13.0,296294,CD_I296294
Carlton,Ben Ainsworth,Ben,Ainsworth,12.0,998130,CD_I998130
Carlton,Jordan Boyd,Jordan,Boyd,37.0,1002795,CD_I1002795
Carlton,Talor Byrne,Talor,Byrne,39.0,1036426,CD_I1036426
Carlton,Ben Camporeale,Ben,Camporeale,16.0,1027282,CD_I1027282
Carlton,Lucas Camporeale,Lucas,Camporeale,21.0,1022452,CD_I1022452
Carlton,Matthew Carroll,Matthew,Carroll,32.0,1027964,CD_I1027964
Carlton,Adam Cerra,Adam,Cerra,5.0,1002239,CD_I1002239
Carlton,Harry Charleson,Harry,Charleson,28.0,1028496,CD_I1028496
Carlton,Campbell Chesser,Campbell,Chesser,31.0,1017057,CD_I1017057
Carlton,Matthew Cottrell,Matthew,Cottrell,46.0,1008154,CD_I1008154
Carlton,Lachlan Cowan,Lachlan,Cowan,2.0,1021353,CD_I1021353
Carlton,Patrick Cripps,Patrick,Cripps,9.0,990704,CD_I990704
Carlton,Harry Dean,Harry,Dean,35.0,1033084,CD_I1033084
Carlton,Matt Duffy,Matt,Duffy,41.0,1039720,CD_I1039720
Carlton,Francis Evans,Francis,Evans,44.0,1017255,CD_I1017255
Carlton,Oliver Florent,Oliver,Florent,14.0,998103,CD_I998103
Carlton,Lachie Fogarty,Lachie,Fogarty,8.0,1002228,CD_I1002228
Carlton,Nick Haynes,Nick,Haynes,26.0,295265,CD_I295265
Carlton,Will Hayward,Will,Hayward,19.0,997100,CD_I997100
Carlton,George Hewett,George,Hewett,29.0,294036,CD_I294036
Carlton,Oliver Hollands,Oliver,Hollands,4.0,1023495,CD_I1023495
Carlton,Jack Ison,Jack,Ison,30.0,1033066,CD_I1033066
Carlton,Brodie Kemp,Brodie,Kemp,17.0,1009241,CD_I1009241
Carlton,Cooper Lord,Cooper,Lord,36.0,1032108,CD_I1032108
Carlton,Mitch McGovern,Mitch,McGovern,11.0,297255,CD_I297255
Carlton,Harry McKay,Harry,McKay,10.0,1000953,CD_I1000953
Carlton,Ashton Moir,Ashton,Moir,43.0,1020097,CD_I1020097
Carlton,Rob Monahan,Rob,Monahan,34.0,1035129,CD_I1035129
Carlton,Jesse Motlop,Jesse,Motlop,3.0,1017700,CD_I1017700
Carlton,Nic Newman,Nic,Newman,24.0,297907,CD_I297907
Carlton,Harry O'Farrell,Harry,O'Farrell,22.0,1028526,CD_I1028526
Carlton,Hudson O'Keeffe,Hudson,O'Keeffe,40.0,1023489,CD_I1023489
Carlton,Marc Pittonet,Marc,Pittonet,27.0,298290,CD_I298290
Carlton,Liam Reidy,Liam,Reidy,25.0,1023346,CD_I1023346
Carlton,Adam Saad,Adam,Saad,42.0,295461,CD_I295461
Carlton,Jagga Smith,Jagga,Smith,7.0,1028515,CD_I1028515
Carlton,Sam Walsh,Sam,Walsh,18.0,1006094,CD_I1006094
Carlton,Jacob Weitering,Jacob,Weitering,23.0,993832,CD_I993832
Carlton,Zac Williams,Zac,Williams,6.0,294685,CD_I294685
Carlton,Billy Wilson,Billy,Wilson,15.0,1027678,CD_I1027678
Carlton,Flynn Young,Flynn,Young,45.0,1020877,CD_I1020877
Carlton,Lewis Young,Lewis,Young,33.0,997316,CD_I997316
Collingwood,Edward Allan,Edward,Allan,16.0,1022915,CD_I1022915
Collingwood,Darcy Cameron,Darcy,Cameron,14.0,990291,CD_I990291
Collingwood,Joel Cochran,Joel,Cochran,27.0,1029000,CD_I1029000
Collingwood,Mason Cox,Mason,Cox,46.0,998647,CD_I998647
Collingwood,Jack Crisp,Jack,Crisp,25.0,293871,CD_I293871
Collingwood,Josh Daicos,Josh,Daicos,7.0,1005054,CD_I1005054
Collingwood,Nick Daicos,Nick,Daicos,35.0,1023261,CD_I1023261
Collingwood,Jordan De Goey,Jordan,De Goey,2.0,994185,CD_I994185
Collingwood,Harry DeMattia,Harry,DeMattia,13.0,1027673,CD_I1027673
Collingwood,Charlie Dean,Charlie,Dean,43.0,1009197,CD_I1009197
Collingwood,Jamie Elliott,Jamie,Elliott,5.0,293801,CD_I293801
Collingwood,Billy Frampton,Billy,Frampton,17.0,991773,CD_I991773
Collingwood,Harvey Harrison,Harvey,Harrison,36.0,1015332,CD_I1015332
Collingwood,William Hayes,William,Hayes,39.0,1032922,CD_I1032922
Collingwood,Bobby Hill,Bobby,Hill,23.0,1006148,CD_I1006148
Collingwood,Will Hoskin-Elliott,Will,Hoskin-Elliott,32.0,291720,CD_I291720
Collingwood,Dan Houston,Dan,Houston,9.0,994295,CD_I994295
Collingwood,Jeremy Howe,Jeremy,Howe,38.0,291313,CD_I291313
Collingwood,Noah Howes,Noah,Howes,47.0,1022614,CD_I1022614
Collingwood,Tew Jiath,Tew,Jiath,19.0,1032017,CD_I1032017
Collingwood,Ash Johnson,Ash,Johnson,40.0,997974,CD_I997974
Collingwood,Patrick Lipinski,Patrick,Lipinski,1.0,1003130,CD_I1003130
Collingwood,Ned Long,Ned,Long,44.0,1017124,CD_I1017124
Collingwood,Finlay Macrae,Finlay,Macrae,18.0,1012828,CD_I1012828
Collingwood,Oleg Markov,Oleg,Markov,37.0,298358,CD_I298358
Collingwood,Brayden Maynard,Brayden,Maynard,4.0,992010,CD_I992010
Collingwood,Beau McCreery,Beau,McCreery,31.0,1004757,CD_I1004757
Collingwood,Reef McInnes,Reef,McInnes,26.0,1013278,CD_I1013278
Collingwood,Daniel McStay,Daniel,McStay,11.0,297504,CD_I297504
Collingwood,Tim Membrey,Tim,Membrey,28.0,294596,CD_I294596
Collingwood,Brody Mihocek,Brody,Mihocek,41.0,291849,CD_I291849
Collingwood,Tom Mitchell,Tom,Mitchell,6.0,291856,CD_I291856
Collingwood,Darcy Moore,Darcy,Moore,30.0,298288,CD_I298288
Collingwood,Wil Parker,Wil,Parker,15.0,1012873,CD_I1012873
Collingwood,Scott Pendlebury,Scott,Pendlebury,10.0,260257,CD_I260257
Collingwood,Harry Perryman,Harry,Perryman,12.0,998205,CD_I998205
Collingwood,Isaac Quaynor,Isaac,Quaynor,3.0,1008089,CD_I1008089
Collingwood,Jakob Ryan,Jakob,Ryan,24.0,1020104,CD_I1020104
Collingwood,Lachie Schultz,Lachie,Schultz,8.0,1000860,CD_I1000860
Collingwood,Steele Sidebottom,Steele,Sidebottom,22.0,280965,CD_I280965
Collingwood,Iliro Smit,Iliro,Smit,20.0,1027834,CD_I1027834
Collingwood,Roan Steele,Roan,Steele,45.0,1027501,CD_I1027501
Collingwood,Oscar Steene,Oscar,Steene,21.0,1022844,CD_I1022844
Collingwood,Lachlan Sullivan,Lachlan,Sullivan,33.0,998480,CD_I998480
Collingwood,Charlie West,Charlie,West,29.0,1027382,CD_I1027382
Essendon,Lachlan Blakiston,Lachlan,Blakiston,46.0,1028196,CD_I1028196
Essendon,Cillian Bourke,Cillian,Bourke,39.0,1044339,CD_I1044339
Essendon,Nick Bryan,Nick,Bryan,24.0,1011954,CD_I1011954
Essendon,Nate Caddy,Nate,Caddy,30.0,1027899,CD_I1027899
Essendon,Jye Caldwell,Jye,Caldwell,6.0,1006103,CD_I1006103
Essendon,Angus Clarke,Angus,Clarke,36.0,1027284,CD_I1027284
Essendon,Nik Cox,Nik,Cox,13.0,1015827,CD_I1015827
Essendon,Archer Day-Wicks,Archer,Day-Wicks,44.0,1029265,CD_I1029265
Essendon,Sam Durham,Sam,Durham,22.0,1015810,CD_I1015810
Essendon,Xavier Duursma,Xavier,Duursma,28.0,1006096,CD_I1006096
Essendon,Thomas Edwards,Thomas,Edwards,45.0,1018323,CD_I1018323
Essendon,Hussien El Achkar,Hussien,El Achkar,33.0,1030308,CD_I1030308
Essendon,Saad El-Hawli,Saad,El-Hawli,41.0,1015919,CD_I1015919
Essendon,Jacob Farrow,Jacob,Farrow,2.0,1034305,CD_I1034305
Essendon,Brayden Fiorini,Brayden,Fiorini,8.0,993799,CD_I993799
Essendon,Kayle Gerreyn,Kayle,Gerreyn,19.0,1029159,CD_I1029159
Essendon,Jade Gresham,Jade,Gresham,11.0,298421,CD_I298421
Essendon,Matt Guelfi,Matt,Guelfi,35.0,996232,CD_I996232
Essendon,Lewis Hayes,Lewis,Hayes,18.0,1023487,CD_I1023487
Essendon,Zak Johnson,Zak,Johnson,40.0,1028519,CD_I1028519
Essendon,Harrison Jones,Harrison,Jones,23.0,1011755,CD_I1011755
Essendon,Isaac Kako,Isaac,Kako,10.0,1028554,CD_I1028554
Essendon,Max Kondogiannis,Max,Kondogiannis,29.0,1036584,CD_I1036584
Essendon,Kyle Langford,Kyle,Langford,4.0,298630,CD_I298630
Essendon,Nic Martin,Nic,Martin,37.0,1012013,CD_I1012013
Essendon,Archer May,Archer,May,26.0,1029084,CD_I1029084
Essendon,Andrew McGrath,Andrew,McGrath,1.0,998102,CD_I998102
Essendon,Ben McKay,Ben,McKay,32.0,1002143,CD_I1002143
Essendon,Liam McMahon,Liam,McMahon,48.0,1012842,CD_I1012842
Essendon,Zach Merrett,Zach,Merrett,7.0,992016,CD_I992016
Essendon,Jayden Nguyen,Jayden,Nguyen,42.0,1018987,CD_I1018987
Essendon,Darcy Parish,Darcy,Parish,3.0,993817,CD_I993817
Essendon,Archie Perkins,Archie,Perkins,16.0,1015873,CD_I1015873
Essendon,Jaxon Prior,Jaxon,Prior,25.0,1009386,CD_I1009386
Essendon,Mason Redman,Mason,Redman,27.0,997078,CD_I997078
Essendon,Zach Reid,Zach,Reid,31.0,1012817,CD_I1012817
Essendon,Jordan Ridley,Jordan,Ridley,14.0,1001026,CD_I1001026
Essendon,Archie Roberts,Archie,Roberts,21.0,1023515,CD_I1023515
Essendon,Sullivan Robey,Sullivan,Robey,9.0,1043261,CD_I1043261
Essendon,Will Setterfield,Will,Setterfield,12.0,998215,CD_I998215
Essendon,Dyson Sharp,Dyson,Sharp,15.0,1027168,CD_I1027168
Essendon,Elijah Tsatas,Elijah,Tsatas,5.0,1023785,CD_I1023785
Essendon,Rhys Unwin,Rhys,Unwin,38.0,1032023,CD_I1032023
Essendon,Vigo Visentini,Vigo,Visentini,17.0,1027966,CD_I1027966
Essendon,Peter Wright,Peter,Wright,20.0,298289,CD_I298289
Fremantle,Jye Amiss,Jye,Amiss,24.0,1020594,CD_I1020594
Fremantle,Bailey Banfield,Bailey,Banfield,41.0,998180,CD_I998180
Fremantle,Shai Bolton,Shai,Bolton,10.0,993993,CD_I993993
Fremantle,Andrew Brayshaw,Andrew,Brayshaw,8.0,1002232,CD_I1002232
Fremantle,Jaren Carr,Jaren,Carr,38.0,1023047,CD_I1023047
Fremantle,Heath Chapman,Heath,Chapman,5.0,1013224,CD_I1013224
Fremantle,Jordan Clark,Jordan,Clark,6.0,1006152,CD_I1006152
Fremantle,Brennan Cox,Brennan,Cox,36.0,997033,CD_I997033
Fremantle,Mason Cox,Mason,Cox,18.0,998647,CD_I998647
Fremantle,Sean Darcy,Sean,Darcy,4.0,998145,CD_I998145
Fremantle,Hugh Davies,Hugh,Davies,12.0,1022927,CD_I1022927
Fremantle,Joshua Draper,Joshua,Draper,37.0,1020668,CD_I1020668
Fremantle,Isaiah Dudley,Isaiah,Dudley,43.0,1011558,CD_I1011558
Fremantle,Neil Erasmus,Neil,Erasmus,28.0,1020250,CD_I1020250
Fremantle,Michael Frederick,Michael,Frederick,32.0,999321,CD_I999321
Fremantle,Luke Jackson,Luke,Jackson,9.0,1009399,CD_I1009399
Fremantle,Matthew Johnson,Matthew,Johnson,44.0,1016825,CD_I1016825
Fremantle,Leon Kickett,Leon,Kickett,19.0,1032862,CD_I1032862
Fremantle,Ryda Luke,Ryda,Luke,40.0,1037928,CD_I1037928
Fremantle,Oscar McDonald,Oscar,McDonald,21.0,992472,CD_I992472
Fremantle,Judd McVee,Judd,McVee,17.0,1017703,CD_I1017703
Fremantle,Ollie Murphy,Ollie,Murphy,33.0,1027990,CD_I1027990
Fremantle,Tobyn Murray,Tobyn,Murray,11.0,1027844,CD_I1027844
Fremantle,Charlie Nicholls,Charlie,Nicholls,22.0,1027155,CD_I1027155
Fremantle,Nathan O'Driscoll,Nathan,O'Driscoll,30.0,1013220,CD_I1013220
Fremantle,Jaeger O'Meara,Jaeger,O'Meara,2.0,294613,CD_I294613
Fremantle,Alex Pearce,Alex,Pearce,25.0,298409,CD_I298409
Fremantle,Murphy Reid,Murphy,Reid,16.0,1028513,CD_I1028513
Fremantle,Aiden Riddle,Aiden,Riddle,42.0,1028228,CD_I1028228
Fremantle,Luke Ryan,Luke,Ryan,13.0,998659,CD_I998659
Fremantle,Caleb Serong,Caleb,Serong,3.0,1009420,CD_I1009420
Fremantle,Jeremy Sharp,Jeremy,Sharp,14.0,1009380,CD_I1009380
Fremantle,Cooper Simpson,Cooper,Simpson,29.0,1027656,CD_I1027656
Fremantle,Sam Sturt,Sam,Sturt,1.0,1013611,CD_I1013611
Fremantle,Adam Sweid,Adam,Sweid,15.0,1030311,CD_I1030311
Fremantle,Sam Switkowski,Sam,Switkowski,39.0,992059,CD_I992059
Fremantle,Josh Treacy,Josh,Treacy,35.0,1012819,CD_I1012819
Fremantle,Patrick Voss,Patrick,Voss,20.0,1017754,CD_I1017754
Fremantle,Corey Wagner,Corey,Wagner,34.0,993940,CD_I993940
Fremantle,Brandon Walker,Brandon,Walker,31.0,1009410,CD_I1009410
Fremantle,Toby Whan,Toby,Whan,27.0,1033719,CD_I1033719
Fremantle,Karl Worner,Karl,Worner,23.0,1021015,CD_I1021015
Fremantle,Hayden Young,Hayden,Young,26.0,1009256,CD_I1009256
GWS Giants,Leek Aleer,Leek,Aleer,21.0,1008691,CD_I1008691
GWS Giants,Cody Angove,Cody,Angove,29.0,1032619,CD_I1032619
GWS Giants,Ryan Angwin,Ryan,Angwin,9.0,1015777,CD_I1015777
GWS Giants,Lachie Ash,Lachie,Ash,7.0,1009253,CD_I1009253
GWS Giants,Toby Bedford,Toby,Bedford,14.0,1008139,CD_I1008139
GWS Giants,Kieren Briggs,Kieren,Briggs,32.0,1008436,CD_I1008436
GWS Giants,Callum Brown,Callum,Brown,46.0,1014038,CD_I1014038
GWS Giants,Jack Buckley,Jack,Buckley,44.0,1009708,CD_I1009708
GWS Giants,Aaron Cadman,Aaron,Cadman,5.0,1019038,CD_I1019038
GWS Giants,Finn Callaghan,Finn,Callaghan,17.0,1023266,CD_I1023266
GWS Giants,Stephen Coniglio,Stephen,Coniglio,3.0,291969,CD_I291969
GWS Giants,Brent Daniels,Brent,Daniels,16.0,1002251,CD_I1002251
GWS Giants,Finnegan Davis,Finnegan,Davis,45.0,1033070,CD_I1033070
GWS Giants,Josaia Delana,Josaia,Delana,38.0,1029030,CD_I1029030
GWS Giants,Joe Fonti,Joe,Fonti,37.0,1032629,CD_I1032629
GWS Giants,Phoenix Gothard,Phoenix,Gothard,11.0,1032042,CD_I1032042
GWS Giants,Tom Green,Tom,Green,12.0,1009528,CD_I1009528
GWS Giants,Toby Greene,Toby,Greene,4.0,295344,CD_I295344
GWS Giants,Max Gruzewski,Max,Gruzewski,35.0,1027921,CD_I1027921
GWS Giants,Riley Hamilton,Riley,Hamilton,43.0,1029046,CD_I1029046
GWS Giants,Oliver Hannaford,Oliver,Hannaford,13.0,1028485,CD_I1028485
GWS Giants,Harry Himmelberg,Harry,Himmelberg,27.0,993107,CD_I993107
GWS Giants,Jesse Hogan,Jesse,Hogan,23.0,296324,CD_I296324
GWS Giants,Connor Idun,Connor,Idun,39.0,1008083,CD_I1008083
GWS Giants,Darcy Jones,Darcy,Jones,2.0,1020650,CD_I1020650
GWS Giants,Josh Kelly,Josh,Kelly,22.0,296347,CD_I296347
GWS Giants,Jayden Laverde,Jayden,Laverde,25.0,298280,CD_I298280
GWS Giants,James Leake,James,Leake,30.0,1032119,CD_I1032119
GWS Giants,Nicholas Madden,Nicholas,Madden,41.0,1023743,CD_I1023743
GWS Giants,Toby McMullin,Toby,McMullin,31.0,1027971,CD_I1027971
GWS Giants,Xavier O'Halloran,Xavier,O'Halloran,33.0,1006135,CD_I1006135
GWS Giants,Clayton Oliver,Clayton,Oliver,10.0,996701,CD_I996701
GWS Giants,Harrison Oliver,Harrison,Oliver,19.0,1028562,CD_I1028562
GWS Giants,Jack Ough,Jack,Ough,28.0,1028539,CD_I1028539
GWS Giants,Jake Riccardi,Jake,Riccardi,26.0,1008123,CD_I1008123
GWS Giants,Harry Rowston,Harry,Rowston,24.0,1021122,CD_I1021122
GWS Giants,Logan Smith,Logan,Smith,36.0,1032161,CD_I1032161
GWS Giants,Conor Stone,Conor,Stone,18.0,1015862,CD_I1015862
GWS Giants,Jake Stringer,Jake,Stringer,20.0,293884,CD_I293884
GWS Giants,Oskar Taylor,Oskar,Taylor,34.0,1036379,CD_I1036379
GWS Giants,Sam Taylor,Sam,Taylor,15.0,1005247,CD_I1005247
GWS Giants,Harvey Thomas,Harvey,Thomas,1.0,1027925,CD_I1027925
GWS Giants,Nathan Wardius,Nathan,Wardius,42.0,1034066,CD_I1034066
GWS Giants,Lachie Whitfield,Lachie,Whitfield,6.0,294305,CD_I294305
Geelong,Tom Atkins,Tom,Atkins,30.0,994386,CD_I994386
Geelong,Harley Barker,Harley,Barker,26.0,1026983,CD_I1026983
Geelong,Jed Bews,Jed,Bews,24.0,293883,CD_I293883
Geelong,Mark Blicavs,Mark,Blicavs,46.0,296733,CD_I296733
Geelong,Jack Bowes,Jack,Bowes,12.0,998260,CD_I998260
Geelong,Tanner Bruhn,Tanner,Bruhn,4.0,1012805,CD_I1012805
Geelong,Cillian Burke,Cillian,Burke,41.0,1039509,CD_I1039509
Geelong,Jeremy Cameron,Jeremy,Cameron,5.0,293845,CD_I293845
Geelong,Jhye Clark,Jhye,Clark,13.0,1023537,CD_I1023537
Geelong,Brad Close,Brad,Close,45.0,999326,CD_I999326
Geelong,Toby Conway,Toby,Conway,6.0,1017063,CD_I1017063
Geelong,Patrick Dangerfield,Patrick,Dangerfield,35.0,270917,CD_I270917
Geelong,Sam De Koning,Sam,De Koning,16.0,1009229,CD_I1009229
Geelong,Oliver Dempsey,Oliver,Dempsey,28.0,1025034,CD_I1025034
Geelong,Nicholas Driscoll,Nicholas,Driscoll,27.0,1033039,CD_I1033039
Geelong,Mitchell Edwards,Mitchell,Edwards,11.0,1024304,CD_I1024304
Geelong,Zach Guthrie,Zach,Guthrie,39.0,1004870,CD_I1004870
Geelong,Jack Henry,Jack,Henry,38.0,1000937,CD_I1000937
Geelong,Oliver Henry,Oliver,Henry,36.0,1012860,CD_I1012860
Geelong,Lennox Hofmann,Lennox,Hofmann,23.0,1032114,CD_I1032114
Geelong,Hunter Holmes,Hunter,Holmes,22.0,1038922,CD_I1038922
Geelong,Max Holmes,Max,Holmes,9.0,1015889,CD_I1015889
Geelong,Lawson Humphries,Lawson,Humphries,17.0,1013464,CD_I1013464
Geelong,Mitch Knevitt,Mitch,Knevitt,10.0,1021103,CD_I1021103
Geelong,Jake Kolodjashnij,Jake,Kolodjashnij,8.0,296291,CD_I296291
Geelong,Shaun Mannagh,Shaun,Mannagh,7.0,993878,CD_I993878
Geelong,Jack Martin,Jack,Martin,19.0,296190,CD_I296190
Geelong,Keighton Matofai-Forbes,Keighton,Matofai-Forbes,31.0,1032141,CD_I1032141
Geelong,Jesse Mellor,Jesse,Mellor,25.0,1033087,CD_I1033087
Geelong,Gryan Miers,Gryan,Miers,32.0,1004938,CD_I1004938
Geelong,Jacob Molier,Jacob,Molier,20.0,1027006,CD_I1027006
Geelong,Oisin Mullin,Oisin,Mullin,34.0,1024982,CD_I1024982
Geelong,Shannon Neale,Shannon,Neale,33.0,1016433,CD_I1016433
Geelong,Mark O'Connor,Mark,O'Connor,42.0,1007102,CD_I1007102
Geelong,Connor O'Sullivan,Connor,O'Sullivan,14.0,1027877,CD_I1027877
Geelong,Joe Pike,Joe,Pike,37.0,1027854,CD_I1027854
Geelong,Jay Polkinghorne,Jay,Polkinghorne,2.0,1027428,CD_I1027428
Geelong,Bailey Smith,Bailey,Smith,3.0,1006130,CD_I1006130
Geelong,Rhys Stanley,Rhys,Stanley,1.0,280317,CD_I280317
Geelong,Tyson Stengle,Tyson,Stengle,18.0,997230,CD_I997230
Geelong,George Stevens,George,Stevens,15.0,1023681,CD_I1023681
Geelong,Tom Stewart,Tom,Stewart,44.0,291800,CD_I291800
Geelong,Oliver Wiltshire,Oliver,Wiltshire,21.0,1020881,CD_I1020881
Geelong,James Worpel,James,Worpel,29.0,1002222,CD_I1002222
Gold Coast,Oscar Adams,Oscar,Adams,48.0,1015515,CD_I1015515
Gold Coast,Beau Addinsall,Beau,Addinsall,38.0,1032398,CD_I1032398
Gold Coast,Noah Anderson,Noah,Anderson,15.0,1009199,CD_I1009199
Gold Coast,Mac Andrew,Mac,Andrew,1.0,1017396,CD_I1017396
Gold Coast,Charlie Ballard,Charlie,Ballard,10.0,1008882,CD_I1008882
Gold Coast,Cooper Bell,Cooper,Bell,31.0,1029065,CD_I1029065
Gold Coast,Sam Clohesy,Sam,Clohesy,33.0,1013257,CD_I1013257
Gold Coast,Sam Collins,Sam,Collins,25.0,295446,CD_I295446
Gold Coast,Koby Coulson,Koby,Coulson,43.0,1033555,CD_I1033555
Gold Coast,Alex Davies,Alex,Davies,5.0,1013268,CD_I1013268
Gold Coast,Asher Eastham,Asher,Eastham,42.0,1028541,CD_I1028541
Gold Coast,Zak Evans,Zak,Evans,36.0,1038801,CD_I1038801
Gold Coast,Jy Farrar,Jy,Farrar,50.0,999715,CD_I999715
Gold Coast,Caleb Graham,Caleb,Graham,46.0,1006087,CD_I1006087
Gold Coast,Will Graham,Will,Graham,26.0,1026960,CD_I1026960
Gold Coast,Lachlan Gulbin,Lachlan,Gulbin,39.0,1029304,CD_I1029304
Gold Coast,Elliott Himmelberg,Elliott,Himmelberg,12.0,1005199,CD_I1005199
Gold Coast,Nick Holman,Nick,Holman,7.0,297456,CD_I297456
Gold Coast,Bailey Humphrey,Bailey,Humphrey,19.0,1023500,CD_I1023500
Gold Coast,Joel Jeffrey,Joel,Jeffrey,40.0,1005992,CD_I1005992
Gold Coast,Ben Jepson,Ben,Jepson,44.0,1011950,CD_I1011950
Gold Coast,Ben King,Ben,King,34.0,1006144,CD_I1006144
Gold Coast,Max Knobel,Max,Knobel,37.0,1027701,CD_I1027701
Gold Coast,Caleb Lewis,Caleb,Lewis,45.0,1017493,CD_I1017493
Gold Coast,Leonardo Lombard,Leonardo,Lombard,8.0,1029301,CD_I1029301
Gold Coast,Ben Long,Ben,Long,22.0,993917,CD_I993917
Gold Coast,Touk Miller,Touk,Miller,11.0,298272,CD_I298272
Gold Coast,Ned Moyle,Ned,Moyle,23.0,1021013,CD_I1021013
Gold Coast,Jai Murray,Jai,Murray,35.0,1029307,CD_I1029307
Gold Coast,John Noble,John,Noble,2.0,1000072,CD_I1000072
Gold Coast,Dylan Patterson,Dylan,Patterson,30.0,1033568,CD_I1033568
Gold Coast,Christian Petracca,Christian,Petracca,3.0,298210,CD_I298210
Gold Coast,Wil Powell,Wil,Powell,27.0,1007881,CD_I1007881
Gold Coast,Ethan Read,Ethan,Read,20.0,1027033,CD_I1027033
Gold Coast,Daniel Rioli,Daniel,Rioli,17.0,1000981,CD_I1000981
Gold Coast,Jake Rogers,Jake,Rogers,29.0,1018123,CD_I1018123
Gold Coast,Matt Rowell,Matt,Rowell,18.0,1009208,CD_I1009208
Gold Coast,Avery Thomas,Avery,Thomas,41.0,1030438,CD_I1030438
Gold Coast,Jamarra Ugle-Hagan,Jamarra,Ugle-Hagan,9.0,1009301,CD_I1009301
Gold Coast,Bodhi Uwland,Bodhi,Uwland,6.0,1017665,CD_I1017665
Gold Coast,Zeke Uwland,Zeke,Uwland,32.0,1029297,CD_I1029297
Gold Coast,Jed Walter,Jed,Walter,4.0,1023736,CD_I1023736
Gold Coast,Lachie Weller,Lachie,Weller,14.0,298524,CD_I298524
Gold Coast,Jarrod Witts,Jarrod,Witts,28.0,291975,CD_I291975
Hawthorn,Karl Amon,Karl,Amon,10.0,297354,CD_I297354
Hawthorn,Cody Anderson,Cody,Anderson,32.0,1028566,CD_I1028566
Hawthorn,Tom Barrass,Tom,Barrass,37.0,990290,CD_I990290
Hawthorn,Josh Battle,Josh,Battle,24.0,998134,CD_I998134
Hawthorn,James Blanck,James,Blanck,36.0,1011839,CD_I1011839
Hawthorn,Sam Butler,Sam,Butler,30.0,1010708,CD_I1010708
Hawthorn,Mabior Chol,Mabior,Chol,18.0,994077,CD_I994077
Hawthorn,Massimo D'Ambrosio,Massimo,D'Ambrosio,16.0,1005144,CD_I1005144
Hawthorn,Jack Dalton,Jack,Dalton,34.0,1033042,CD_I1033042
Hawthorn,Will Day,Will,Day,12.0,1008550,CD_I1008550
Hawthorn,Calsher Dear,Calsher,Dear,13.0,1032100,CD_I1032100
Hawthorn,Jack Ginnivan,Jack,Ginnivan,33.0,1012857,CD_I1012857
Hawthorn,Oliver Greeves,Oliver,Greeves,35.0,1033071,CD_I1033071
Hawthorn,Jack Gunston,Jack,Gunston,19.0,291351,CD_I291351
Hawthorn,Blake Hardwick,Blake,Hardwick,15.0,993794,CD_I993794
Hawthorn,Matt Hill,Matt,Hill,41.0,1039500,CD_I1039500
Hawthorn,Henry Hustwaite,Henry,Hustwaite,44.0,1023680,CD_I1023680
Hawthorn,Jarman Impey,Jarman,Impey,4.0,296254,CD_I296254
Hawthorn,Matthew LeRay,Matthew,LeRay,31.0,1027145,CD_I1027145
Hawthorn,Mitch Lewis,Mitch,Lewis,2.0,1000887,CD_I1000887
Hawthorn,Bailey Macdonald,Bailey,Macdonald,42.0,1029261,CD_I1029261
Hawthorn,Connor Macdonald,Connor,Macdonald,9.0,1017094,CD_I1017094
Hawthorn,Cam Mackenzie,Cam,Mackenzie,28.0,1023482,CD_I1023482
Hawthorn,Finn Maginness,Finn,Maginness,20.0,1009421,CD_I1009421
Hawthorn,William McCabe,William,McCabe,27.0,1022410,CD_I1022410
Hawthorn,Lloyd Meek,Lloyd,Meek,17.0,1000980,CD_I1000980
Hawthorn,Dylan Moore,Dylan,Moore,8.0,1006314,CD_I1006314
Hawthorn,Harry Morrison,Harry,Morrison,1.0,1000963,CD_I1000963
Hawthorn,Noah Mraz,Noah,Mraz,21.0,1028643,CD_I1028643
Hawthorn,Cameron Nairn,Cameron,Nairn,22.0,1032408,CD_I1032408
Hawthorn,Conor Nash,Conor,Nash,11.0,1007124,CD_I1007124
Hawthorn,Jai Newcombe,Jai,Newcombe,3.0,1020895,CD_I1020895
Hawthorn,Max Ramsden,Max,Ramsden,38.0,1027965,CD_I1027965
Hawthorn,Ned Reeves,Ned,Reeves,7.0,1001024,CD_I1001024
Hawthorn,Bodie Ryan,Bodie,Ryan,26.0,1022473,CD_I1022473
Hawthorn,Aidan Schubert,Aidan,Schubert,29.0,1031492,CD_I1031492
Hawthorn,Jack Scrimshaw,Jack,Scrimshaw,14.0,998114,CD_I998114
Hawthorn,James Sicily,James,Sicily,6.0,297566,CD_I297566
Hawthorn,Jaime Uhr-Henry,Jaime,Uhr-Henry,43.0,1039499,CD_I1039499
Hawthorn,Josh Ward,Josh,Ward,25.0,1017110,CD_I1017110
Hawthorn,Nick Watson,Nick,Watson,5.0,1023473,CD_I1023473
Hawthorn,Josh Weddle,Josh,Weddle,23.0,1027935,CD_I1027935
Melbourne,Jed Adams,Jed,Adams,26.0,1023174,CD_I1023174
Melbourne,Oscar Berry,Oscar,Berry,38.0,1005152,CD_I1005152
Melbourne,Jake Bowey,Jake,Bowey,17.0,1012825,CD_I1012825
Melbourne,Tom Campbell,Tom,Campbell,29.0,290246,CD_I290246
Melbourne,Kade Chandler,Kade,Chandler,37.0,1005330,CD_I1005330
Melbourne,Jai Culley,Jai,Culley,13.0,1020802,CD_I1020802
Melbourne,Bayley Fritsch,Bayley,Fritsch,31.0,1001438,CD_I1001438
Melbourne,Max Gawn,Max,Gawn,11.0,290528,CD_I290528
Melbourne,Max Heath,Max,Heath,27.0,1015886,CD_I1015886
Melbourne,Jack Henderson,Jack,Henderson,43.0,1008183,CD_I1008183
Melbourne,Blake Howes,Blake,Howes,22.0,1017122,CD_I1017122
Melbourne,Matthew Jefferson,Matthew,Jefferson,21.0,1023486,CD_I1023486
Melbourne,Changkuoth Jiath,Changkuoth,Jiath,14.0,998390,CD_I998390
Melbourne,Aidan Johnson,Aidan,Johnson,42.0,1024173,CD_I1024173
Melbourne,Luker Kentfield,Luker,Kentfield,44.0,1024337,CD_I1024337
Melbourne,Ed Langdon,Ed,Langdon,15.0,298264,CD_I298264
Melbourne,Harvey Langford,Harvey,Langford,4.0,1028546,CD_I1028546
Melbourne,Bailey Laurie,Bailey,Laurie,16.0,1012826,CD_I1012826
Melbourne,Jake Lever,Jake,Lever,8.0,298281,CD_I298281
Melbourne,Xavier Lindsay,Xavier,Lindsay,5.0,1028531,CD_I1028531
Melbourne,Thomas Matthews,Thomas,Matthews,20.0,1034214,CD_I1034214
Melbourne,Steven May,Steven,May,1.0,281085,CD_I281085
Melbourne,Shane McAdam,Shane,McAdam,23.0,298470,CD_I298470
Melbourne,Tom McDonald,Tom,McDonald,25.0,291533,CD_I291533
Melbourne,Jake Melksham,Jake,Melksham,18.0,280824,CD_I280824
Melbourne,Ricky Mentha,Ricky,Mentha,39.0,1029211,CD_I1029211
Melbourne,Brody Mihocek,Brody,Mihocek,28.0,291849,CD_I291849
Melbourne,Andy Moniz-Wakefield,Andy,Moniz-Wakefield,45.0,1013165,CD_I1013165
Melbourne,Riley Onley,Riley,Onley,40.0,1033093,CD_I1033093
Melbourne,Harrison Petty,Harrison,Petty,35.0,1008893,CD_I1008893
Melbourne,Kysaiah Pickett,Kysaiah,Pickett,36.0,1008541,CD_I1008541
Melbourne,Latrelle Pickett,Latrelle,Pickett,33.0,1022677,CD_I1022677
Melbourne,Trent Rivers,Trent,Rivers,24.0,1009378,CD_I1009378
Melbourne,Christian Salem,Christian,Salem,3.0,296359,CD_I296359
Melbourne,Harry Sharp,Harry,Sharp,30.0,1007099,CD_I1007099
Melbourne,Tom Sparrow,Tom,Sparrow,32.0,999391,CD_I999391
Melbourne,Jack Steele,Jack,Steele,9.0,296205,CD_I296205
Melbourne,Xavier Taylor,Xavier,Taylor,19.0,1033072,CD_I1033072
Melbourne,Koltyn Tholstrup,Koltyn,Tholstrup,12.0,1023640,CD_I1023640
Melbourne,Daniel Turner,Daniel,Turner,10.0,1020959,CD_I1020959
Melbourne,Jack Viney,Jack,Viney,7.0,291902,CD_I291902
Melbourne,Kalani White,Kalani,White,34.0,1033572,CD_I1033572
Melbourne,Caleb Windsor,Caleb,Windsor,6.0,1027821,CD_I1027821
Melbourne,Jacob van Rooyen,Jacob,van Rooyen,2.0,1017720,CD_I1017720
North Melbourne,Jackson Archer,Jackson,Archer,34.0,1020968,CD_I1020968
North Melbourne,Zac Banch,Zac,Banch,45.0,1020930,CD_I1020930
North Melbourne,Callum Coleman-Jones,Callum,Coleman-Jones,21.0,1000061,CD_I1000061
North Melbourne,Charlie Comben,Charlie,Comben,30.0,1015781,CD_I1015781
North Melbourne,Aidan Corr,Aidan,Corr,4.0,294508,CD_I294508
North Melbourne,Paul Curtis,Paul,Curtis,25.0,1002947,CD_I1002947
North Melbourne,Caleb Daniel,Caleb,Daniel,5.0,295136,CD_I295136
North Melbourne,Jack Darling,Jack,Darling,27.0,290838,CD_I290838
North Melbourne,Luke Davies-Uniacke,Luke,Davies-Uniacke,9.0,1002267,CD_I1002267
North Melbourne,Wil Dawson,Wil,Dawson,18.0,1028551,CD_I1028551
North Melbourne,Lachy Dovaston,Lachy,Dovaston,1.0,1033060,CD_I1033060
North Melbourne,Zane Duursma,Zane,Duursma,7.0,1023494,CD_I1023494
North Melbourne,Zac Fisher,Zac,Fisher,16.0,999827,CD_I999827
North Melbourne,Brayden George,Brayden,George,33.0,1023544,CD_I1023544
North Melbourne,Taylor Goad,Taylor,Goad,22.0,1031506,CD_I1031506
North Melbourne,Josh Goater,Josh,Goater,31.0,1017118,CD_I1017118
North Melbourne,Robert Hansen Jr,Robert,Hansen Jr,46.0,1023144,CD_I1023144
North Melbourne,Riley Hardeman,Riley,Hardeman,17.0,1023625,CD_I1023625
North Melbourne,Cooper Harvey,Cooper,Harvey,37.0,1020979,CD_I1020979
North Melbourne,Jacob Konstanty,Jacob,Konstanty,41.0,1023530,CD_I1023530
North Melbourne,Nick Larkey,Nick,Larkey,20.0,1001017,CD_I1001017
North Melbourne,Griffin Logue,Griffin,Logue,19.0,997933,CD_I997933
North Melbourne,Luke McDonald,Luke,McDonald,11.0,296355,CD_I296355
North Melbourne,Colby McKercher,Colby,McKercher,10.0,1024272,CD_I1024272
North Melbourne,Hugo Mikunda,Hugo,Mikunda,28.0,1036403,CD_I1036403
North Melbourne,Finn O'Sullivan,Finn,O'Sullivan,2.0,1028495,CD_I1028495
North Melbourne,Luke Parker,Luke,Parker,26.0,290778,CD_I290778
North Melbourne,Toby Pink,Toby,Pink,32.0,1002138,CD_I1002138
North Melbourne,Tom Powell,Tom,Powell,24.0,1011659,CD_I1011659
North Melbourne,Bailey Scott,Bailey,Scott,8.0,1006058,CD_I1006058
North Melbourne,Harry Sheezel,Harry,Sheezel,3.0,1023518,CD_I1023518
North Melbourne,Jy Simpkin,Jy,Simpkin,12.0,993998,CD_I993998
North Melbourne,Charlie Spargo,Charlie,Spargo,13.0,1002282,CD_I1002282
North Melbourne,Dylan Stephens,Dylan,Stephens,15.0,1004848,CD_I1004848
North Melbourne,River Stevens,River,Stevens,36.0,1031989,CD_I1031989
North Melbourne,Blake Thredgold,Blake,Thredgold,23.0,1031718,CD_I1031718
North Melbourne,Cooper Trembath,Cooper,Trembath,47.0,1031988,CD_I1031988
North Melbourne,Luke Urquhart,Luke,Urquhart,14.0,1029281,CD_I1029281
North Melbourne,George Wardlaw,George,Wardlaw,6.0,1023477,CD_I1023477
North Melbourne,Matt Whitlock,Matt,Whitlock,35.0,1028547,CD_I1028547
North Melbourne,Tristan Xerri,Tristan,Xerri,38.0,1004965,CD_I1004965
North Melbourne,Cameron Zurhaar,Cameron,Zurhaar,44.0,998484,CD_I998484
Port Adelaide,Aliir Aliir,Aliir,Aliir,21.0,294469,CD_I294469
Port Adelaide,Tom Anastasopoulos,Tom,Anastasopoulos,29.0,1027870,CD_I1027870
Port Adelaide,Benny Barrett,Benny,Barrett,40.0,1022601,CD_I1022601
Port Adelaide,Miles Bergman,Miles,Bergman,14.0,1009191,CD_I1009191
Port Adelaide,Joe Berry,Joe,Berry,5.0,1028529,CD_I1028529
Port Adelaide,Will Brodie,Will,Brodie,23.0,998129,CD_I998129
Port Adelaide,Jase Burgoyne,Jase,Burgoyne,7.0,1013462,CD_I1013462
Port Adelaide,Zak Butters,Zak,Butters,9.0,1006121,CD_I1006121
Port Adelaide,Darcy Byrne-Jones,Darcy,Byrne-Jones,33.0,991930,CD_I991930
Port Adelaide,Tom Cochrane,Tom,Cochrane,26.0,1022371,CD_I1022371
Port Adelaide,Willem Drew,Willem,Drew,28.0,1000972,CD_I1000972
Port Adelaide,Corey Durdin,Corey,Durdin,44.0,1008510,CD_I1008510
Port Adelaide,Logan Evans,Logan,Evans,22.0,1019938,CD_I1019938
Port Adelaide,Kane Farrell,Kane,Farrell,6.0,1002253,CD_I1002253
Port Adelaide,Mitch Georgiades,Mitch,Georgiades,19.0,1010174,CD_I1010174
Port Adelaide,Jason Horne-Francis,Jason,Horne-Francis,18.0,1011640,CD_I1011640
Port Adelaide,Lachie Jones,Lachie,Jones,34.0,1011583,CD_I1011583
Port Adelaide,Josh Lai,Josh,Lai,43.0,1040300,CD_I1040300
Port Adelaide,Mani Liddy,Mani,Liddy,50.0,1008649,CD_I1008649
Port Adelaide,Ollie Lord,Ollie,Lord,30.0,1012881,CD_I1012881
Port Adelaide,Will Lorenz,Will,Lorenz,36.0,1029262,CD_I1029262
Port Adelaide,Jack Lukosius,Jack,Lukosius,12.0,1004095,CD_I1004095
Port Adelaide,Ewan Mackinlay,Ewan,Mackinlay,31.0,1027887,CD_I1027887
Port Adelaide,Todd Marshall,Todd,Marshall,4.0,1004998,CD_I1004998
Port Adelaide,Jackson Mead,Jackson,Mead,3.0,1005326,CD_I1005326
Port Adelaide,Christian Moraes,Christian,Moraes,11.0,1028563,CD_I1028563
Port Adelaide,Jacob Moss,Jacob,Moss,42.0,1038914,CD_I1038914
Port Adelaide,Sam Powell-Pepper,Sam,Powell-Pepper,2.0,993979,CD_I993979
Port Adelaide,Harrison Ramm,Harrison,Ramm,32.0,1027311,CD_I1027311
Port Adelaide,Esava Ratugolea,Esava,Ratugolea,27.0,1002220,CD_I1002220
Port Adelaide,Joe Richards,Joe,Richards,35.0,1008239,CD_I1008239
Port Adelaide,Connor Rozee,Connor,Rozee,1.0,1001299,CD_I1001299
Port Adelaide,Josh Sinn,Josh,Sinn,8.0,1017078,CD_I1017078
Port Adelaide,Ivan Soldo,Ivan,Soldo,13.0,998529,CD_I998529
Port Adelaide,Jordon Sweet,Jordon,Sweet,24.0,992330,CD_I992330
Port Adelaide,Dante Visentini,Dante,Visentini,38.0,1017128,CD_I1017128
Port Adelaide,Xavier Walsh,Xavier,Walsh,45.0,1029158,CD_I1029158
Port Adelaide,Jack Watkins,Jack,Watkins,37.0,1012002,CD_I1012002
Port Adelaide,Jacob Wehr,Jacob,Wehr,15.0,1004530,CD_I1004530
Port Adelaide,Jack Whitlock,Jack,Whitlock,17.0,1032053,CD_I1032053
Port Adelaide,Ollie Wines,Ollie,Wines,16.0,294318,CD_I294318
Port Adelaide,Brandon Zerk-Thatcher,Brandon,Zerk-Thatcher,25.0,1004034,CD_I1004034
Richmond,Jasper Alger,Jasper,Alger,29.0,1028537,CD_I1028537
Richmond,Harry Armstrong,Harry,Armstrong,34.0,1028525,CD_I1028525
Richmond,Noah Balta,Noah,Balta,21.0,1002245,CD_I1002245
Richmond,Sam Banks,Sam,Banks,6.0,1013197,CD_I1013197
Richmond,Nathan Broad,Nathan,Broad,35.0,295203,CD_I295203
Richmond,Tom Brown,Tom,Brown,30.0,1017086,CD_I1017086
Richmond,Seth Campbell,Seth,Campbell,44.0,1023275,CD_I1023275
Richmond,Judson Clarke,Judson,Clarke,23.0,1017043,CD_I1017043
Richmond,Sam Cumming,Sam,Cumming,22.0,1027099,CD_I1027099
Richmond,Jonty Faull,Jonty,Faull,8.0,1028498,CD_I1028498
Richmond,Liam Fawcett,Liam,Fawcett,43.0,1022383,CD_I1022383
Richmond,Josh Gibcus,Josh,Gibcus,18.0,1017059,CD_I1017059
Richmond,Campbell Gray,Campbell,Gray,50.0,1036103,CD_I1036103
Richmond,Steely Green,Steely,Green,48.0,1023056,CD_I1023056
Richmond,Sam Grlj,Sam,Grlj,24.0,1036579,CD_I1036579
Richmond,Oliver Hayes-Brown,Oliver,Hayes-Brown,47.0,1035199,CD_I1035199
Richmond,Jacob Hopper,Jacob,Hopper,2.0,993903,CD_I993903
Richmond,Taj Hotton,Taj,Hotton,10.0,1032106,CD_I1032106
Richmond,Sam Lalor,Sam,Lalor,4.0,1028491,CD_I1028491
Richmond,Mykelti Lefau,Mykelti,Lefau,42.0,1008747,CD_I1008747
Richmond,Tom Lynch,Tom,Lynch,19.0,293813,CD_I293813
Richmond,Rhyan Mansell,Rhyan,Mansell,7.0,1008478,CD_I1008478
Richmond,Kane McAuliffe,Kane,McAuliffe,28.0,1019916,CD_I1019916
Richmond,Ben Miller,Ben,Miller,12.0,1002403,CD_I1002403
Richmond,Toby Nankervis,Toby,Nankervis,25.0,298174,CD_I298174
Richmond,Zane Peucker,Zane,Peucker,26.0,1027367,CD_I1027367
Richmond,Dion Prestia,Dion,Prestia,3.0,290627,CD_I290627
Richmond,Hugo Ralphsmith,Hugo,Ralphsmith,13.0,1011985,CD_I1011985
Richmond,Patrick Retschko,Patrick,Retschko,33.0,1032081,CD_I1032081
Richmond,Maurice Rioli,Maurice,Rioli,17.0,1009551,CD_I1009551
Richmond,Noah Roberts-Thomson,Noah,Roberts-Thomson,27.0,1026974,CD_I1026974
Richmond,Jack Ross,Jack,Ross,5.0,1006133,CD_I1006133
Richmond,Samson Ryan,Samson,Ryan,32.0,1012386,CD_I1012386
Richmond,Jayden Short,Jayden,Short,15.0,992049,CD_I992049
Richmond,Tom Sims,Tom,Sims,38.0,1018996,CD_I1018996
Richmond,Josh Smillie,Josh,Smillie,16.0,1028572,CD_I1028572
Richmond,Kaleb Smith,Kaleb,Smith,49.0,1022999,CD_I1022999
Richmond,Tyler Sonsie,Tyler,Sonsie,40.0,1017114,CD_I1017114
Richmond,Tim Taranto,Tim,Taranto,14.0,998172,CD_I998172
Richmond,Luke Trainor,Luke,Trainor,11.0,1028521,CD_I1028521
Richmond,James Trezise,James,Trezise,36.0,1031829,CD_I1031829
Richmond,Nick Vlastuin,Nick,Vlastuin,1.0,294674,CD_I294674
St Kilda,Eamonn Armstrong,Eamonn,Armstrong,,,
St Kilda,Charlie Banfield,Charlie,Banfield,,,
St Kilda,James Barrat,James,Barrat,,,
St Kilda,Hugh Boxshall,Hugh,Boxshall,,,
St Kilda,Dan Butler,Dan,Butler,,,
St Kilda,Ryan Byrnes,Ryan,Byrnes,,,
St Kilda,Anthony Caminiti,Anthony,Caminiti,,,
St Kilda,Jack Carroll,Jack,Carroll,,,
St Kilda,Hunter Clark,Hunter,Clark,,,
St Kilda,Lance Collard,Lance,Collard,,,
St Kilda,Tom De Koning,Tom,De Koning,,,
St Kilda,Alex Dodson,Alex,Dodson,,,
St Kilda,Paddy Dow,Paddy,Dow,,,
St Kilda,Kye Fincher,Kye,Fincher,,,
St Kilda,Sam Flanders,Sam,Flanders,,,
St Kilda,Hugo Garcia,Hugo,Garcia,,,
St Kilda,Max Hall,Max,Hall,,,
St Kilda,Angus Hastie,Angus,Hastie,,,
St Kilda,Liam Henry,Liam,Henry,,,
St Kilda,Jack Higgins,Jack,Higgins,,,
St Kilda,Bradley Hill,Bradley,Hill,,,
St Kilda,Dougal Howard,Dougal,Howard,,,
St Kilda,Isaac Keeler,Isaac,Keeler,,,
St Kilda,Max King,Max,King,,,
St Kilda,Jack Macrae,Jack,Macrae,,,
St Kilda,Rowan Marshall,Rowan,Marshall,,,
St Kilda,Kobe Mcdonald,Kobe,Mcdonald,,,
St Kilda,Liam O Connell,Liam,O Connell,,,
St Kilda,Mitch Owens,Mitch,Owens,,,
St Kilda,Mattaes Phillipou,Mattaes,Phillipou,,,
St Kilda,Liam Ryan,Liam,Ryan,,,
St Kilda,Patrick Said,Patrick,Said,,,
St Kilda,Cooper Sharman,Cooper,Sharman,,,
St Kilda,Jack Silvagni,Jack,Silvagni,,,
St Kilda,Jack Sinclair,Jack,Sinclair,,,
St Kilda,Liam Stocker,Liam,Stocker,,,
St Kilda,Alixzander Tauru,Alixzander,Tauru,,,
St Kilda,Tobie Travaglia,Tobie,Travaglia,,,
St Kilda,Nasiah Wanganeen Milera,Nasiah,Wanganeen Milera,,,
St Kilda,Callum Wilkie,Callum,Wilkie,,,
St Kilda,Darcy Wilson,Darcy,Wilson,,,
St Kilda,Marcus Windhager,Marcus,Windhager,,,
St Kilda,Mason Wood,Mason,Wood,,,
Sydney,Taylor Adams,Taylor,Adams,3.0,291776,CD_I291776
Sydney,Joel Amartey,Joel,Amartey,36.0,1008091,CD_I1008091
Sydney,Riak Andrew,Riak,Andrew,20.0,1027659,CD_I1027659
Sydney,Riley Bice,Riley,Bice,26.0,1008224,CD_I1008224
Sydney,Nick Blakey,Nick,Blakey,22.0,1006028,CD_I1006028
Sydney,Ned Bowman,Ned,Bowman,23.0,1027406,CD_I1027406
Sydney,Braeden Campbell,Braeden,Campbell,16.0,1013133,CD_I1013133
Sydney,Noah Chamberlain,Noah,Chamberlain,42.0,1033013,CD_I1033013
Sydney,Caiden Cleary,Caiden,Cleary,33.0,1024057,CD_I1024057
Sydney,Billy Cootee,Billy,Cootee,25.0,1007053,CD_I1007053
Sydney,Harry Cunningham,Harry,Cunningham,7.0,291978,CD_I291978
Sydney,Charlie Curnow,Charlie,Curnow,35.0,996731,CD_I996731
Sydney,Jesse Dattoli,Jesse,Dattoli,9.0,1029589,CD_I1029589
Sydney,William Edwards,William,Edwards,28.0,1017757,CD_I1017757
Sydney,William Green,William,Green,45.0,1027901,CD_I1027901
Sydney,Brodie Grundy,Brodie,Grundy,4.0,293957,CD_I293957
Sydney,Errol Gulden,Errol,Gulden,21.0,1013128,CD_I1013128
Sydney,Joel Hamling,Joel,Hamling,29.0,295222,CD_I295222
Sydney,Tom Hanily,Tom,Hanily,40.0,1027687,CD_I1027687
Sydney,Isaac Heeney,Isaac,Heeney,5.0,298539,CD_I298539
Sydney,Liam Hetherton,Liam,Hetherton,39.0,1033612,CD_I1033612
Sydney,James Jordon,James,Jordon,17.0,1013409,CD_I1013409
Sydney,Max King,Max,King,31.0,1029015,CD_I1029015
Sydney,Harry Kyle,Harry,Kyle,32.0,1037405,CD_I1037405
Sydney,Peter Ladhams,Peter,Ladhams,19.0,997142,CD_I997142
Sydney,Jake Lloyd,Jake,Lloyd,44.0,295342,CD_I295342
Sydney,Tom McCartin,Tom,McCartin,30.0,1008198,CD_I1008198
Sydney,Logan McDonald,Logan,McDonald,6.0,1013230,CD_I1013230
Sydney,Justin McInerney,Justin,McInerney,27.0,1011936,CD_I1011936
Sydney,Hayden McLean,Hayden,McLean,2.0,1003203,CD_I1003203
Sydney,Lewis Melican,Lewis,Melican,43.0,996743,CD_I996743
Sydney,Callum Mills,Callum,Mills,14.0,993905,CD_I993905
Sydney,Tom Papley,Tom,Papley,11.0,996765,CD_I996765
Sydney,Jevan Phillipou,Jevan,Phillipou,18.0,1032354,CD_I1032354
Sydney,Dane Rampe,Dane,Rampe,24.0,290307,CD_I290307
Sydney,Matt Roberts,Matt,Roberts,34.0,1012210,CD_I1012210
Sydney,Malcolm Rosas,Malcolm,Rosas,10.0,1005986,CD_I1005986
Sydney,James Rowbottom,James,Rowbottom,8.0,1006126,CD_I1006126
Sydney,Jai Serong,Jai,Serong,13.0,1017091,CD_I1017091
Sydney,Angus Sheldrick,Angus,Sheldrick,12.0,1020339,CD_I1020339
Sydney,Patrick Snell,Patrick,Snell,41.0,1024685,CD_I1024685
Sydney,Chad Warner,Chad,Warner,1.0,1012014,CD_I1012014
Sydney,Corey Warner,Corey,Warner,37.0,1018424,CD_I1018424
Sydney,Sam Wicks,Sam,Wicks,15.0,1006232,CD_I1006232
West Coast,Bo Allan,Bo,Allan,26.0,1028449,CD_I1028449
West Coast,Sam Allen,Sam,Allen,12.0,1033063,CD_I1033063
West Coast,Liam Baker,Liam,Baker,3.0,1000223,CD_I1000223
West Coast,Harry Barnett,Harry,Barnett,30.0,1020057,CD_I1020057
West Coast,Rhett Bazzo,Rhett,Bazzo,33.0,1017718,CD_I1017718
West Coast,Sandy Brock,Sandy,Brock,41.0,1013315,CD_I1013315
West Coast,Tyler Brockman,Tyler,Brockman,10.0,1013511,CD_I1013511
West Coast,Malakai Champion,Malakai,Champion,37.0,1029136,CD_I1029136
West Coast,Tom Cole,Tom,Cole,28.0,993820,CD_I993820
West Coast,Jamie Cripps,Jamie,Cripps,15.0,290826,CD_I290826
West Coast,Hamish Davis,Hamish,Davis,38.0,1032624,CD_I1032624
West Coast,Tyrell Dewar,Tyrell,Dewar,43.0,1023142,CD_I1023142
West Coast,Cooper Duff-Tytler,Cooper,Duff-Tytler,21.0,1028725,CD_I1028725
West Coast,Liam Duggan,Liam,Duggan,14.0,298268,CD_I298268
West Coast,Willem Duursma,Willem,Duursma,1.0,1033115,CD_I1033115
West Coast,Harry Edwards,Harry,Edwards,42.0,1011437,CD_I1011437
West Coast,Matt Flynn,Matt,Flynn,25.0,993902,CD_I993902
West Coast,Reuben Ginbey,Reuben,Ginbey,7.0,1023025,CD_I1023025
West Coast,Jack Graham,Jack,Graham,17.0,990827,CD_I990827
West Coast,Lucca Grego,Lucca,Grego,31.0,1018992,CD_I1018992
West Coast,Tom Gross,Tom,Gross,27.0,1028561,CD_I1028561
West Coast,Clay Hall,Clay,Hall,29.0,1024188,CD_I1024188
West Coast,Elijah Hewett,Elijah,Hewett,8.0,1020670,CD_I1020670
West Coast,Brady Hough,Brady,Hough,19.0,1023167,CD_I1023167
West Coast,Jack Hutchinson,Jack,Hutchinson,44.0,1036098,CD_I1036098
West Coast,Harvey Johnston,Harvey,Johnston,24.0,1027969,CD_I1027969
West Coast,Tim Kelly,Tim,Kelly,11.0,295898,CD_I295898
West Coast,Josh Lindsay,Josh,Lindsay,5.0,1033078,CD_I1033078
West Coast,Noah Long,Noah,Long,13.0,1023496,CD_I1023496
West Coast,Finlay Macrae,Finlay,Macrae,45.0,1012828,CD_I1012828
West Coast,Ryan Maric,Ryan,Maric,23.0,1029416,CD_I1029416
West Coast,Tom McCarthy,Tom,McCarthy,18.0,1036124,CD_I1036124
West Coast,Jacob Newton,Jacob,Newton,46.0,1022486,CD_I1022486
West Coast,Matthew Owies,Matthew,Owies,16.0,1013973,CD_I1013973
West Coast,Archer Reid,Archer,Reid,22.0,1027693,CD_I1027693
West Coast,Harley Reid,Harley,Reid,9.0,1023492,CD_I1023492
West Coast,Deven Robertson,Deven,Robertson,40.0,1009385,CD_I1009385
West Coast,Fred Rodriguez,Fred,Rodriguez,39.0,1033704,CD_I1033704
West Coast,Harry Schoenberg,Harry,Schoenberg,48.0,1008543,CD_I1008543
West Coast,Jobe Shanahan,Jobe,Shanahan,35.0,1031913,CD_I1031913
West Coast,Brandon Starcevich,Brandon,Starcevich,4.0,1002401,CD_I1002401
West Coast,Jake Waterman,Jake,Waterman,2.0,996554,CD_I996554
West Coast,Bailey J. Williams,Bailey J.,Williams,32.0,1006114,CD_I1006114
West Coast,Jack Williams,Jack,Williams,34.0,1020371,CD_I1020371
West Coast,Tylah Williams,Tylah,Williams,36.0,1037004,CD_I1037004
West Coast,Elliot Yeo,Elliot,Yeo,6.0,292128,CD_I292128
West Coast,Tylar Young,Tylar,Young,20.0,1018433,CD_I1018433
Western Bulldogs,Oskar Baker,Oskar,Baker,13.0,1008855,CD_I1008855
Western Bulldogs,Marcus Bontempelli,Marcus,Bontempelli,4.0,297373,CD_I297373
Western Bulldogs,Lachlan Bramble,Lachlan,Bramble,29.0,1000864,CD_I1000864
Western Bulldogs,Connor Budarick,Connor,Budarick,19.0,1008454,CD_I1008454
Western Bulldogs,Jedd Busslinger,Jedd,Busslinger,5.0,1023017,CD_I1023017
Western Bulldogs,Lachlan Carmichael,Lachlan,Carmichael,2.0,1033626,CD_I1033626
Western Bulldogs,Luke Cleary,Luke,Cleary,36.0,1015929,CD_I1015929
Western Bulldogs,Nick Coffield,Nick,Coffield,17.0,1005717,CD_I1005717
Western Bulldogs,Jordan Croft,Jordan,Croft,16.0,1013996,CD_I1013996
Western Bulldogs,Bailey Dale,Bailey,Dale,31.0,996708,CD_I996708
Western Bulldogs,Sam Darcy,Sam,Darcy,10.0,1017126,CD_I1017126
Western Bulldogs,Will Darcy,Will,Darcy,15.0,1042728,CD_I1042728
Western Bulldogs,Sam Davidson,Sam,Davidson,42.0,1036123,CD_I1036123
Western Bulldogs,Josh Dolan,Josh,Dolan,26.0,1034235,CD_I1034235
Western Bulldogs,Louis Emmett,Louis,Emmett,25.0,1033076,CD_I1033076
Western Bulldogs,Tim English,Tim,English,44.0,1004592,CD_I1004592
Western Bulldogs,Joel Freijah,Joel,Freijah,27.0,1027704,CD_I1027704
Western Bulldogs,Harvey Gallagher,Harvey,Gallagher,12.0,1017087,CD_I1017087
Western Bulldogs,Riley Garcia,Riley,Garcia,38.0,1006533,CD_I1006533
Western Bulldogs,Ryan Gardner,Ryan,Gardner,43.0,997501,CD_I997501
Western Bulldogs,James Harmes,James,Harmes,22.0,297899,CD_I297899
Western Bulldogs,Cooper Hynes,Cooper,Hynes,6.0,1029456,CD_I1029456
Western Bulldogs,Lachie Jaques,Lachie,Jaques,11.0,1028493,CD_I1028493
Western Bulldogs,Arthur Jones,Arthur,Jones,32.0,1020586,CD_I1020586
Western Bulldogs,Luke Kennedy,Luke,Kennedy,35.0,1032112,CD_I1032112
Western Bulldogs,Matthew Kennedy,Matthew,Kennedy,8.0,1001398,CD_I1001398
Western Bulldogs,Buku Khamis,Buku,Khamis,24.0,998782,CD_I998782
Western Bulldogs,Tom Liberatore,Tom,Liberatore,21.0,290799,CD_I290799
Western Bulldogs,Rory Lobb,Rory,Lobb,7.0,990740,CD_I990740
Western Bulldogs,Lachlan McNeil,Lachlan,McNeil,30.0,1009015,CD_I1009015
Western Bulldogs,Aaron Naughton,Aaron,Naughton,33.0,1002404,CD_I1002404
Western Bulldogs,James O'Donnell,James,O'Donnell,18.0,1032966,CD_I1032966
Western Bulldogs,Ed Richards,Ed,Richards,20.0,1008280,CD_I1008280
Western Bulldogs,Ryley Sanders,Ryley,Sanders,9.0,1017939,CD_I1017939
Western Bulldogs,Michael Sellwood,Michael,Sellwood,37.0,1020621,CD_I1020621
Western Bulldogs,Lachlan Smith,Lachlan,Smith,40.0,1027702,CD_I1027702
Western Bulldogs,Adam Treloar,Adam,Treloar,1.0,291790,CD_I291790
Western Bulldogs,Laitham Vandermeer,Laitham,Vandermeer,23.0,1005000,CD_I1005000
Western Bulldogs,Zac Walker,Zac,Walker,41.0,1041619,CD_I1041619
Western Bulldogs,Cody Weightman,Cody,Weightman,3.0,1011803,CD_I1011803
Western Bulldogs,Rhylee West,Rhylee,West,14.0,1006127,CD_I1006127
Western Bulldogs,Bailey Williams,Bailey,Williams,34.0,992351,CD_I992351
