Player,Team,Filename,Team_Players_Page
Jordan Dawson,Adelaide,jordan_dawson.png,https://www.afc.com.au/players
Izak Rankine,Adelaide,izak_rankine.png,https://www.afc.com.au/players
Jake Soligo,Adelaide,jake_soligo.png,https://www.afc.com.au/players
Alex Neal-Bullen,Adelaide,alex_neal-bullen.png,https://www.afc.com.au/players
Reilly O'Brien,Adelaide,reilly_obrien.png,https://www.afc.com.au/players
Ben Keays,Adelaide,ben_keays.png,https://www.afc.com.au/players
Rory Laird,Adelaide,rory_laird.png,https://www.afc.com.au/players
Mark Keane,Adelaide,mark_keane.png,https://www.afc.com.au/players
Mitchell Hinge,Adelaide,mitchell_hinge.png,https://www.afc.com.au/players
Riley Thilthorpe,Adelaide,riley_thilthorpe.png,https://www.afc.com.au/players
Darcy Fogarty,Adelaide,darcy_fogarty.png,https://www.afc.com.au/players
James Peatling,Adelaide,james_peatling.png,https://www.afc.com.au/players
Taylor Walker,Adelaide,taylor_walker.png,https://www.afc.com.au/players
Josh Rachele,Adelaide,josh_rachele.png,https://www.afc.com.au/players
Josh Worrell,Adelaide,josh_worrell.png,https://www.afc.com.au/players
Sam Berry,Adelaide,sam_berry.png,https://www.afc.com.au/players
Daniel Curtin,Adelaide,daniel_curtin.png,https://www.afc.com.au/players
Max Michalanney,Adelaide,max_michalanney.png,https://www.afc.com.au/players
Matt Crouch,Adelaide,matt_crouch.png,https://www.afc.com.au/players
Isaac Cumming,Adelaide,isaac_cumming.png,https://www.afc.com.au/players
Wayne Milera,Adelaide,wayne_milera.png,https://www.afc.com.au/players
Lachlan Sholl,Adelaide,lachlan_sholl.png,https://www.afc.com.au/players
Luke Nankervis,Adelaide,luke_nankervis.png,https://www.afc.com.au/players
Brodie Smith,Adelaide,brodie_smith.png,https://www.afc.com.au/players
Jordon Butts,Adelaide,jordon_butts.png,https://www.afc.com.au/players
Chayce Jones,Adelaide,chayce_jones.png,https://www.afc.com.au/players
Zac Taylor,Adelaide,zac_taylor.png,https://www.afc.com.au/players
Lachlan Murphy,Adelaide,lachlan_murphy.png,https://www.afc.com.au/players
Brayden Cook,Adelaide,brayden_cook.png,https://www.afc.com.au/players
Nick Murray,Adelaide,nick_murray.png,https://www.afc.com.au/players
James Borlase,Adelaide,james_borlase.png,https://www.afc.com.au/players
Billy Dowling,Adelaide,billy_dowling.png,https://www.afc.com.au/players
Hugh Bond,Adelaide,hugh_bond.png,https://www.afc.com.au/players
Luke Pedlar,Adelaide,luke_pedlar.png,https://www.afc.com.au/players
Charlie Edwards,Adelaide,charlie_edwards.png,https://www.afc.com.au/players
Tyler Welsh,Adelaide,tyler_welsh.png,https://www.afc.com.au/players
Chris Burgess,Adelaide,chris_burgess.png,https://www.afc.com.au/players
Oscar Ryan,Adelaide,oscar_ryan.png,https://www.afc.com.au/players
Harry Schoenberg,Adelaide,harry_schoenberg.png,https://www.afc.com.au/players
Sid Draper,Adelaide,sid_draper.png,https://www.afc.com.au/players
Karl Gallagher,Adelaide,karl_gallagher.png,https://www.afc.com.au/players
Toby Murray,Adelaide,toby_murray.png,https://www.afc.com.au/players
Lachlan McAndrew,Adelaide,lachlan_mcandrew.png,https://www.afc.com.au/players
Kieran Strachan,Adelaide,kieran_strachan.png,https://www.afc.com.au/players
Lachie Neale,Brisbane,lachie_neale.png,https://www.lions.com.au/players
Hugh McCluggage,Brisbane,hugh_mccluggage.png,https://www.lions.com.au/players
Josh Dunkley,Brisbane,josh_dunkley.png,https://www.lions.com.au/players
Dayne Zorko,Brisbane,dayne_zorko.png,https://www.lions.com.au/players
Cam Rayner,Brisbane,cam_rayner.png,https://www.lions.com.au/players
Darcy Wilmot,Brisbane,darcy_wilmot.png,https://www.lions.com.au/players
Harris Andrews,Brisbane,harris_andrews.png,https://www.lions.com.au/players
Zac Bailey,Brisbane,zac_bailey.png,https://www.lions.com.au/players
Ryan Lester,Brisbane,ryan_lester.png,https://www.lions.com.au/players
Jaspa Fletcher,Brisbane,jaspa_fletcher.png,https://www.lions.com.au/players
Oscar McInerney,Brisbane,oscar_mcinerney.png,https://www.lions.com.au/players
Jarrod Berry,Brisbane,jarrod_berry.png,https://www.lions.com.au/players
Will Ashcroft,Brisbane,will_ashcroft.png,https://www.lions.com.au/players
Callum Ah Chee,Brisbane,callum_ah_chee.png,https://www.lions.com.au/players
Charlie Cameron,Brisbane,charlie_cameron.png,https://www.lions.com.au/players
Kai Lohmann,Brisbane,kai_lohmann.png,https://www.lions.com.au/players
Logan Morris,Brisbane,logan_morris.png,https://www.lions.com.au/players
Eric Hipwood,Brisbane,eric_hipwood.png,https://www.lions.com.au/players
Jack Payne,Brisbane,jack_payne.png,https://www.lions.com.au/players
Noah Answerth,Brisbane,noah_answerth.png,https://www.lions.com.au/players
Brandon Starcevich,Brisbane,brandon_starcevich.png,https://www.lions.com.au/players
Darcy Fort,Brisbane,darcy_fort.png,https://www.lions.com.au/players
Levi Ashcroft,Brisbane,levi_ashcroft.png,https://www.lions.com.au/players
Bruce Reville,Brisbane,bruce_reville.png,https://www.lions.com.au/players
Darcy Gardiner,Brisbane,darcy_gardiner.png,https://www.lions.com.au/players
Conor McKenna,Brisbane,conor_mckenna.png,https://www.lions.com.au/players
Sam Day,Brisbane,sam_day.png,https://www.lions.com.au/players
Lincoln McCarthy,Brisbane,lincoln_mccarthy.png,https://www.lions.com.au/players
Shadeau Brain,Brisbane,shadeau_brain.png,https://www.lions.com.au/players
Deven Robertson,Brisbane,deven_robertson.png,https://www.lions.com.au/players
Tom Doedee,Brisbane,tom_doedee.png,https://www.lions.com.au/players
Luke Beecken,Brisbane,luke_beecken.png,https://www.lions.com.au/players
Keidean Coleman,Brisbane,keidean_coleman.png,https://www.lions.com.au/players
Luke Lloyd,Brisbane,luke_lloyd.png,https://www.lions.com.au/players
Sam Marshall,Brisbane,sam_marshall.png,https://www.lions.com.au/players
Zane Zakostelsky,Brisbane,zane_zakostelsky.png,https://www.lions.com.au/players
Ty Gallop,Brisbane,ty_gallop.png,https://www.lions.com.au/players
Brandon Ryan,Brisbane,brandon_ryan.png,https://www.lions.com.au/players
Henry Smith,Brisbane,henry_smith.png,https://www.lions.com.au/players
Will McLachlan,Brisbane,will_mclachlan.png,https://www.lions.com.au/players
James Tunstill,Brisbane,james_tunstill.png,https://www.lions.com.au/players
Reece Torrent,Brisbane,reece_torrent.png,https://www.lions.com.au/players
Darragh Joyce,Brisbane,darragh_joyce.png,https://www.lions.com.au/players
Darcy Craven,Brisbane,darcy_craven.png,https://www.lions.com.au/players
Patrick Cripps,Carlton,patrick_cripps.png,https://www.carltonfc.com.au/players
George Hewett,Carlton,george_hewett.png,https://www.carltonfc.com.au/players
Tom De Koning,Carlton,tom_de_koning.png,https://www.carltonfc.com.au/players
Jacob Weitering,Carlton,jacob_weitering.png,https://www.carltonfc.com.au/players
Sam Walsh,Carlton,sam_walsh.png,https://www.carltonfc.com.au/players
Adam Saad,Carlton,adam_saad.png,https://www.carltonfc.com.au/players
Charlie Curnow,Carlton,charlie_curnow.png,https://www.carltonfc.com.au/players
Zac Williams,Carlton,zac_williams.png,https://www.carltonfc.com.au/players
Adam Cerra,Carlton,adam_cerra.png,https://www.carltonfc.com.au/players
Blake Acres,Carlton,blake_acres.png,https://www.carltonfc.com.au/players
Harry McKay,Carlton,harry_mckay.png,https://www.carltonfc.com.au/players
Mitch McGovern,Carlton,mitch_mcgovern.png,https://www.carltonfc.com.au/players
Oliver Hollands,Carlton,oliver_hollands.png,https://www.carltonfc.com.au/players
Marc Pittonet,Carlton,marc_pittonet.png,https://www.carltonfc.com.au/players
Lachie Fogarty,Carlton,lachie_fogarty.png,https://www.carltonfc.com.au/players
Nick Haynes,Carlton,nick_haynes.png,https://www.carltonfc.com.au/players
Elijah Hollands,Carlton,elijah_hollands.png,https://www.carltonfc.com.au/players
Nic Newman,Carlton,nic_newman.png,https://www.carltonfc.com.au/players
Lachlan Cowan,Carlton,lachlan_cowan.png,https://www.carltonfc.com.au/players
Jesse Motlop,Carlton,jesse_motlop.png,https://www.carltonfc.com.au/players
Brodie Kemp,Carlton,brodie_kemp.png,https://www.carltonfc.com.au/players
Matthew Cottrell,Carlton,matthew_cottrell.png,https://www.carltonfc.com.au/players
Cooper Lord,Carlton,cooper_lord.png,https://www.carltonfc.com.au/players
Francis Evans,Carlton,francis_evans.png,https://www.carltonfc.com.au/players
Orazio Fantasia,Carlton,orazio_fantasia.png,https://www.carltonfc.com.au/players
Lewis Young,Carlton,lewis_young.png,https://www.carltonfc.com.au/players
Corey Durdin,Carlton,corey_durdin.png,https://www.carltonfc.com.au/players
Sam Docherty,Carlton,sam_docherty.png,https://www.carltonfc.com.au/players
Alex Cincotta,Carlton,alex_cincotta.png,https://www.carltonfc.com.au/players
Jordan Boyd,Carlton,jordan_boyd.png,https://www.carltonfc.com.au/players
Jack Silvagni,Carlton,jack_silvagni.png,https://www.carltonfc.com.au/players
Matthew Carroll,Carlton,matthew_carroll.png,https://www.carltonfc.com.au/players
Will White,Carlton,will_white.png,https://www.carltonfc.com.au/players
Ashton Moir,Carlton,ashton_moir.png,https://www.carltonfc.com.au/players
Jagga Smith,Carlton,jagga_smith.png,https://www.carltonfc.com.au/players
Ben Camporeale,Carlton,ben_camporeale.png,https://www.carltonfc.com.au/players
Lucas Camporeale,Carlton,lucas_camporeale.png,https://www.carltonfc.com.au/players
Harry O'Farrell,Carlton,harry_ofarrell.png,https://www.carltonfc.com.au/players
Jaxon Binns,Carlton,jaxon_binns.png,https://www.carltonfc.com.au/players
Harry Charleson,Carlton,harry_charleson.png,https://www.carltonfc.com.au/players
Harry Lemmey,Carlton,harry_lemmey.png,https://www.carltonfc.com.au/players
Rob Monahan,Carlton,rob_monahan.png,https://www.carltonfc.com.au/players
Billy Wilson,Carlton,billy_wilson.png,https://www.carltonfc.com.au/players
Hudson O'Keeffe,Carlton,hudson_okeeffe.png,https://www.carltonfc.com.au/players
Matt Duffy,Carlton,matt_duffy.png,https://www.carltonfc.com.au/players
Flynn Young,Carlton,flynn_young.png,https://www.carltonfc.com.au/players
Nick Daicos,Collingwood,nick_daicos.png,https://www.collingwoodfc.com.au/players
Darcy Cameron,Collingwood,darcy_cameron.png,https://www.collingwoodfc.com.au/players
Jack Crisp,Collingwood,jack_crisp.png,https://www.collingwoodfc.com.au/players
Josh Daicos,Collingwood,josh_daicos.png,https://www.collingwoodfc.com.au/players
Dan Houston,Collingwood,dan_houston.png,https://www.collingwoodfc.com.au/players
Darcy Moore,Collingwood,darcy_moore.png,https://www.collingwoodfc.com.au/players
Scott Pendlebury,Collingwood,scott_pendlebury.png,https://www.collingwoodfc.com.au/players
Steele Sidebottom,Collingwood,steele_sidebottom.png,https://www.collingwoodfc.com.au/players
Patrick Lipinski,Collingwood,patrick_lipinski.png,https://www.collingwoodfc.com.au/players
Brayden Maynard,Collingwood,brayden_maynard.png,https://www.collingwoodfc.com.au/players
Harry Perryman,Collingwood,harry_perryman.png,https://www.collingwoodfc.com.au/players
Isaac Quaynor,Collingwood,isaac_quaynor.png,https://www.collingwoodfc.com.au/players
Jeremy Howe,Collingwood,jeremy_howe.png,https://www.collingwoodfc.com.au/players
Jamie Elliott,Collingwood,jamie_elliott.png,https://www.collingwoodfc.com.au/players
Bobby Hill,Collingwood,bobby_hill.png,https://www.collingwoodfc.com.au/players
Beau McCreery,Collingwood,beau_mccreery.png,https://www.collingwoodfc.com.au/players
Tim Membrey,Collingwood,tim_membrey.png,https://www.collingwoodfc.com.au/players
Will Hoskin-Elliott,Collingwood,will_hoskin-elliott.png,https://www.collingwoodfc.com.au/players
Ned Long,Collingwood,ned_long.png,https://www.collingwoodfc.com.au/players
Brody Mihocek,Collingwood,brody_mihocek.png,https://www.collingwoodfc.com.au/players
Lachie Schultz,Collingwood,lachie_schultz.png,https://www.collingwoodfc.com.au/players
Billy Frampton,Collingwood,billy_frampton.png,https://www.collingwoodfc.com.au/players
Jordan De Goey,Collingwood,jordan_de_goey.png,https://www.collingwoodfc.com.au/players
Lachlan Sullivan,Collingwood,lachlan_sullivan.png,https://www.collingwoodfc.com.au/players
Daniel McStay,Collingwood,daniel_mcstay.png,https://www.collingwoodfc.com.au/players
Mason Cox,Collingwood,mason_cox.png,https://www.collingwoodfc.com.au/players
Oleg Markov,Collingwood,oleg_markov.png,https://www.collingwoodfc.com.au/players
Edward Allan,Collingwood,edward_allan.png,https://www.collingwoodfc.com.au/players
Tom Mitchell,Collingwood,tom_mitchell.png,https://www.collingwoodfc.com.au/players
Charlie Dean,Collingwood,charlie_dean.png,https://www.collingwoodfc.com.au/players
Harvey Harrison,Collingwood,harvey_harrison.png,https://www.collingwoodfc.com.au/players
Reef McInnes,Collingwood,reef_mcinnes.png,https://www.collingwoodfc.com.au/players
Finlay Macrae,Collingwood,finlay_macrae.png,https://www.collingwoodfc.com.au/players
Harry DeMattia,Collingwood,harry_demattia.png,https://www.collingwoodfc.com.au/players
Wil Parker,Collingwood,wil_parker.png,https://www.collingwoodfc.com.au/players
Tew Jiath,Collingwood,tew_jiath.png,https://www.collingwoodfc.com.au/players
Iliro Smit,Collingwood,iliro_smit.png,https://www.collingwoodfc.com.au/players
Oscar Steene,Collingwood,oscar_steene.png,https://www.collingwoodfc.com.au/players
Jakob Ryan,Collingwood,jakob_ryan.png,https://www.collingwoodfc.com.au/players
Joel Cochran,Collingwood,joel_cochran.png,https://www.collingwoodfc.com.au/players
Charlie West,Collingwood,charlie_west.png,https://www.collingwoodfc.com.au/players
William Hayes,Collingwood,william_hayes.png,https://www.collingwoodfc.com.au/players
Ash Johnson,Collingwood,ash_johnson.png,https://www.collingwoodfc.com.au/players
Roan Steele,Collingwood,roan_steele.png,https://www.collingwoodfc.com.au/players
Noah Howes,Collingwood,noah_howes.png,https://www.collingwoodfc.com.au/players
Zach Merrett,Essendon,zach_merrett.png,https://www.essendonfc.com.au/players
Sam Durham,Essendon,sam_durham.png,https://www.essendonfc.com.au/players
Nic Martin,Essendon,nic_martin.png,https://www.essendonfc.com.au/players
Andrew McGrath,Essendon,andrew_mcgrath.png,https://www.essendonfc.com.au/players
Mason Redman,Essendon,mason_redman.png,https://www.essendonfc.com.au/players
Jye Caldwell,Essendon,jye_caldwell.png,https://www.essendonfc.com.au/players
Jade Gresham,Essendon,jade_gresham.png,https://www.essendonfc.com.au/players
Kyle Langford,Essendon,kyle_langford.png,https://www.essendonfc.com.au/players
Xavier Duursma,Essendon,xavier_duursma.png,https://www.essendonfc.com.au/players
Archie Perkins,Essendon,archie_perkins.png,https://www.essendonfc.com.au/players
Ben McKay,Essendon,ben_mckay.png,https://www.essendonfc.com.au/players
Todd Goldstein,Essendon,todd_goldstein.png,https://www.essendonfc.com.au/players
Peter Wright,Essendon,peter_wright.png,https://www.essendonfc.com.au/players
Sam Draper,Essendon,sam_draper.png,https://www.essendonfc.com.au/players
Dylan Shiel,Essendon,dylan_shiel.png,https://www.essendonfc.com.au/players
Jayden Laverde,Essendon,jayden_laverde.png,https://www.essendonfc.com.au/players
Archie Roberts,Essendon,archie_roberts.png,https://www.essendonfc.com.au/players
Isaac Kako,Essendon,isaac_kako.png,https://www.essendonfc.com.au/players
Jordan Ridley,Essendon,jordan_ridley.png,https://www.essendonfc.com.au/players
Matt Guelfi,Essendon,matt_guelfi.png,https://www.essendonfc.com.au/players
Ben Hobbs,Essendon,ben_hobbs.png,https://www.essendonfc.com.au/players
Harrison Jones,Essendon,harrison_jones.png,https://www.essendonfc.com.au/players
Jaxon Prior,Essendon,jaxon_prior.png,https://www.essendonfc.com.au/players
Will Setterfield,Essendon,will_setterfield.png,https://www.essendonfc.com.au/players
Nate Caddy,Essendon,nate_caddy.png,https://www.essendonfc.com.au/players
Darcy Parish,Essendon,darcy_parish.png,https://www.essendonfc.com.au/players
Nik Cox,Essendon,nik_cox.png,https://www.essendonfc.com.au/players
Nick Bryan,Essendon,nick_bryan.png,https://www.essendonfc.com.au/players
Lachlan Blakiston,Essendon,lachlan_blakiston.png,https://www.essendonfc.com.au/players
Zach Reid,Essendon,zach_reid.png,https://www.essendonfc.com.au/players
Elijah Tsatas,Essendon,elijah_tsatas.png,https://www.essendonfc.com.au/players
Angus Clarke,Essendon,angus_clarke.png,https://www.essendonfc.com.au/players
Jye Menzie,Essendon,jye_menzie.png,https://www.essendonfc.com.au/players
Zak Johnson,Essendon,zak_johnson.png,https://www.essendonfc.com.au/players
Archer May,Essendon,archer_may.png,https://www.essendonfc.com.au/players
Luamon Lual,Essendon,luamon_lual.png,https://www.essendonfc.com.au/players
Lewis Hayes,Essendon,lewis_hayes.png,https://www.essendonfc.com.au/players
Kayle Gerreyn,Essendon,kayle_gerreyn.png,https://www.essendonfc.com.au/players
Alwyn Davey Jnr,Essendon,alwyn_davey_jnr.png,https://www.essendonfc.com.au/players
Rhys Unwin,Essendon,rhys_unwin.png,https://www.essendonfc.com.au/players
Vigo Visentini,Essendon,vigo_visentini.png,https://www.essendonfc.com.au/players
Saad El-Hawli,Essendon,saad_el-hawli.png,https://www.essendonfc.com.au/players
Jayden Nguyen,Essendon,jayden_nguyen.png,https://www.essendonfc.com.au/players
Archer Day-Wicks,Essendon,archer_day-wicks.png,https://www.essendonfc.com.au/players
Thomas Edwards,Essendon,thomas_edwards.png,https://www.essendonfc.com.au/players
Oskar Smartt,Essendon,oskar_smartt.png,https://www.essendonfc.com.au/players
Liam McMahon,Essendon,liam_mcmahon.png,https://www.essendonfc.com.au/players
Caleb Serong,Fremantle,caleb_serong.png,https://www.fremantlefc.com.au/players
Andrew Brayshaw,Fremantle,andrew_brayshaw.png,https://www.fremantlefc.com.au/players
Luke Jackson,Fremantle,luke_jackson.png,https://www.fremantlefc.com.au/players
Jordan Clark,Fremantle,jordan_clark.png,https://www.fremantlefc.com.au/players
Shai Bolton,Fremantle,shai_bolton.png,https://www.fremantlefc.com.au/players
Luke Ryan,Fremantle,luke_ryan.png,https://www.fremantlefc.com.au/players
Josh Treacy,Fremantle,josh_treacy.png,https://www.fremantlefc.com.au/players
Hayden Young,Fremantle,hayden_young.png,https://www.fremantlefc.com.au/players
Sam Switkowski,Fremantle,sam_switkowski.png,https://www.fremantlefc.com.au/players
Bailey Banfield,Fremantle,bailey_banfield.png,https://www.fremantlefc.com.au/players
Michael Frederick,Fremantle,michael_frederick.png,https://www.fremantlefc.com.au/players
Sean Darcy,Fremantle,sean_darcy.png,https://www.fremantlefc.com.au/players
Alex Pearce,Fremantle,alex_pearce.png,https://www.fremantlefc.com.au/players
Jaeger O'Meara,Fremantle,jaeger_omeara.png,https://www.fremantlefc.com.au/players
Matthew Johnson,Fremantle,matthew_johnson.png,https://www.fremantlefc.com.au/players
Heath Chapman,Fremantle,heath_chapman.png,https://www.fremantlefc.com.au/players
Brennan Cox,Fremantle,brennan_cox.png,https://www.fremantlefc.com.au/players
Jeremy Sharp,Fremantle,jeremy_sharp.png,https://www.fremantlefc.com.au/players
Corey Wagner,Fremantle,corey_wagner.png,https://www.fremantlefc.com.au/players
Jye Amiss,Fremantle,jye_amiss.png,https://www.fremantlefc.com.au/players
Nat Fyfe,Fremantle,nat_fyfe.png,https://www.fremantlefc.com.au/players
Murphy Reid,Fremantle,murphy_reid.png,https://www.fremantlefc.com.au/players
Joshua Draper,Fremantle,joshua_draper.png,https://www.fremantlefc.com.au/players
Patrick Voss,Fremantle,patrick_voss.png,https://www.fremantlefc.com.au/players
Brandon Walker,Fremantle,brandon_walker.png,https://www.fremantlefc.com.au/players
Karl Worner,Fremantle,karl_worner.png,https://www.fremantlefc.com.au/players
James Aish,Fremantle,james_aish.png,https://www.fremantlefc.com.au/players
Neil Erasmus,Fremantle,neil_erasmus.png,https://www.fremantlefc.com.au/players
Sam Sturt,Fremantle,sam_sturt.png,https://www.fremantlefc.com.au/players
Nathan O'Driscoll,Fremantle,nathan_odriscoll.png,https://www.fremantlefc.com.au/players
Michael Walters,Fremantle,michael_walters.png,https://www.fremantlefc.com.au/players
Isaiah Dudley,Fremantle,isaiah_dudley.png,https://www.fremantlefc.com.au/players
Quinton Narkle,Fremantle,quinton_narkle.png,https://www.fremantlefc.com.au/players
Hugh Davies,Fremantle,hugh_davies.png,https://www.fremantlefc.com.au/players
Will Brodie,Fremantle,will_brodie.png,https://www.fremantlefc.com.au/players
Liam Reidy,Fremantle,liam_reidy.png,https://www.fremantlefc.com.au/players
Oscar McDonald,Fremantle,oscar_mcdonald.png,https://www.fremantlefc.com.au/players
Charlie Nicholls,Fremantle,charlie_nicholls.png,https://www.fremantlefc.com.au/players
Odin Jones,Fremantle,odin_jones.png,https://www.fremantlefc.com.au/players
Cooper Simpson,Fremantle,cooper_simpson.png,https://www.fremantlefc.com.au/players
Ollie Murphy,Fremantle,ollie_murphy.png,https://www.fremantlefc.com.au/players
Jaren Carr,Fremantle,jaren_carr.png,https://www.fremantlefc.com.au/players
Jack Delean,Fremantle,jack_delean.png,https://www.fremantlefc.com.au/players
Aiden Riddle,Fremantle,aiden_riddle.png,https://www.fremantlefc.com.au/players
Max Holmes,Geelong,max_holmes.png,https://www.geelongcats.com.au/players
Jeremy Cameron,Geelong,jeremy_cameron.png,https://www.geelongcats.com.au/players
Gryan Miers,Geelong,gryan_miers.png,https://www.geelongcats.com.au/players
Tom Atkins,Geelong,tom_atkins.png,https://www.geelongcats.com.au/players
Oliver Dempsey,Geelong,oliver_dempsey.png,https://www.geelongcats.com.au/players
Tyson Stengle,Geelong,tyson_stengle.png,https://www.geelongcats.com.au/players
Mark Blicavs,Geelong,mark_blicavs.png,https://www.geelongcats.com.au/players
Zach Guthrie,Geelong,zach_guthrie.png,https://www.geelongcats.com.au/players
Patrick Dangerfield,Geelong,patrick_dangerfield.png,https://www.geelongcats.com.au/players
Tom Stewart,Geelong,tom_stewart.png,https://www.geelongcats.com.au/players
Brad Close,Geelong,brad_close.png,https://www.geelongcats.com.au/players
Jack Bowes,Geelong,jack_bowes.png,https://www.geelongcats.com.au/players
Shaun Mannagh,Geelong,shaun_mannagh.png,https://www.geelongcats.com.au/players
Jack Henry,Geelong,jack_henry.png,https://www.geelongcats.com.au/players
Sam De Koning,Geelong,sam_de_koning.png,https://www.geelongcats.com.au/players
Lawson Humphries,Geelong,lawson_humphries.png,https://www.geelongcats.com.au/players
Bailey Smith,Geelong,bailey_smith.png,https://www.geelongcats.com.au/players
Shannon Neale,Geelong,shannon_neale.png,https://www.geelongcats.com.au/players
Rhys Stanley,Geelong,rhys_stanley.png,https://www.geelongcats.com.au/players
Mark O'Connor,Geelong,mark_oconnor.png,https://www.geelongcats.com.au/players
Oliver Henry,Geelong,oliver_henry.png,https://www.geelongcats.com.au/players
Mitch Duncan,Geelong,mitch_duncan.png,https://www.geelongcats.com.au/players
Connor O'Sullivan,Geelong,connor_osullivan.png,https://www.geelongcats.com.au/players
Jake Kolodjashnij,Geelong,jake_kolodjashnij.png,https://www.geelongcats.com.au/players
Oisin Mullin,Geelong,oisin_mullin.png,https://www.geelongcats.com.au/players
Tanner Bruhn,Geelong,tanner_bruhn.png,https://www.geelongcats.com.au/players
Jhye Clark,Geelong,jhye_clark.png,https://www.geelongcats.com.au/players
Jack Martin,Geelong,jack_martin.png,https://www.geelongcats.com.au/players
Jed Bews,Geelong,jed_bews.png,https://www.geelongcats.com.au/players
Mitch Knevitt,Geelong,mitch_knevitt.png,https://www.geelongcats.com.au/players
Toby Conway,Geelong,toby_conway.png,https://www.geelongcats.com.au/players
Jay Polkinghorne,Geelong,jay_polkinghorne.png,https://www.geelongcats.com.au/players
Mitchell Edwards,Geelong,mitchell_edwards.png,https://www.geelongcats.com.au/players
George Stevens,Geelong,george_stevens.png,https://www.geelongcats.com.au/players
Jacob Molier,Geelong,jacob_molier.png,https://www.geelongcats.com.au/players
Oliver Wiltshire,Geelong,oliver_wiltshire.png,https://www.geelongcats.com.au/players
Lennox Hofmann,Geelong,lennox_hofmann.png,https://www.geelongcats.com.au/players
Xavier Ivisic,Geelong,xavier_ivisic.png,https://www.geelongcats.com.au/players
Patrick Retschko,Geelong,patrick_retschko.png,https://www.geelongcats.com.au/players
Cameron Guthrie,Geelong,cameron_guthrie.png,https://www.geelongcats.com.au/players
Keighton Matofai-Forbes,Geelong,keighton_matofai-forbes.png,https://www.geelongcats.com.au/players
Joe Pike,Geelong,joe_pike.png,https://www.geelongcats.com.au/players
Ted Clohesy,Geelong,ted_clohesy.png,https://www.geelongcats.com.au/players
Cillian Burke,Geelong,cillian_burke.png,https://www.geelongcats.com.au/players
Noah Anderson,Gold Coast,noah_anderson.png,https://www.goldcoastfc.com.au/players
Matt Rowell,Gold Coast,matt_rowell.png,https://www.goldcoastfc.com.au/players
Touk Miller,Gold Coast,touk_miller.png,https://www.goldcoastfc.com.au/players
Sam Collins,Gold Coast,sam_collins.png,https://www.goldcoastfc.com.au/players
Jarrod Witts,Gold Coast,jarrod_witts.png,https://www.goldcoastfc.com.au/players
Sam Flanders,Gold Coast,sam_flanders.png,https://www.goldcoastfc.com.au/players
Daniel Rioli,Gold Coast,daniel_rioli.png,https://www.goldcoastfc.com.au/players
Bailey Humphrey,Gold Coast,bailey_humphrey.png,https://www.goldcoastfc.com.au/players
Wil Powell,Gold Coast,wil_powell.png,https://www.goldcoastfc.com.au/players
John Noble,Gold Coast,john_noble.png,https://www.goldcoastfc.com.au/players
Bodhi Uwland,Gold Coast,bodhi_uwland.png,https://www.goldcoastfc.com.au/players
Ben King,Gold Coast,ben_king.png,https://www.goldcoastfc.com.au/players
Mac Andrew,Gold Coast,mac_andrew.png,https://www.goldcoastfc.com.au/players
Joel Jeffrey,Gold Coast,joel_jeffrey.png,https://www.goldcoastfc.com.au/players
Ben Long,Gold Coast,ben_long.png,https://www.goldcoastfc.com.au/players
Brayden Fiorini,Gold Coast,brayden_fiorini.png,https://www.goldcoastfc.com.au/players
Sam Clohesy,Gold Coast,sam_clohesy.png,https://www.goldcoastfc.com.au/players
Ben Ainsworth,Gold Coast,ben_ainsworth.png,https://www.goldcoastfc.com.au/players
Nick Holman,Gold Coast,nick_holman.png,https://www.goldcoastfc.com.au/players
Will Graham,Gold Coast,will_graham.png,https://www.goldcoastfc.com.au/players
Charlie Ballard,Gold Coast,charlie_ballard.png,https://www.goldcoastfc.com.au/players
Lachie Weller,Gold Coast,lachie_weller.png,https://www.goldcoastfc.com.au/players
David Swallow,Gold Coast,david_swallow.png,https://www.goldcoastfc.com.au/players
Ned Moyle,Gold Coast,ned_moyle.png,https://www.goldcoastfc.com.au/players
Connor Budarick,Gold Coast,connor_budarick.png,https://www.goldcoastfc.com.au/players
Alex Davies,Gold Coast,alex_davies.png,https://www.goldcoastfc.com.au/players
Alex Sexton,Gold Coast,alex_sexton.png,https://www.goldcoastfc.com.au/players
Thomas Berry,Gold Coast,thomas_berry.png,https://www.goldcoastfc.com.au/players
Jed Walter,Gold Coast,jed_walter.png,https://www.goldcoastfc.com.au/players
Jake Rogers,Gold Coast,jake_rogers.png,https://www.goldcoastfc.com.au/players
Ethan Read,Gold Coast,ethan_read.png,https://www.goldcoastfc.com.au/players
Elliott Himmelberg,Gold Coast,elliott_himmelberg.png,https://www.goldcoastfc.com.au/players
Malcolm Rosas,Gold Coast,malcolm_rosas.png,https://www.goldcoastfc.com.au/players
Lloyd Johnston,Gold Coast,lloyd_johnston.png,https://www.goldcoastfc.com.au/players
Sean Lemmens,Gold Coast,sean_lemmens.png,https://www.goldcoastfc.com.au/players
Leonardo Lombard,Gold Coast,leonardo_lombard.png,https://www.goldcoastfc.com.au/players
Cooper Bell,Gold Coast,cooper_bell.png,https://www.goldcoastfc.com.au/players
Zak Evans,Gold Coast,zak_evans.png,https://www.goldcoastfc.com.au/players
Max Knobel,Gold Coast,max_knobel.png,https://www.goldcoastfc.com.au/players
Lachlan Gulbin,Gold Coast,lachlan_gulbin.png,https://www.goldcoastfc.com.au/players
Asher Eastham,Gold Coast,asher_eastham.png,https://www.goldcoastfc.com.au/players
Ben Jepson,Gold Coast,ben_jepson.png,https://www.goldcoastfc.com.au/players
Caleb Lewis,Gold Coast,caleb_lewis.png,https://www.goldcoastfc.com.au/players
Caleb Graham,Gold Coast,caleb_graham.png,https://www.goldcoastfc.com.au/players
Oscar Adams,Gold Coast,oscar_adams.png,https://www.goldcoastfc.com.au/players
Jy Farrar,Gold Coast,jy_farrar.png,https://www.goldcoastfc.com.au/players
Tom Green,Greater Western Sydney,tom_green.png,
Finn Callaghan,Greater Western Sydney,finn_callaghan.png,
Kieren Briggs,Greater Western Sydney,kieren_briggs.png,
Harry Himmelberg,Greater Western Sydney,harry_himmelberg.png,
Toby Greene,Greater Western Sydney,toby_greene.png,
Connor Idun,Greater Western Sydney,connor_idun.png,
Lachie Whitfield,Greater Western Sydney,lachie_whitfield.png,
Lachie Ash,Greater Western Sydney,lachie_ash.png,
Jack Buckley,Greater Western Sydney,jack_buckley.png,
Jesse Hogan,Greater Western Sydney,jesse_hogan.png,
Sam Taylor,Greater Western Sydney,sam_taylor.png,
Darcy Jones,Greater Western Sydney,darcy_jones.png,
Josh Kelly,Greater Western Sydney,josh_kelly.png,
Toby Bedford,Greater Western Sydney,toby_bedford.png,
Brent Daniels,Greater Western Sydney,brent_daniels.png,
Jake Stringer,Greater Western Sydney,jake_stringer.png,
Xavier O'Halloran,Greater Western Sydney,xavier_ohalloran.png,
Aaron Cadman,Greater Western Sydney,aaron_cadman.png,
Callum Brown,Greater Western Sydney,callum_brown.png,
Callan Ward,Greater Western Sydney,callan_ward.png,
Harvey Thomas,Greater Western Sydney,harvey_thomas.png,
Jake Riccardi,Greater Western Sydney,jake_riccardi.png,
Stephen Coniglio,Greater Western Sydney,stephen_coniglio.png,
Jacob Wehr,Greater Western Sydney,jacob_wehr.png,
Leek Aleer,Greater Western Sydney,leek_aleer.png,
Toby McMullin,Greater Western Sydney,toby_mcmullin.png,
Joe Fonti,Greater Western Sydney,joe_fonti.png,
Ryan Angwin,Greater Western Sydney,ryan_angwin.png,
Harry Rowston,Greater Western Sydney,harry_rowston.png,
Phoenix Gothard,Greater Western Sydney,phoenix_gothard.png,
Oliver Hannaford,Greater Western Sydney,oliver_hannaford.png,
Conor Stone,Greater Western Sydney,conor_stone.png,
Harrison Oliver,Greater Western Sydney,harrison_oliver.png,
Lachlan Keeffe,Greater Western Sydney,lachlan_keeffe.png,
Jack Ough,Greater Western Sydney,jack_ough.png,
Cody Angove,Greater Western Sydney,cody_angove.png,
James Leake,Greater Western Sydney,james_leake.png,
Josh Fahey,Greater Western Sydney,josh_fahey.png,
Max Gruzewski,Greater Western Sydney,max_gruzewski.png,
Logan Smith,Greater Western Sydney,logan_smith.png,
Josaia Delana,Greater Western Sydney,josaia_delana.png,
Nicholas Madden,Greater Western Sydney,nicholas_madden.png,
Nathan Wardius,Greater Western Sydney,nathan_wardius.png,
Wade Derksen,Greater Western Sydney,wade_derksen.png,
Jai Newcombe,Hawthorn,jai_newcombe.png,https://www.hawthornfc.com.au/players
Dylan Moore,Hawthorn,dylan_moore.png,https://www.hawthornfc.com.au/players
Lloyd Meek,Hawthorn,lloyd_meek.png,https://www.hawthornfc.com.au/players
James Worpel,Hawthorn,james_worpel.png,https://www.hawthornfc.com.au/players
Karl Amon,Hawthorn,karl_amon.png,https://www.hawthornfc.com.au/players
Massimo D'Ambrosio,Hawthorn,massimo_dambrosio.png,https://www.hawthornfc.com.au/players
James Sicily,Hawthorn,james_sicily.png,https://www.hawthornfc.com.au/players
Josh Weddle,Hawthorn,josh_weddle.png,https://www.hawthornfc.com.au/players
Blake Hardwick,Hawthorn,blake_hardwick.png,https://www.hawthornfc.com.au/players
Josh Battle,Hawthorn,josh_battle.png,https://www.hawthornfc.com.au/players
Jarman Impey,Hawthorn,jarman_impey.png,https://www.hawthornfc.com.au/players
Tom Barrass,Hawthorn,tom_barrass.png,https://www.hawthornfc.com.au/players
Conor Nash,Hawthorn,conor_nash.png,https://www.hawthornfc.com.au/players
Jack Ginnivan,Hawthorn,jack_ginnivan.png,https://www.hawthornfc.com.au/players
Nick Watson,Hawthorn,nick_watson.png,https://www.hawthornfc.com.au/players
Connor Macdonald,Hawthorn,connor_macdonald.png,https://www.hawthornfc.com.au/players
Jack Scrimshaw,Hawthorn,jack_scrimshaw.png,https://www.hawthornfc.com.au/players
Mabior Chol,Hawthorn,mabior_chol.png,https://www.hawthornfc.com.au/players
Jack Gunston,Hawthorn,jack_gunston.png,https://www.hawthornfc.com.au/players
Josh Ward,Hawthorn,josh_ward.png,https://www.hawthornfc.com.au/players
Harry Morrison,Hawthorn,harry_morrison.png,https://www.hawthornfc.com.au/players
Will Day,Hawthorn,will_day.png,https://www.hawthornfc.com.au/players
Cam Mackenzie,Hawthorn,cam_mackenzie.png,https://www.hawthornfc.com.au/players
Changkuoth Jiath,Hawthorn,changkuoth_jiath.png,https://www.hawthornfc.com.au/players
Sam Frost,Hawthorn,sam_frost.png,https://www.hawthornfc.com.au/players
Luke Breust,Hawthorn,luke_breust.png,https://www.hawthornfc.com.au/players
Calsher Dear,Hawthorn,calsher_dear.png,https://www.hawthornfc.com.au/players
Finn Maginness,Hawthorn,finn_maginness.png,https://www.hawthornfc.com.au/players
Mitch Lewis,Hawthorn,mitch_lewis.png,https://www.hawthornfc.com.au/players
Ned Reeves,Hawthorn,ned_reeves.png,https://www.hawthornfc.com.au/players
Noah Mraz,Hawthorn,noah_mraz.png,https://www.hawthornfc.com.au/players
Bodie Ryan,Hawthorn,bodie_ryan.png,https://www.hawthornfc.com.au/players
William McCabe,Hawthorn,william_mccabe.png,https://www.hawthornfc.com.au/players
Jai Serong,Hawthorn,jai_serong.png,https://www.hawthornfc.com.au/players
Sam Butler,Hawthorn,sam_butler.png,https://www.hawthornfc.com.au/players
Cody Anderson,Hawthorn,cody_anderson.png,https://www.hawthornfc.com.au/players
James Blanck,Hawthorn,james_blanck.png,https://www.hawthornfc.com.au/players
Max Ramsden,Hawthorn,max_ramsden.png,https://www.hawthornfc.com.au/players
Jasper Scaife,Hawthorn,jasper_scaife.png,https://www.hawthornfc.com.au/players
Seamus Mitchell,Hawthorn,seamus_mitchell.png,https://www.hawthornfc.com.au/players
Matt Hill,Hawthorn,matt_hill.png,https://www.hawthornfc.com.au/players
Bailey Macdonald,Hawthorn,bailey_macdonald.png,https://www.hawthornfc.com.au/players
Jaime Uhr-Henry,Hawthorn,jaime_uhr-henry.png,https://www.hawthornfc.com.au/players
Henry Hustwaite,Hawthorn,henry_hustwaite.png,https://www.hawthornfc.com.au/players
Max Gawn,Melbourne,max_gawn.png,https://www.melbournefc.com.au/players
Christian Petracca,Melbourne,christian_petracca.png,https://www.melbournefc.com.au/players
Kysaiah Pickett,Melbourne,kysaiah_pickett.png,https://www.melbournefc.com.au/players
Trent Rivers,Melbourne,trent_rivers.png,https://www.melbournefc.com.au/players
Clayton Oliver,Melbourne,clayton_oliver.png,https://www.melbournefc.com.au/players
Jack Viney,Melbourne,jack_viney.png,https://www.melbournefc.com.au/players
Kade Chandler,Melbourne,kade_chandler.png,https://www.melbournefc.com.au/players
Bayley Fritsch,Melbourne,bayley_fritsch.png,https://www.melbournefc.com.au/players
Tom McDonald,Melbourne,tom_mcdonald.png,https://www.melbournefc.com.au/players
Christian Salem,Melbourne,christian_salem.png,https://www.melbournefc.com.au/players
Ed Langdon,Melbourne,ed_langdon.png,https://www.melbournefc.com.au/players
Steven May,Melbourne,steven_may.png,https://www.melbournefc.com.au/players
Judd McVee,Melbourne,judd_mcvee.png,https://www.melbournefc.com.au/players
Tom Sparrow,Melbourne,tom_sparrow.png,https://www.melbournefc.com.au/players
Jake Bowey,Melbourne,jake_bowey.png,https://www.melbournefc.com.au/players
Daniel Turner,Melbourne,daniel_turner.png,https://www.melbournefc.com.au/players
Caleb Windsor,Melbourne,caleb_windsor.png,https://www.melbournefc.com.au/players
Jacob van Rooyen,Melbourne,jacob_van_rooyen.png,https://www.melbournefc.com.au/players
Jake Melksham,Melbourne,jake_melksham.png,https://www.melbournefc.com.au/players
Jake Lever,Melbourne,jake_lever.png,https://www.melbournefc.com.au/players
Harrison Petty,Melbourne,harrison_petty.png,https://www.melbournefc.com.au/players
Harvey Langford,Melbourne,harvey_langford.png,https://www.melbournefc.com.au/players
Blake Howes,Melbourne,blake_howes.png,https://www.melbournefc.com.au/players
Koltyn Tholstrup,Melbourne,koltyn_tholstrup.png,https://www.melbournefc.com.au/players
Jack Billings,Melbourne,jack_billings.png,https://www.melbournefc.com.au/players
Harry Sharp,Melbourne,harry_sharp.png,https://www.melbournefc.com.au/players
Xavier Lindsay,Melbourne,xavier_lindsay.png,https://www.melbournefc.com.au/players
Taj Woewodin,Melbourne,taj_woewodin.png,https://www.melbournefc.com.au/players
Jai Culley,Melbourne,jai_culley.png,https://www.melbournefc.com.au/players
Charlie Spargo,Melbourne,charlie_spargo.png,https://www.melbournefc.com.au/players
Bailey Laurie,Melbourne,bailey_laurie.png,https://www.melbournefc.com.au/players
Matthew Jefferson,Melbourne,matthew_jefferson.png,https://www.melbournefc.com.au/players
Shane McAdam,Melbourne,shane_mcadam.png,https://www.melbournefc.com.au/players
Jed Adams,Melbourne,jed_adams.png,https://www.melbournefc.com.au/players
Marty Hore,Melbourne,marty_hore.png,https://www.melbournefc.com.au/players
Will Verrall,Melbourne,will_verrall.png,https://www.melbournefc.com.au/players
Tom Campbell,Melbourne,tom_campbell.png,https://www.melbournefc.com.au/players
Tom Fullarton,Melbourne,tom_fullarton.png,https://www.melbournefc.com.au/players
Oliver Sestan,Melbourne,oliver_sestan.png,https://www.melbournefc.com.au/players
Ricky Mentha,Melbourne,ricky_mentha.png,https://www.melbournefc.com.au/players
Kynan Brown,Melbourne,kynan_brown.png,https://www.melbournefc.com.au/players
Aidan Johnson,Melbourne,aidan_johnson.png,https://www.melbournefc.com.au/players
Jack Henderson,Melbourne,jack_henderson.png,https://www.melbournefc.com.au/players
Luker Kentfield,Melbourne,luker_kentfield.png,https://www.melbournefc.com.au/players
Andy Moniz-Wakefield,Melbourne,andy_moniz-wakefield.png,https://www.melbournefc.com.au/players
Tristan Xerri,North Melbourne,tristan_xerri.png,https://www.nmfc.com.au/players
Luke Davies-Uniacke,North Melbourne,luke_davies-uniacke.png,https://www.nmfc.com.au/players
Harry Sheezel,North Melbourne,harry_sheezel.png,https://www.nmfc.com.au/players
Tom Powell,North Melbourne,tom_powell.png,https://www.nmfc.com.au/players
Jy Simpkin,North Melbourne,jy_simpkin.png,https://www.nmfc.com.au/players
Paul Curtis,North Melbourne,paul_curtis.png,https://www.nmfc.com.au/players
Cameron Zurhaar,North Melbourne,cameron_zurhaar.png,https://www.nmfc.com.au/players
George Wardlaw,North Melbourne,george_wardlaw.png,https://www.nmfc.com.au/players
Nick Larkey,North Melbourne,nick_larkey.png,https://www.nmfc.com.au/players
Luke Parker,North Melbourne,luke_parker.png,https://www.nmfc.com.au/players
Jack Darling,North Melbourne,jack_darling.png,https://www.nmfc.com.au/players
Colby McKercher,North Melbourne,colby_mckercher.png,https://www.nmfc.com.au/players
Caleb Daniel,North Melbourne,caleb_daniel.png,https://www.nmfc.com.au/players
Charlie Comben,North Melbourne,charlie_comben.png,https://www.nmfc.com.au/players
Luke McDonald,North Melbourne,luke_mcdonald.png,https://www.nmfc.com.au/players
Aidan Corr,North Melbourne,aidan_corr.png,https://www.nmfc.com.au/players
Dylan Stephens,North Melbourne,dylan_stephens.png,https://www.nmfc.com.au/players
Bailey Scott,North Melbourne,bailey_scott.png,https://www.nmfc.com.au/players
Darcy Tucker,North Melbourne,darcy_tucker.png,https://www.nmfc.com.au/players
Toby Pink,North Melbourne,toby_pink.png,https://www.nmfc.com.au/players
Zac Fisher,North Melbourne,zac_fisher.png,https://www.nmfc.com.au/players
Will Phillips,North Melbourne,will_phillips.png,https://www.nmfc.com.au/players
Griffin Logue,North Melbourne,griffin_logue.png,https://www.nmfc.com.au/players
Finn O'Sullivan,North Melbourne,finn_osullivan.png,https://www.nmfc.com.au/players
Riley Hardeman,North Melbourne,riley_hardeman.png,https://www.nmfc.com.au/players
Brynn Teakle,North Melbourne,brynn_teakle.png,https://www.nmfc.com.au/players
Eddie Ford,North Melbourne,eddie_ford.png,https://www.nmfc.com.au/players
Jacob Konstanty,North Melbourne,jacob_konstanty.png,https://www.nmfc.com.au/players
Zane Duursma,North Melbourne,zane_duursma.png,https://www.nmfc.com.au/players
Kallan Dawson,North Melbourne,kallan_dawson.png,https://www.nmfc.com.au/players
Robert Hansen Jr,North Melbourne,robert_hansen_jr.png,https://www.nmfc.com.au/players
Jackson Archer,North Melbourne,jackson_archer.png,https://www.nmfc.com.au/players
Luke Urquhart,North Melbourne,luke_urquhart.png,https://www.nmfc.com.au/players
Wil Dawson,North Melbourne,wil_dawson.png,https://www.nmfc.com.au/players
Callum Coleman-Jones,North Melbourne,callum_coleman-jones.png,https://www.nmfc.com.au/players
Taylor Goad,North Melbourne,taylor_goad.png,https://www.nmfc.com.au/players
Geordie Payne,North Melbourne,geordie_payne.png,https://www.nmfc.com.au/players
Miller Bergman,North Melbourne,miller_bergman.png,https://www.nmfc.com.au/players
Josh Goater,North Melbourne,josh_goater.png,https://www.nmfc.com.au/players
Brayden George,North Melbourne,brayden_george.png,https://www.nmfc.com.au/players
Matt Whitlock,North Melbourne,matt_whitlock.png,https://www.nmfc.com.au/players
River Stevens,North Melbourne,river_stevens.png,https://www.nmfc.com.au/players
Cooper Harvey,North Melbourne,cooper_harvey.png,https://www.nmfc.com.au/players
Finnbar Maley,North Melbourne,finnbar_maley.png,https://www.nmfc.com.au/players
Zac Banch,North Melbourne,zac_banch.png,https://www.nmfc.com.au/players
Cooper Trembath,North Melbourne,cooper_trembath.png,https://www.nmfc.com.au/players
Zak Butters,Port Adelaide,zak_butters.png,https://www.portadelaidefc.com.au/players
Willem Drew,Port Adelaide,willem_drew.png,https://www.portadelaidefc.com.au/players
Connor Rozee,Port Adelaide,connor_rozee.png,https://www.portadelaidefc.com.au/players
Ollie Wines,Port Adelaide,ollie_wines.png,https://www.portadelaidefc.com.au/players
Jason Horne-Francis,Port Adelaide,jason_horne-francis.png,https://www.portadelaidefc.com.au/players
Aliir Aliir,Port Adelaide,aliir_aliir.png,https://www.portadelaidefc.com.au/players
Miles Bergman,Port Adelaide,miles_bergman.png,https://www.portadelaidefc.com.au/players
Darcy Byrne-Jones,Port Adelaide,darcy_byrne-jones.png,https://www.portadelaidefc.com.au/players
Kane Farrell,Port Adelaide,kane_farrell.png,https://www.portadelaidefc.com.au/players
Jase Burgoyne,Port Adelaide,jase_burgoyne.png,https://www.portadelaidefc.com.au/players
Travis Boak,Port Adelaide,travis_boak.png,https://www.portadelaidefc.com.au/players
Jordon Sweet,Port Adelaide,jordon_sweet.png,https://www.portadelaidefc.com.au/players
Jackson Mead,Port Adelaide,jackson_mead.png,https://www.portadelaidefc.com.au/players
Willie Rioli,Port Adelaide,willie_rioli.png,https://www.portadelaidefc.com.au/players
Mitch Georgiades,Port Adelaide,mitch_georgiades.png,https://www.portadelaidefc.com.au/players
Lachie Jones,Port Adelaide,lachie_jones.png,https://www.portadelaidefc.com.au/players
Esava Ratugolea,Port Adelaide,esava_ratugolea.png,https://www.portadelaidefc.com.au/players
Brandon Zerk-Thatcher,Port Adelaide,brandon_zerk-thatcher.png,https://www.portadelaidefc.com.au/players
Joe Richards,Port Adelaide,joe_richards.png,https://www.portadelaidefc.com.au/players
Jack Lukosius,Port Adelaide,jack_lukosius.png,https://www.portadelaidefc.com.au/players
Ryan Burton,Port Adelaide,ryan_burton.png,https://www.portadelaidefc.com.au/players
Logan Evans,Port Adelaide,logan_evans.png,https://www.portadelaidefc.com.au/players
Sam Powell-Pepper,Port Adelaide,sam_powell-pepper.png,https://www.portadelaidefc.com.au/players
Josh Sinn,Port Adelaide,josh_sinn.png,https://www.portadelaidefc.com.au/players
Jeremy Finlayson,Port Adelaide,jeremy_finlayson.png,https://www.portadelaidefc.com.au/players
Todd Marshall,Port Adelaide,todd_marshall.png,https://www.portadelaidefc.com.au/players
Ivan Soldo,Port Adelaide,ivan_soldo.png,https://www.portadelaidefc.com.au/players
Jed McEntee,Port Adelaide,jed_mcentee.png,https://www.portadelaidefc.com.au/players
Ollie Lord,Port Adelaide,ollie_lord.png,https://www.portadelaidefc.com.au/players
Christian Moraes,Port Adelaide,christian_moraes.png,https://www.portadelaidefc.com.au/players
Dante Visentini,Port Adelaide,dante_visentini.png,https://www.portadelaidefc.com.au/players
Hugh Jackson,Port Adelaide,hugh_jackson.png,https://www.portadelaidefc.com.au/players
Joe Berry,Port Adelaide,joe_berry.png,https://www.portadelaidefc.com.au/players
Jack Whitlock,Port Adelaide,jack_whitlock.png,https://www.portadelaidefc.com.au/players
Dylan Williams,Port Adelaide,dylan_williams.png,https://www.portadelaidefc.com.au/players
Lachlan Charleson,Port Adelaide,lachlan_charleson.png,https://www.portadelaidefc.com.au/players
Tom Anastasopoulos,Port Adelaide,tom_anastasopoulos.png,https://www.portadelaidefc.com.au/players
Rory Atkins,Port Adelaide,rory_atkins.png,https://www.portadelaidefc.com.au/players
Will Lorenz,Port Adelaide,will_lorenz.png,https://www.portadelaidefc.com.au/players
Tom Cochrane,Port Adelaide,tom_cochrane.png,https://www.portadelaidefc.com.au/players
Benny Barrett,Port Adelaide,benny_barrett.png,https://www.portadelaidefc.com.au/players
Jacob Moss,Port Adelaide,jacob_moss.png,https://www.portadelaidefc.com.au/players
Josh Lai,Port Adelaide,josh_lai.png,https://www.portadelaidefc.com.au/players
Xavier Walsh,Port Adelaide,xavier_walsh.png,https://www.portadelaidefc.com.au/players
Harrison Ramm,Port Adelaide,harrison_ramm.png,https://www.portadelaidefc.com.au/players
Ewan Mackinlay,Port Adelaide,ewan_mackinlay.png,https://www.portadelaidefc.com.au/players
Mani Liddy,Port Adelaide,mani_liddy.png,https://www.portadelaidefc.com.au/players
Toby Nankervis,Richmond,toby_nankervis.png,https://www.richmondfc.com.au/players
Nick Vlastuin,Richmond,nick_vlastuin.png,https://www.richmondfc.com.au/players
Tim Taranto,Richmond,tim_taranto.png,https://www.richmondfc.com.au/players
Ben Miller,Richmond,ben_miller.png,https://www.richmondfc.com.au/players
Seth Campbell,Richmond,seth_campbell.png,https://www.richmondfc.com.au/players
Jacob Hopper,Richmond,jacob_hopper.png,https://www.richmondfc.com.au/players
Nathan Broad,Richmond,nathan_broad.png,https://www.richmondfc.com.au/players
Rhyan Mansell,Richmond,rhyan_mansell.png,https://www.richmondfc.com.au/players
Tom Brown,Richmond,tom_brown.png,https://www.richmondfc.com.au/players
Jayden Short,Richmond,jayden_short.png,https://www.richmondfc.com.au/players
Jack Ross,Richmond,jack_ross.png,https://www.richmondfc.com.au/players
Dion Prestia,Richmond,dion_prestia.png,https://www.richmondfc.com.au/players
Sam Banks,Richmond,sam_banks.png,https://www.richmondfc.com.au/players
Kamdyn McIntosh,Richmond,kamdyn_mcintosh.png,https://www.richmondfc.com.au/players
Noah Balta,Richmond,noah_balta.png,https://www.richmondfc.com.au/players
Hugo Ralphsmith,Richmond,hugo_ralphsmith.png,https://www.richmondfc.com.au/players
Thomson Dow,Richmond,thomson_dow.png,https://www.richmondfc.com.au/players
James Trezise,Richmond,james_trezise.png,https://www.richmondfc.com.au/players
Maurice Rioli,Richmond,maurice_rioli.png,https://www.richmondfc.com.au/players
Tyler Sonsie,Richmond,tyler_sonsie.png,https://www.richmondfc.com.au/players
Steely Green,Richmond,steely_green.png,https://www.richmondfc.com.au/players
Tom Lynch,Richmond,tom_lynch.png,https://www.richmondfc.com.au/players
Tylar Young,Richmond,tylar_young.png,https://www.richmondfc.com.au/players
Sam Lalor,Richmond,sam_lalor.png,https://www.richmondfc.com.au/players
Kane McAuliffe,Richmond,kane_mcauliffe.png,https://www.richmondfc.com.au/players
Luke Trainor,Richmond,luke_trainor.png,https://www.richmondfc.com.au/players
Jacob Koschitzke,Richmond,jacob_koschitzke.png,https://www.richmondfc.com.au/players
Jacob Blight,Richmond,jacob_blight.png,https://www.richmondfc.com.au/players
Mykelti Lefau,Richmond,mykelti_lefau.png,https://www.richmondfc.com.au/players
Taj Hotton,Richmond,taj_hotton.png,https://www.richmondfc.com.au/players
Kaleb Smith,Richmond,kaleb_smith.png,https://www.richmondfc.com.au/players
Jonty Faull,Richmond,jonty_faull.png,https://www.richmondfc.com.au/players
Thomas Sims,Richmond,thomas_sims.png,https://www.richmondfc.com.au/players
Samson Ryan,Richmond,samson_ryan.png,https://www.richmondfc.com.au/players
Josh Smillie,Richmond,josh_smillie.png,https://www.richmondfc.com.au/players
Josh Gibcus,Richmond,josh_gibcus.png,https://www.richmondfc.com.au/players
Judson Clarke,Richmond,judson_clarke.png,https://www.richmondfc.com.au/players
Jasper Alger,Richmond,jasper_alger.png,https://www.richmondfc.com.au/players
Harry Armstrong,Richmond,harry_armstrong.png,https://www.richmondfc.com.au/players
Liam Fawcett,Richmond,liam_fawcett.png,https://www.richmondfc.com.au/players
Mate Colina,Richmond,mate_colina.png,https://www.richmondfc.com.au/players
Jacob Bauer,Richmond,jacob_bauer.png,https://www.richmondfc.com.au/players
Oliver Hayes-Brown,Richmond,oliver_hayes-brown.png,https://www.richmondfc.com.au/players
Campbell Gray,Richmond,campbell_gray.png,https://www.richmondfc.com.au/players
Jack Sinclair,St Kilda,jack_sinclair.png,https://www.saints.com.au/players
Nasiah Wanganeen-Milera,St Kilda,nasiah_wanganeen-milera.png,https://www.saints.com.au/players
Rowan Marshall,St Kilda,rowan_marshall.png,https://www.saints.com.au/players
Jack Steele,St Kilda,jack_steele.png,https://www.saints.com.au/players
Callum Wilkie,St Kilda,callum_wilkie.png,https://www.saints.com.au/players
Jack Macrae,St Kilda,jack_macrae.png,https://www.saints.com.au/players
Jack Higgins,St Kilda,jack_higgins.png,https://www.saints.com.au/players
Bradley Hill,St Kilda,bradley_hill.png,https://www.saints.com.au/players
Mitch Owens,St Kilda,mitch_owens.png,https://www.saints.com.au/players
Mason Wood,St Kilda,mason_wood.png,https://www.saints.com.au/players
Cooper Sharman,St Kilda,cooper_sharman.png,https://www.saints.com.au/players
Marcus Windhager,St Kilda,marcus_windhager.png,https://www.saints.com.au/players
Darcy Wilson,St Kilda,darcy_wilson.png,https://www.saints.com.au/players
Max Hall,St Kilda,max_hall.png,https://www.saints.com.au/players
Anthony Caminiti,St Kilda,anthony_caminiti.png,https://www.saints.com.au/players
Ryan Byrnes,St Kilda,ryan_byrnes.png,https://www.saints.com.au/players
Hunter Clark,St Kilda,hunter_clark.png,https://www.saints.com.au/players
Zak Jones,St Kilda,zak_jones.png,https://www.saints.com.au/players
Liam Stocker,St Kilda,liam_stocker.png,https://www.saints.com.au/players
Hugo Garcia,St Kilda,hugo_garcia.png,https://www.saints.com.au/players
Jimmy Webster,St Kilda,jimmy_webster.png,https://www.saints.com.au/players
Liam Henry,St Kilda,liam_henry.png,https://www.saints.com.au/players
Mattaes Phillipou,St Kilda,mattaes_phillipou.png,https://www.saints.com.au/players
Dougal Howard,St Kilda,dougal_howard.png,https://www.saints.com.au/players
Jack Carroll,St Kilda,jack_carroll.png,https://www.saints.com.au/players
Dan Butler,St Kilda,dan_butler.png,https://www.saints.com.au/players
Paddy Dow,St Kilda,paddy_dow.png,https://www.saints.com.au/players
Max King,St Kilda,max_king.png,https://www.saints.com.au/players
Hugh Boxshall,St Kilda,hugh_boxshall.png,https://www.saints.com.au/players
Zaine Cordy,St Kilda,zaine_cordy.png,https://www.saints.com.au/players
Isaac Keeler,St Kilda,isaac_keeler.png,https://www.saints.com.au/players
Lance Collard,St Kilda,lance_collard.png,https://www.saints.com.au/players
Alixzander Tauru,St Kilda,alixzander_tauru.png,https://www.saints.com.au/players
Tobie Travaglia,St Kilda,tobie_travaglia.png,https://www.saints.com.au/players
Angus Hastie,St Kilda,angus_hastie.png,https://www.saints.com.au/players
Arie Schoenmaker,St Kilda,arie_schoenmaker.png,https://www.saints.com.au/players
James Barrat,St Kilda,james_barrat.png,https://www.saints.com.au/players
Alex Dodson,St Kilda,alex_dodson.png,https://www.saints.com.au/players
Harry Boyd,St Kilda,harry_boyd.png,https://www.saints.com.au/players
Patrick Said,St Kilda,patrick_said.png,https://www.saints.com.au/players
Angus McLennan,St Kilda,angus_mclennan.png,https://www.saints.com.au/players
Max Heath,St Kilda,max_heath.png,https://www.saints.com.au/players
Liam O'Connell,St Kilda,liam_oconnell.png,https://www.saints.com.au/players
Eamonn Armstrong,St Kilda,eamonn_armstrong.png,https://www.saints.com.au/players
Isaac Heeney,Sydney,isaac_heeney.png,https://www.sydneyswans.com.au/players
Chad Warner,Sydney,chad_warner.png,https://www.sydneyswans.com.au/players
Nick Blakey,Sydney,nick_blakey.png,https://www.sydneyswans.com.au/players
Brodie Grundy,Sydney,brodie_grundy.png,https://www.sydneyswans.com.au/players
James Rowbottom,Sydney,james_rowbottom.png,https://www.sydneyswans.com.au/players
Errol Gulden,Sydney,errol_gulden.png,https://www.sydneyswans.com.au/players
Jake Lloyd,Sydney,jake_lloyd.png,https://www.sydneyswans.com.au/players
Will Hayward,Sydney,will_hayward.png,https://www.sydneyswans.com.au/players
Oliver Florent,Sydney,oliver_florent.png,https://www.sydneyswans.com.au/players
Justin McInerney,Sydney,justin_mcinerney.png,https://www.sydneyswans.com.au/players
James Jordon,Sydney,james_jordon.png,https://www.sydneyswans.com.au/players
Tom McCartin,Sydney,tom_mccartin.png,https://www.sydneyswans.com.au/players
Matt Roberts,Sydney,matt_roberts.png,https://www.sydneyswans.com.au/players
Hayden McLean,Sydney,hayden_mclean.png,https://www.sydneyswans.com.au/players
Lewis Melican,Sydney,lewis_melican.png,https://www.sydneyswans.com.au/players
Tom Papley,Sydney,tom_papley.png,https://www.sydneyswans.com.au/players
Braeden Campbell,Sydney,braeden_campbell.png,https://www.sydneyswans.com.au/players
Dane Rampe,Sydney,dane_rampe.png,https://www.sydneyswans.com.au/players
Sam Wicks,Sydney,sam_wicks.png,https://www.sydneyswans.com.au/players
Callum Mills,Sydney,callum_mills.png,https://www.sydneyswans.com.au/players
Angus Sheldrick,Sydney,angus_sheldrick.png,https://www.sydneyswans.com.au/players
Logan McDonald,Sydney,logan_mcdonald.png,https://www.sydneyswans.com.au/players
Taylor Adams,Sydney,taylor_adams.png,https://www.sydneyswans.com.au/players
Joel Amartey,Sydney,joel_amartey.png,https://www.sydneyswans.com.au/players
Harry Cunningham,Sydney,harry_cunningham.png,https://www.sydneyswans.com.au/players
Riley Bice,Sydney,riley_bice.png,https://www.sydneyswans.com.au/players
Corey Warner,Sydney,corey_warner.png,https://www.sydneyswans.com.au/players
Robbie Fox,Sydney,robbie_fox.png,https://www.sydneyswans.com.au/players
Aaron Francis,Sydney,aaron_francis.png,https://www.sydneyswans.com.au/players
Joel Hamling,Sydney,joel_hamling.png,https://www.sydneyswans.com.au/players
Caiden Cleary,Sydney,caiden_cleary.png,https://www.sydneyswans.com.au/players
Peter Ladhams,Sydney,peter_ladhams.png,https://www.sydneyswans.com.au/players
Jesse Dattoli,Sydney,jesse_dattoli.png,https://www.sydneyswans.com.au/players
Riak Andrew,Sydney,riak_andrew.png,https://www.sydneyswans.com.au/players
Ned Bowman,Sydney,ned_bowman.png,https://www.sydneyswans.com.au/players
Ben Paton,Sydney,ben_paton.png,https://www.sydneyswans.com.au/players
William Edwards,Sydney,william_edwards.png,https://www.sydneyswans.com.au/players
Indhi Kirk,Sydney,indhi_kirk.png,https://www.sydneyswans.com.au/players
Blake Leidler,Sydney,blake_leidler.png,https://www.sydneyswans.com.au/players
Caleb Mitchell,Sydney,caleb_mitchell.png,https://www.sydneyswans.com.au/players
Jack Buller,Sydney,jack_buller.png,https://www.sydneyswans.com.au/players
Tom Hanily,Sydney,tom_hanily.png,https://www.sydneyswans.com.au/players
Patrick Snell,Sydney,patrick_snell.png,https://www.sydneyswans.com.au/players
William Green,Sydney,william_green.png,https://www.sydneyswans.com.au/players
Liam Baker,West Coast,liam_baker.png,https://www.westcoasteagles.com.au/players
Tim Kelly,West Coast,tim_kelly.png,https://www.westcoasteagles.com.au/players
Reuben Ginbey,West Coast,reuben_ginbey.png,https://www.westcoasteagles.com.au/players
Harley Reid,West Coast,harley_reid.png,https://www.westcoasteagles.com.au/players
Jamie Cripps,West Coast,jamie_cripps.png,https://www.westcoasteagles.com.au/players
Liam Duggan,West Coast,liam_duggan.png,https://www.westcoasteagles.com.au/players
Jack Graham,West Coast,jack_graham.png,https://www.westcoasteagles.com.au/players
Tom Cole,West Coast,tom_cole.png,https://www.westcoasteagles.com.au/players
Jeremy McGovern,West Coast,jeremy_mcgovern.png,https://www.westcoasteagles.com.au/players
Liam Ryan,West Coast,liam_ryan.png,https://www.westcoasteagles.com.au/players
Brady Hough,West Coast,brady_hough.png,https://www.westcoasteagles.com.au/players
Bailey J. Williams,West Coast,bailey_j_williams.png,https://www.westcoasteagles.com.au/players
Jayden Hunt,West Coast,jayden_hunt.png,https://www.westcoasteagles.com.au/players
Elliot Yeo,West Coast,elliot_yeo.png,https://www.westcoasteagles.com.au/players
Jake Waterman,West Coast,jake_waterman.png,https://www.westcoasteagles.com.au/players
Ryan Maric,West Coast,ryan_maric.png,https://www.westcoasteagles.com.au/players
Matthew Owies,West Coast,matthew_owies.png,https://www.westcoasteagles.com.au/players
Harry Edwards,West Coast,harry_edwards.png,https://www.westcoasteagles.com.au/players
Tyler Brockman,West Coast,tyler_brockman.png,https://www.westcoasteagles.com.au/players
Matt Flynn,West Coast,matt_flynn.png,https://www.westcoasteagles.com.au/players
Jack Williams,West Coast,jack_williams.png,https://www.westcoasteagles.com.au/players
Oscar Allen,West Coast,oscar_allen.png,https://www.westcoasteagles.com.au/players
Elijah Hewett,West Coast,elijah_hewett.png,https://www.westcoasteagles.com.au/players
Campbell Chesser,West Coast,campbell_chesser.png,https://www.westcoasteagles.com.au/players
Tyrell Dewar,West Coast,tyrell_dewar.png,https://www.westcoasteagles.com.au/players
Sandy Brock,West Coast,sandy_brock.png,https://www.westcoasteagles.com.au/players
Jack Hutchinson,West Coast,jack_hutchinson.png,https://www.westcoasteagles.com.au/players
Jack Petruccelle,West Coast,jack_petruccelle.png,https://www.westcoasteagles.com.au/players
Clay Hall,West Coast,clay_hall.png,https://www.westcoasteagles.com.au/players
Tom McCarthy,West Coast,tom_mccarthy.png,https://www.westcoasteagles.com.au/players
Archer Reid,West Coast,archer_reid.png,https://www.westcoasteagles.com.au/players
Noah Long,West Coast,noah_long.png,https://www.westcoasteagles.com.au/players
Hamish Davis,West Coast,hamish_davis.png,https://www.westcoasteagles.com.au/players
Jobe Shanahan,West Coast,jobe_shanahan.png,https://www.westcoasteagles.com.au/players
Dom Sheed,West Coast,dom_sheed.png,https://www.westcoasteagles.com.au/players
Harvey Johnston,West Coast,harvey_johnston.png,https://www.westcoasteagles.com.au/players
Bo Allan,West Coast,bo_allan.png,https://www.westcoasteagles.com.au/players
Tom Gross,West Coast,tom_gross.png,https://www.westcoasteagles.com.au/players
Harry Barnett,West Coast,harry_barnett.png,https://www.westcoasteagles.com.au/players
Lucca Grego,West Coast,lucca_grego.png,https://www.westcoasteagles.com.au/players
Rhett Bazzo,West Coast,rhett_bazzo.png,https://www.westcoasteagles.com.au/players
Loch Rawlinson,West Coast,loch_rawlinson.png,https://www.westcoasteagles.com.au/players
Malakai Champion,West Coast,malakai_champion.png,https://www.westcoasteagles.com.au/players
Coen Livingstone,West Coast,coen_livingstone.png,https://www.westcoasteagles.com.au/players
Callum Jamieson,West Coast,callum_jamieson.png,https://www.westcoasteagles.com.au/players
Jacob Newton,West Coast,jacob_newton.png,https://www.westcoasteagles.com.au/players
Marcus Bontempelli,Western Bulldogs,marcus_bontempelli.png,https://www.westernbulldogs.com.au/players
Ed Richards,Western Bulldogs,ed_richards.png,https://www.westernbulldogs.com.au/players
Bailey Dale,Western Bulldogs,bailey_dale.png,https://www.westernbulldogs.com.au/players
Tom Liberatore,Western Bulldogs,tom_liberatore.png,https://www.westernbulldogs.com.au/players
Tim English,Western Bulldogs,tim_english.png,https://www.westernbulldogs.com.au/players
Matthew Kennedy,Western Bulldogs,matthew_kennedy.png,https://www.westernbulldogs.com.au/players
Sam Darcy,Western Bulldogs,sam_darcy.png,https://www.westernbulldogs.com.au/players
Bailey Williams,Western Bulldogs,bailey_williams.png,https://www.westernbulldogs.com.au/players
Aaron Naughton,Western Bulldogs,aaron_naughton.png,https://www.westernbulldogs.com.au/players
Rhylee West,Western Bulldogs,rhylee_west.png,https://www.westernbulldogs.com.au/players
Adam Treloar,Western Bulldogs,adam_treloar.png,https://www.westernbulldogs.com.au/players
Joel Freijah,Western Bulldogs,joel_freijah.png,https://www.westernbulldogs.com.au/players
Rory Lobb,Western Bulldogs,rory_lobb.png,https://www.westernbulldogs.com.au/players
Lachlan Bramble,Western Bulldogs,lachlan_bramble.png,https://www.westernbulldogs.com.au/players
Ryley Sanders,Western Bulldogs,ryley_sanders.png,https://www.westernbulldogs.com.au/players
Laitham Vandermeer,Western Bulldogs,laitham_vandermeer.png,https://www.westernbulldogs.com.au/players
James O'Donnell,Western Bulldogs,james_odonnell.png,https://www.westernbulldogs.com.au/players
Liam Jones,Western Bulldogs,liam_jones.png,https://www.westernbulldogs.com.au/players
Lachlan McNeil,Western Bulldogs,lachlan_mcneil.png,https://www.westernbulldogs.com.au/players
Buku Khamis,Western Bulldogs,buku_khamis.png,https://www.westernbulldogs.com.au/players
James Harmes,Western Bulldogs,james_harmes.png,https://www.westernbulldogs.com.au/players
Jason Johannisen,Western Bulldogs,jason_johannisen.png,https://www.westernbulldogs.com.au/players
Sam Davidson,Western Bulldogs,sam_davidson.png,https://www.westernbulldogs.com.au/players
Riley Garcia,Western Bulldogs,riley_garcia.png,https://www.westernbulldogs.com.au/players
Taylor Duryea,Western Bulldogs,taylor_duryea.png,https://www.westernbulldogs.com.au/players
Jamarra Ugle-Hagan,Western Bulldogs,jamarra_ugle-hagan.png,https://www.westernbulldogs.com.au/players
Cody Weightman,Western Bulldogs,cody_weightman.png,https://www.westernbulldogs.com.au/players
Luke Cleary,Western Bulldogs,luke_cleary.png,https://www.westernbulldogs.com.au/players
Harvey Gallagher,Western Bulldogs,harvey_gallagher.png,https://www.westernbulldogs.com.au/players
Oskar Baker,Western Bulldogs,oskar_baker.png,https://www.westernbulldogs.com.au/players
Caleb Poulter,Western Bulldogs,caleb_poulter.png,https://www.westernbulldogs.com.au/players
Jedd Busslinger,Western Bulldogs,jedd_busslinger.png,https://www.westernbulldogs.com.au/players
Cooper Hynes,Western Bulldogs,cooper_hynes.png,https://www.westernbulldogs.com.au/players
Lachie Jaques,Western Bulldogs,lachie_jaques.png,https://www.westernbulldogs.com.au/players
Jordan Croft,Western Bulldogs,jordan_croft.png,https://www.westernbulldogs.com.au/players
Nick Coffield,Western Bulldogs,nick_coffield.png,https://www.westernbulldogs.com.au/players
Josh Dolan,Western Bulldogs,josh_dolan.png,https://www.westernbulldogs.com.au/players
Anthony Scott,Western Bulldogs,anthony_scott.png,https://www.westernbulldogs.com.au/players
Arthur Jones,Western Bulldogs,arthur_jones.png,https://www.westernbulldogs.com.au/players
Luke Kennedy,Western Bulldogs,luke_kennedy.png,https://www.westernbulldogs.com.au/players
Michael Sellwood,Western Bulldogs,michael_sellwood.png,https://www.westernbulldogs.com.au/players
Lachlan Smith,Western Bulldogs,lachlan_smith.png,https://www.westernbulldogs.com.au/players
Zac Walker,Western Bulldogs,zac_walker.png,https://www.westernbulldogs.com.au/players
Ryan Gardner,Western Bulldogs,ryan_gardner.png,https://www.westernbulldogs.com.au/players
