Player,Team,Overall_Rating,data_provider_id,Athleticism_Rating,Kicking_Rating,Marking_Rating,Handballing_Rating,Tackling & Pressure_Rating,Hit-Ups & Groundball_Rating,Ruck_Rating
Callum Ah Chee,Adelaide,1.85,C.Ah Chee 9/10/1997,,,,,,,
Sam Berry,Adelaide,2.84,S.Berry 12/2/2002,,,,,,,
Hugh Bond,Adelaide,2.4,H.Bond 25/9/2004,,,,,,,
James Borlase,Adelaide,1.79,J.Borlase 18/7/2002,,,,,,,
Jordon Butts,Adelaide,2.74,J.Butts 31/12/1999,,,,,,,
Brayden Cook,Adelaide,2.89,B.Cook 18/7/2002,,,,,,,
Indy Cotton,Adelaide,,,,,,,,,
Isaac Cumming,Adelaide,2.26,I.Cumming 11/8/1998,,,,,,,
Daniel Curtin,Adelaide,2.86,D.Curtin 8/3/2005,,,,,,,
Jordan Dawson,Adelaide,2.75,J.Dawson 9/4/1997,,,,,,,
Billy Dowling,Adelaide,2.84,B.Dowling 1/7/2004,,,,,,,
Sid Draper,Adelaide,1.38,S.Draper 5/7/2006,,,,,,,
Charlie Edwards,Adelaide,2.99,C.Edwards 18/5/2005,,,,,,,
Darcy Fogarty,Adelaide,2.11,D.Fogarty 25/9/1999,,,,,,,
Mitchell Hinge,Adelaide,2.43,M.Hinge 28/6/1998,,,,,,,
Chayce Jones,Adelaide,2.25,C.Jones 14/1/2000,,,,,,,
Mark Keane,Adelaide,2.67,M.Keane 17/3/2000,,,,,,,
Ben Keays,Adelaide,2.3,B.Keays 23/2/1997,,,,,,,
Rory Laird,Adelaide,2.57,R.Laird 29/12/1993,,,,,,,
Archie Ludowyke,Adelaide,,,,,,,,,
Finnbar Maley,Adelaide,2.21,F.Maley 18/7/2003,,,,,,,
Mitchell Marsh,Adelaide,,,,,,,,,
Lachlan McAndrew,Adelaide,2.67,L.McAndrew 26/5/2000,,,,,,,
Max Michalanney,Adelaide,2.41,M.Michalanney 26/2/2004,,,,,,,
Wayne Milera,Adelaide,2.59,W.Milera 14/9/1997,,,,,,,
Nick Murray,Adelaide,2.94,N.Murray 18/12/2000,,,,,,,
Toby Murray,Adelaide,2.43,T.Murray 3/11/2003,,,,,,,
Luke Nankervis,Adelaide,2.1,L.Nankervis 25/5/2003,,,,,,,
Alex Neal-Bullen,Adelaide,2.62,A.Neal-Bullen 9/1/1996,,,,,,,
Reilly O'Brien,Adelaide,2.73,R.O'Brien 20/8/1995,,,,,,,
James Peatling,Adelaide,2.28,J.Peatling 21/8/2000,,,,,,,
Luke Pedlar,Adelaide,1.81,L.Pedlar 17/5/2002,,,,,,,
Josh Rachele,Adelaide,2.53,J.Rachele 11/4/2003,,,,,,,
Izak Rankine,Adelaide,2.45,I.Rankine 23/4/2000,,,,,,,
Oscar Ryan,Adelaide,2.43,O.Ryan 15/5/2005,,,,,,,
Lachlan Sholl,Adelaide,2.14,L.Sholl 7/3/2000,,,,,,,
Jake Soligo,Adelaide,2.35,J.Soligo 25/1/2003,,,,,,,
Zac Taylor,Adelaide,2.27,Z.Taylor 31/1/2003,,,,,,,
Riley Thilthorpe,Adelaide,3.06,R.Thilthorpe 7/7/2002,,,,,,,
Taylor Walker,Adelaide,2.73,T.Walker 25/4/1990,,,,,,,
Tyler Welsh,Adelaide,1.84,T.Welsh 15/8/2006,,,,,,,
Josh Worrell,Adelaide,2.89,J.Worrell 11/4/2001,,,,,,,
Oscar Allen,Brisbane,2.25,O.Allen 19/3/1999,,,,,,,
Harris Andrews,Brisbane,3.36,H.Andrews 11/12/1996,,,,,,,
Daniel Annable,Brisbane,,,,,,,,,
Noah Answerth,Brisbane,1.92,N.Answerth 6/8/1999,,,,,,,
Levi Ashcroft,Brisbane,2.6,L.Ashcroft 18/12/2006,,,,,,,
Will Ashcroft,Brisbane,2.74,W.Ashcroft 6/5/2004,,,,,,,
Zac Bailey,Brisbane,2.5,Z.Bailey 23/9/1999,,,,,,,
Luke Beecken,Brisbane,2.7,L.Beecken 18/4/2001,,,,,,,
Jarrod Berry,Brisbane,2.88,J.Berry 5/2/1998,,,,,,,
Shadeau Brain,Brisbane,2.79,S.Brain 13/2/2004,,,,,,,
Charlie Cameron,Brisbane,2.83,C.Cameron 5/7/1994,,,,,,,
Keidean Coleman,Brisbane,2.35,K.Coleman 31/3/2000,,,,,,,
Cody Curtin,Brisbane,,,,,,,,,
Tom Doedee,Brisbane,2.43,T.Doedee 1/3/1997,,,,,,,
Sam Draper,Brisbane,2.16,S.Draper 28/9/1998,,,,,,,
Josh Dunkley,Brisbane,2.58,J.Dunkley 9/1/1997,,,,,,,
Koby Evans,Brisbane,,,,,,,,,
Jaspa Fletcher,Brisbane,2.59,J.Fletcher 24/2/2004,,,,,,,
Darcy Fort,Brisbane,2.75,D.Fort 6/8/1993,,,,,,,
Ty Gallop,Brisbane,1.96,T.Gallop 9/2/2006,,,,,,,
Darcy Gardiner,Brisbane,2.33,D.Gardiner 22/9/1995,,,,,,,
Tai Hayes,Brisbane,2.38,T.Hayes 18/11/2004,,,,,,,
Eric Hipwood,Brisbane,2.51,E.Hipwood 13/9/1997,,,,,,,
Darragh Joyce,Brisbane,2.4,D.Joyce 23/4/1997,,,,,,,
Ryan Lester,Brisbane,2.92,R.Lester 26/8/1992,,,,,,,
Luke Lloyd,Brisbane,2.5,L.Lloyd 8/8/2005,,,,,,,
Kai Lohmann,Brisbane,2.93,K.Lohmann 6/5/2003,,,,,,,
Sam Marshall,Brisbane,1.77,S.Marshall 19/1/2006,,,,,,,
Lincoln McCarthy,Brisbane,2.63,L.McCarthy 22/10/1993,,,,,,,
Hugh McCluggage,Brisbane,3.0,H.McCluggage 3/3/1998,,,,,,,
Conor McKenna,Brisbane,1.59,C.McKenna 28/3/1996,,,,,,,
Will McLachlan,Brisbane,2.07,W.McLachlan 13/4/2005,,,,,,,
Logan Morris,Brisbane,2.54,L.Morris 10/5/2005,,,,,,,
Ben Murphy,Brisbane,,,,,,,,,
Lachie Neale,Brisbane,2.85,L.Neale 24/5/1993,,,,,,,
Jack Payne,Brisbane,2.79,J.Payne 15/10/1999,,,,,,,
Cameron Rayner,Brisbane,2.92,C.Rayner 21/10/1999,,,,,,,
Bruce Reville,Brisbane,2.81,B.Reville 22/2/2001,,,,,,,
Henry Smith,Brisbane,2.24,H.Smith 24/9/2002,,,,,,,
Reece Torrent,Brisbane,2.49,R.Torrent 3/8/2005,,,,,,,
James Tunstill,Brisbane,2.18,J.Tunstill 18/7/2003,,,,,,,
Darcy Wilmot,Brisbane,2.64,D.Wilmot 31/12/2003,,,,,,,
Zane Zakostelsky,Brisbane,2.07,Z.Zakostelsky 14/12/2005,,,,,,,
Dayne Zorko,Brisbane,2.85,D.Zorko 9/2/1989,,,,,,,
Blake Acres,Carlton,2.65,B.Acres 7/10/1995,,,,,,,
Ben Ainsworth,Carlton,2.53,B.Ainsworth 10/2/1998,,,,,,,
Jordan Boyd,Carlton,2.44,J.Boyd 22/9/1998,,,,,,,
Talor Byrne,Carlton,,,,,,,,,
Ben Camporeale,Carlton,2.64,B.Camporeale 21/7/2006,,,,,,,
Lucas Camporeale,Carlton,2.13,L.Camporeale 21/7/2006,,,,,,,
Matt Carroll,Carlton,2.56,M.Carroll 28/11/2005,,,,,,,
Adam Cerra,Carlton,2.78,A.Cerra 7/10/1999,,,,,,,
Harry Charleson,Carlton,2.36,H.Charleson 26/6/2006,,,,,,,
Campbell Chesser,Carlton,2.15,C.Chesser 27/4/2003,,,,,,,
Matt Cottrell,Carlton,2.27,M.Cottrell 29/2/2000,,,,,,,
Lachlan Cowan,Carlton,2.14,L.Cowan 1/12/2004,,,,,,,
Patrick Cripps,Carlton,2.9,P.Cripps 18/3/1995,,,,,,,
Harry Dean,Carlton,,,,,,,,,
Wade Derksen,Carlton,3.59,W.Derksen 18/6/2001,,,,,,,
Matt Duffy,Carlton,1.66,M.Duffy 2/1/2004,,,,,,,
Francis Evans,Carlton,2.75,F.Evans 23/8/2001,,,,,,,
Oliver Florent,Carlton,2.78,O.Florent 22/7/1998,,,,,,,
Lachlan Fogarty,Carlton,2.01,L.Fogarty 1/4/1999,,,,,,,
Nick Haynes,Carlton,2.92,N.Haynes 18/5/1992,,,,,,,
Will Hayward,Carlton,2.53,W.Hayward 26/10/1998,,,,,,,
George Hewett,Carlton,2.64,G.Hewett 29/12/1995,,,,,,,
Elijah Hollands,Carlton,2.75,E.Hollands 25/4/2002,,,,,,,
Oliver Hollands,Carlton,2.39,O.Hollands 16/1/2004,,,,,,,
Jack Ison,Carlton,,,,,,,,,
Brodie Kemp,Carlton,2.16,B.Kemp 1/5/2001,,,,,,,
Cooper Lord,Carlton,2.77,C.Lord 20/3/2005,,,,,,,
Mitch McGovern,Carlton,3.0,M.McGovern 11/10/1994,,,,,,,
Harry McKay,Carlton,2.77,H.McKay 24/12/1997,,,,,,,
Ashton Moir,Carlton,,,,,,,,,
Rob Monahan,Carlton,2.06,R.Monahan 29/6/2004,,,,,,,
Jesse Motlop,Carlton,2.56,J.Motlop 23/11/2003,,,,,,,
Nic Newman,Carlton,3.21,N.Newman 15/1/1993,,,,,,,
Harry O'Farrell,Carlton,2.34,H.O'Farrell 3/5/2006,,,,,,,
Hudson O'Keeffe,Carlton,2.39,H.O'Keeffe 16/12/2004,,,,,,,
Marc Pittonet,Carlton,2.42,M.Pittonet 3/6/1996,,,,,,,
Liam Reidy,Carlton,2.94,L.Reidy 14/6/2000,,,,,,,
Adam Saad,Carlton,2.56,A.Saad 23/7/1994,,,,,,,
Jagga Smith,Carlton,2.39,J.Smith 28/1/2006,,,,,,,
Sam Walsh,Carlton,2.83,S.Walsh 2/7/2000,,,,,,,
Jacob Weitering,Carlton,2.78,J.Weitering 23/11/1997,,,,,,,
Zachary Williams,Carlton,2.77,Z.Williams 20/9/1994,,,,,,,
Billy Wilson,Carlton,1.97,B.Wilson 16/6/2005,,,,,,,
Flynn Young,Carlton,2.26,F.Young 3/2/2002,,,,,,,
Lewis Young,Carlton,2.21,L.Young 20/12/1998,,,,,,,
Edward Allan,Collingwood,1.97,E.Allan 26/5/2004,,,,,,,
Angus Anderson,Collingwood,3.03,A.Anderson 25/5/2003,,,,,,,
Jack Buller,Collingwood,2.42,J.Buller 16/5/2001,,,,,,,
Darcy Cameron,Collingwood,2.76,D.Cameron 18/7/1995,,,,,,,
Joel Cochran,Collingwood,2.2,J.Cochran 28/3/2006,,,,,,,
Jack Crisp,Collingwood,3.43,J.Crisp 2/10/1993,,,,,,,
Josh Daicos,Collingwood,3.1,J.Daicos 26/11/1998,,,,,,,
Nick Daicos,Collingwood,2.99,N.Daicos 3/1/2003,,,,,,,
Jordan De Goey,Collingwood,2.1,J.De Goey 15/3/1996,,,,,,,
Harry Demattia,Collingwood,,,,,,,,,
Jamie Elliott,Collingwood,2.3,J.Elliott 21/8/1992,,,,,,,
Billy Frampton,Collingwood,2.54,B.Frampton 20/11/1996,,,,,,,
Harvey Harrison,Collingwood,2.19,H.Harrison 10/11/2003,,,,,,,
Will Hayes,Collingwood,2.08,W.Hayes 16/5/2006,,,,,,,
Bobby Hill,Collingwood,2.54,B.Hill 9/2/2000,,,,,,,
Dan Houston,Collingwood,2.92,D.Houston 12/5/1997,,,,,,,
Jeremy Howe,Collingwood,2.31,J.Howe 29/6/1990,,,,,,,
Noah Howes,Collingwood,1.98,N.Howes 28/10/2005,,,,,,,
Tew Jiath,Collingwood,2.35,T.Jiath 2/3/2005,,,,,,,
Patrick Lipinski,Collingwood,2.15,P.Lipinski 17/7/1998,,,,,,,
Ned Long,Collingwood,2.29,N.Long 5/2/2003,,,,,,,
Brayden Maynard,Collingwood,2.87,B.Maynard 20/9/1996,,,,,,,
Zac McCarthy,Collingwood,,,,,,,,,
Beau McCreery,Collingwood,2.6,B.McCreery 19/4/2001,,,,,,,
Reef McInnes,Collingwood,2.16,R.McInnes 12/12/2002,,,,,,,
Daniel McStay,Collingwood,2.32,D.McStay 24/6/1995,,,,,,,
Tim Membrey,Collingwood,2.2,T.Membrey 26/5/1994,,,,,,,
Darcy Moore,Collingwood,3.08,D.Moore 25/1/1996,,,,,,,
Wil Parker,Collingwood,1.84,W.Parker 29/5/2002,,,,,,,
Scott Pendlebury,Collingwood,2.23,S.Pendlebury 7/1/1988,,,,,,,
Harry Perryman,Collingwood,2.45,H.Perryman 19/12/1998,,,,,,,
Tyan Prindable,Collingwood,,,,,,,,,
Isaac Quaynor,Collingwood,2.57,I.Quaynor 15/1/2000,,,,,,,
Jakob Ryan,Collingwood,2.96,J.Ryan 20/9/2004,,,,,,,
Jai Saxena,Collingwood,,,,,,,,,
Lachlan Schultz,Collingwood,3.13,L.Schultz 30/11/1997,,,,,,,
Steele Sidebottom,Collingwood,2.56,S.Sidebottom 2/1/1991,,,,,,,
Iliro Smit,Collingwood,2.13,I.Smit 9/8/2005,,,,,,,
Roan Steele,Collingwood,1.67,R.Steele 22/10/2001,,,,,,,
Oscar Steene,Collingwood,2.39,O.Steene 23/8/2003,,,,,,,
Lachie Sullivan,Collingwood,2.41,L.Sullivan 25/9/1997,,,,,,,
Samuel Swadling,Collingwood,,,,,,,,,
Charlie West,Collingwood,2.61,C.West 1/2/2006,,,,,,,
Lachlan Blakiston,Essendon,2.09,L.Blakiston 9/9/1998,,,,,,,
Cillian Bourke,Essendon,,,,,,,,,
Nick Bryan,Essendon,2.1,N.Bryan 22/10/2001,,,,,,,
Nate Caddy,Essendon,2.36,N.Caddy 14/7/2005,,,,,,,
Jye Caldwell,Essendon,2.42,J.Caldwell 28/9/2000,,,,,,,
Angus Clarke,Essendon,,,,,,,,,
Nikolas Cox,Essendon,2.07,N.Cox 15/1/2002,,,,,,,
Archer Day-Wicks,Essendon,1.87,A.Day-Wicks 13/5/2006,,,,,,,
Sam Durham,Essendon,2.42,S.Durham 9/7/2001,,,,,,,
Xavier Duursma,Essendon,2.19,X.Duursma 7/7/2000,,,,,,,
Tom Edwards,Essendon,1.86,T.Edwards 20/5/2000,,,,,,,
Hussien El Achkar,Essendon,,,,,,,,,
Saad El-Hawli,Essendon,1.93,S.El-Hawli 15/5/2001,,,,,,,
Jacob Farrow,Essendon,,,,,,,,,
Brayden Fiorini,Essendon,2.21,B.Fiorini 22/8/1997,,,,,,,
Kayle Gerreyn,Essendon,2.46,K.Gerreyn 10/5/2006,,,,,,,
Jade Gresham,Essendon,2.66,J.Gresham 24/8/1997,,,,,,,
Matt Guelfi,Essendon,2.24,M.Guelfi 14/8/1997,,,,,,,
Lewis Hayes,Essendon,3.31,L.Hayes 17/12/2004,,,,,,,
Zak Johnson,Essendon,1.86,Z.Johnson 24/12/2006,,,,,,,
Harrison Jones,Essendon,1.91,H.Jones 25/2/2001,,,,,,,
Isaac Kako,Essendon,2.41,I.Kako 7/3/2006,,,,,,,
Max Kondogiannis,Essendon,,,,,,,,,
Kyle Langford,Essendon,2.12,K.Langford 1/12/1996,,,,,,,
Nicholas Martin,Essendon,2.84,N.Martin 3/4/2001,,,,,,,
Archie May,Essendon,2.32,A.May 27/8/2004,,,,,,,
Andrew McGrath,Essendon,2.79,A.McGrath 2/6/1998,,,,,,,
Ben McKay,Essendon,2.46,B.McKay 24/12/1997,,,,,,,
Liam McMahon,Essendon,2.11,L.McMahon 2/5/2002,,,,,,,
Zachary Merrett,Essendon,2.78,Z.Merrett 3/10/1995,,,,,,,
Jayden Nguyen,Essendon,1.94,J.Nguyen 27/7/2006,,,,,,,
Darcy Parish,Essendon,2.46,D.Parish 25/7/1997,,,,,,,
Archie Perkins,Essendon,2.36,A.Perkins 26/3/2002,,,,,,,
Jaxon Prior,Essendon,2.66,J.Prior 4/6/2001,,,,,,,
Mason Redman,Essendon,2.27,M.Redman 26/8/1997,,,,,,,
Zach Reid,Essendon,1.69,Z.Reid 2/3/2002,,,,,,,
Jordan Ridley,Essendon,2.5,J.Ridley 20/10/1998,,,,,,,
Archie Roberts,Essendon,2.31,A.Roberts 18/11/2005,,,,,,,
Sullivan Robey,Essendon,,,,,,,,,
Will Setterfield,Essendon,2.68,W.Setterfield 5/2/1998,,,,,,,
Dyson Sharp,Essendon,,,,,,,,,
Elijah Tsatas,Essendon,2.09,E.Tsatas 18/10/2004,,,,,,,
Rhys Unwin,Essendon,1.9,R.Unwin 11/10/2006,,,,,,,
Vigo Visentini,Essendon,2.32,V.Visentini 5/9/2005,,,,,,,
Peter Wright,Essendon,2.63,P.Wright 8/9/1996,,,,,,,
Jye Amiss,Fremantle,2.34,J.Amiss 31/7/2003,,,,,,,
Bailey Banfield,Fremantle,2.23,B.Banfield 26/2/1998,,,,,,,
Shai Bolton,Fremantle,2.81,S.Bolton 8/12/1998,,,,,,,
Andrew Brayshaw,Fremantle,3.07,A.Brayshaw 8/11/1999,,,,,,,
Jaren Carr,Fremantle,2.49,J.Carr 27/1/2004,,,,,,,
Heath Chapman,Fremantle,2.39,H.Chapman 31/1/2002,,,,,,,
Jordan Clark,Fremantle,3.21,J.Clark 16/10/2000,,,,,,,
Brennan Cox,Fremantle,2.98,B.Cox 13/8/1998,,,,,,,
Mason Cox,Fremantle,2.47,M.Cox 14/3/1991,,,,,,,
Sean Darcy,Fremantle,2.13,S.Darcy 12/6/1998,,,,,,,
Hugh Davies,Fremantle,2.76,H.Davies 28/9/2004,,,,,,,
Josh Draper,Fremantle,1.79,J.Draper 8/2/2004,,,,,,,
Isaiah Dudley,Fremantle,2.62,I.Dudley 30/4/2003,,,,,,,
Neil Erasmus,Fremantle,2.63,N.Erasmus 2/12/2003,,,,,,,
Michael Frederick,Fremantle,2.58,M.Frederick 17/5/2000,,,,,,,
Luke Jackson,Fremantle,2.86,L.Jackson 29/9/2001,,,,,,,
Matt Johnson,Fremantle,2.51,M.Johnson 16/3/2003,,,,,,,
Leon Kickett,Fremantle,,,,,,,,,
Ryda Luke,Fremantle,,,,,,,,,
Oscar McDonald,Fremantle,2.33,O.McDonald 18/3/1996,,,,,,,
Judd McVee,Fremantle,2.29,J.McVee 7/8/2003,,,,,,,
Ollie Murphy,Fremantle,2.57,O.Murphy 16/9/2005,,,,,,,
Tobyn Murray,Fremantle,2.76,T.Murray 5/5/2005,,,,,,,
Charlie Nicholls,Fremantle,2.08,C.Nicholls 8/6/2006,,,,,,,
Nathan O'Driscoll,Fremantle,2.66,N.O'Driscoll 17/5/2002,,,,,,,
Jaeger O'Meara,Fremantle,2.68,J.O'Meara 23/2/1994,,,,,,,
Alex Pearce,Fremantle,2.56,A.Pearce 9/6/1995,,,,,,,
Murphy Reid,Fremantle,3.1,M.Reid 30/7/2006,,,,,,,
Aiden Riddle,Fremantle,2.27,A.Riddle 27/12/2005,,,,,,,
Luke Ryan,Fremantle,2.43,L.Ryan 6/2/1996,,,,,,,
Chris Scerri,Fremantle,2.27,C.Scerri 6/7/2003,,,,,,,
Caleb Serong,Fremantle,3.0,C.Serong 9/2/2001,,,,,,,
Jeremy Sharp,Fremantle,,,,,,,,,
Cooper Simpson,Fremantle,1.88,C.Simpson 13/2/2005,,,,,,,
Sam Sturt,Fremantle,2.09,S.Sturt 12/5/2000,,,,,,,
Adam Sweid,Fremantle,,,,,,,,,
Sam Switkowski,Fremantle,2.15,S.Switkowski 20/11/1996,,,,,,,
Josh Treacy,Fremantle,3.51,J.Treacy 4/8/2002,,,,,,,
Patrick Voss,Fremantle,2.62,P.Voss 29/6/2003,,,,,,,
Corey Wagner,Fremantle,2.61,C.Wagner 23/3/1997,,,,,,,
Brandon Walker,Fremantle,2.23,B.Walker 17/10/2002,,,,,,,
Toby Whan,Fremantle,,,,,,,,,
Karl Worner,Fremantle,2.4,K.Worner 16/6/2002,,,,,,,
Hayden Young,Fremantle,2.27,H.Young 11/4/2001,,,,,,,
Tom Atkins,Geelong,2.79,T.Atkins 18/9/1995,,,,,,,
Harley Barker,Geelong,,,,,,,,,
Jed Bews,Geelong,2.42,J.Bews 14/12/1993,,,,,,,
Mark Blicavs,Geelong,2.49,M.Blicavs 28/3/1991,,,,,,,
Jack Bowes,Geelong,2.77,J.Bowes 26/1/1998,,,,,,,
Tanner Bruhn,Geelong,2.89,T.Bruhn 27/5/2002,,,,,,,
Cillian Burke,Geelong,2.12,C.Burke 29/3/2003,,,,,,,
Jeremy Cameron,Geelong,2.68,J.Cameron 1/4/1993,,,,,,,
Jhye Clark,Geelong,1.78,J.Clark 23/7/2004,,,,,,,
Bradley Close,Geelong,1.76,B.Close 30/7/1998,,,,,,,
Toby Conway,Geelong,2.48,T.Conway 24/4/2003,,,,,,,
Patrick Dangerfield,Geelong,3.31,P.Dangerfield 5/4/1990,,,,,,,
Sam De Koning,Geelong,2.98,S.De Koning 26/2/2001,,,,,,,
Ollie Dempsey,Geelong,2.55,O.Dempsey 7/1/2003,,,,,,,
Nick Driscoll,Geelong,,,,,,,,,
Mitchell Edwards,Geelong,1.77,M.Edwards 2/6/2005,,,,,,,
Zach Guthrie,Geelong,2.44,Z.Guthrie 30/6/1998,,,,,,,
Jack Henry,Geelong,2.4,J.Henry 29/8/1998,,,,,,,
Oliver Henry,Geelong,2.24,O.Henry 29/7/2002,,,,,,,
Lennox Hoffman,Geelong,,,,,,,,,
Hunter Holmes,Geelong,,,,,,,,,
Max Holmes,Geelong,3.12,M.Holmes 29/8/2002,,,,,,,
Lawson Humphries,Geelong,2.33,L.Humphries 24/4/2003,,,,,,,
Mitchell Knevitt,Geelong,2.43,M.Knevitt 8/1/2003,,,,,,,
Jake Kolodjashnij,Geelong,1.88,J.Kolodjashnij 9/8/1995,,,,,,,
Shaun Mannagh,Geelong,3.01,S.Mannagh 6/8/1997,,,,,,,
Jack Martin,Geelong,2.63,J.Martin 29/1/1995,,,,,,,
Keighton Matofai-Forbes,Geelong,2.03,K.Matofai-Forbes 2/2/2006,,,,,,,
Jesse Mellor,Geelong,,,,,,,,,
Gryan Miers,Geelong,3.15,G.Miers 30/3/1999,,,,,,,
Jacob Molier,Geelong,2.42,J.Molier 11/10/2006,,,,,,,
Oisin Mullin,Geelong,2.14,O.Mullin 11/2/2000,,,,,,,
Shannon Neale,Geelong,2.89,S.Neale 25/7/2002,,,,,,,
Mark O'Connor,Geelong,2.3,M.O'Connor 17/1/1997,,,,,,,
Connor O'Sullivan,Geelong,2.78,C.O'Sullivan 19/5/2005,,,,,,,
Joe Pike,Geelong,2.48,J.Pike 17/5/2005,,,,,,,
Jay Polkinghorne,Geelong,2.45,J.Polkinghorne 2/6/2006,,,,,,,
Bailey Smith,Geelong,2.74,B.Smith 7/12/2000,,,,,,,
Rhys Stanley,Geelong,2.12,R.Stanley 1/12/1990,,,,,,,
Tyson Stengle,Geelong,2.82,T.Stengle 19/10/1998,,,,,,,
George Stevens,Geelong,2.24,G.Stevens 14/4/2005,,,,,,,
Thomas Stewart,Geelong,3.02,T.Stewart 15/3/1993,,,,,,,
Oliver Wiltshire,Geelong,2.15,O.Wiltshire 15/9/2002,,,,,,,
James Worpel,Geelong,2.46,J.Worpel 24/1/1999,,,,,,,
Oscar Adams,Gold Coast,1.86,O.Adams 23/7/2003,,,,,,,
Beau Addinsall,Gold Coast,,,,,,,,,
Noah Anderson,Gold Coast,2.8,N.Anderson 17/2/2001,,,,,,,
Mac Andrew,Gold Coast,2.87,M.Andrew 4/12/2003,,,,,,,
Charlie Ballard,Gold Coast,2.61,C.Ballard 23/7/1999,,,,,,,
Cooper Bell,Gold Coast,1.93,C.Bell 30/11/2006,,,,,,,
Sam Clohesy,Gold Coast,2.55,S.Clohesy 12/12/2002,,,,,,,
Samuel Collins,Gold Coast,3.05,S.Collins 15/6/1994,,,,,,,
Koby Coulson,Gold Coast,,,,,,,,,
Alex Davies,Gold Coast,2.41,A.Davies 18/3/2002,,,,,,,
Asher Eastham,Gold Coast,2.75,A.Eastham 13/5/2006,,,,,,,
Zak Evans,Gold Coast,2.34,Z.Evans 26/3/2000,,,,,,,
Jy Farrar,Gold Coast,1.91,J.Farrar 7/12/1996,,,,,,,
Caleb Graham,Gold Coast,2.96,C.Graham 12/9/2000,,,,,,,
Will Graham,Gold Coast,2.5,W.Graham 27/7/2005,,,,,,,
Lachlan Gulbin,Gold Coast,2.56,L.Gulbin 24/11/2006,,,,,,,
Elliott Himmelberg,Gold Coast,2.17,E.Himmelberg 4/6/1998,,,,,,,
Nicholas Holman,Gold Coast,1.93,N.Holman 29/5/1995,,,,,,,
Bailey Humphrey,Gold Coast,2.96,B.Humphrey 11/9/2004,,,,,,,
Joel Jeffrey,Gold Coast,2.84,J.Jeffrey 12/3/2002,,,,,,,
Ben Jepson,Gold Coast,2.7,B.Jepson 10/10/2001,,,,,,,
Ben King,Gold Coast,2.67,B.King 7/7/2000,,,,,,,
Max Knobel,Gold Coast,2.46,M.Knobel 27/6/2004,,,,,,,
Caleb Lewis,Gold Coast,1.91,C.Lewis 29/9/2003,,,,,,,
Leo Lombard,Gold Coast,2.56,L.Lombard 5/10/2006,,,,,,,
Ben Long,Gold Coast,2.48,B.Long 21/8/1997,,,,,,,
Touk Miller,Gold Coast,2.76,T.Miller 22/2/1996,,,,,,,
Ned Moyle,Gold Coast,2.2,N.Moyle 15/2/2002,,,,,,,
Jai Murray,Gold Coast,,,,,,,,,
John Noble,Gold Coast,2.64,J.Noble 25/3/1997,,,,,,,
Dylan Patterson,Gold Coast,,,,,,,,,
Christian Petracca,Gold Coast,3.03,C.Petracca 4/1/1996,,,,,,,
Wil Powell,Gold Coast,2.51,W.Powell 26/8/1999,,,,,,,
Ethan Read,Gold Coast,2.62,E.Read 7/7/2005,,,,,,,
Daniel Rioli,Gold Coast,2.52,D.Rioli 16/4/1997,,,,,,,
Jake Rogers,Gold Coast,2.57,J.Rogers 2/3/2005,,,,,,,
Matt Rowell,Gold Coast,3.3,M.Rowell 1/7/2001,,,,,,,
Avery Thomas,Gold Coast,,,,,,,,,
Jamarra Ugle-Hagan,Gold Coast,2.77,J.Ugle-Hagan 4/4/2002,,,,,,,
Bodhi Uwland,Gold Coast,3.05,B.Uwland 25/7/2003,,,,,,,
Zeke Uwland,Gold Coast,,,,,,,,,
Jed Walter,Gold Coast,2.17,J.Walter 8/6/2005,,,,,,,
Lachlan Weller,Gold Coast,2.19,L.Weller 23/2/1996,,,,,,,
Jarrod Witts,Gold Coast,2.75,J.Witts 13/9/1992,,,,,,,
Leek Aleer,GWS Giants,2.33,L.Aleer 21/8/2001,,,,,,,
Cody Angove,GWS Giants,1.99,C.Angove 28/5/2006,,,,,,,
Ryan Angwin,GWS Giants,2.84,R.Angwin 12/12/2002,,,,,,,
Lachlan Ash,GWS Giants,2.99,L.Ash 21/6/2001,,,,,,,
Toby Bedford,GWS Giants,2.01,T.Bedford 27/5/2000,,,,,,,
Kieren Briggs,GWS Giants,2.39,K.Briggs 6/10/1999,,,,,,,
Callum Brown,GWS Giants,1.99,C.Brown 15/8/2000,,,,,,,
Jack Buckley,GWS Giants,2.77,J.Buckley 17/12/1997,,,,,,,
Aaron Cadman,GWS Giants,2.62,A.Cadman 3/3/2004,,,,,,,
Finn Callaghan,GWS Giants,2.78,F.Callaghan 26/4/2003,,,,,,,
Stephen Coniglio,GWS Giants,2.24,S.Coniglio 15/12/1993,,,,,,,
Brent Daniels,GWS Giants,2.45,B.Daniels 9/3/1999,,,,,,,
Finnegan Davis,GWS Giants,,,,,,,,,
Josaia Delana,GWS Giants,1.88,J.Delana 1/7/2006,,,,,,,
Joseph Fonti,GWS Giants,3.11,J.Fonti 24/12/2004,,,,,,,
Phoenix Gothard,GWS Giants,2.72,P.Gothard 7/9/2005,,,,,,,
Tom Green,GWS Giants,3.14,T.Green 23/1/2001,,,,,,,
Toby Greene,GWS Giants,2.42,T.Greene 25/9/1993,,,,,,,
Max Gruzewski,GWS Giants,1.98,M.Gruzewski 21/7/2004,,,,,,,
Riley Hamilton,GWS Giants,2.41,R.Hamilton 15/8/2006,,,,,,,
Oliver Hannaford,GWS Giants,2.45,O.Hannaford 1/9/2006,,,,,,,
Harrison Himmelberg,GWS Giants,2.46,H.Himmelberg 8/5/1996,,,,,,,
Jesse Hogan,GWS Giants,2.18,J.Hogan 12/2/1995,,,,,,,
Connor Idun,GWS Giants,2.88,C.Idun 29/7/2000,,,,,,,
Darcy Jones,GWS Giants,2.77,D.Jones 3/4/2004,,,,,,,
Joshua Kelly,GWS Giants,3.02,J.Kelly 12/2/1995,,,,,,,
Jayden Laverde,GWS Giants,2.63,J.Laverde 12/4/1996,,,,,,,
James Leake,GWS Giants,1.57,J.Leake 2/10/2005,,,,,,,
Nick Madden,GWS Giants,3.12,N.Madden 17/5/2004,,,,,,,
Toby McMullin,GWS Giants,2.54,T.McMullin 6/8/2004,,,,,,,
Xavier O'Halloran,GWS Giants,1.83,X.O'Halloran 11/7/2000,,,,,,,
Clayton Oliver,GWS Giants,3.09,C.Oliver 22/7/1997,,,,,,,
Harrison Oliver,GWS Giants,2.8,H.Oliver 15/6/2006,,,,,,,
Jack Ough,GWS Giants,3.03,J.Ough 15/12/2006,,,,,,,
Jake Riccardi,GWS Giants,2.38,J.Riccardi 7/11/1999,,,,,,,
Harry Rowston,GWS Giants,1.97,H.Rowston 12/8/2004,,,,,,,
Logan Smith,GWS Giants,2.06,L.Smith 24/9/2006,,,,,,,
Conor Stone,GWS Giants,1.97,C.Stone 22/4/2002,,,,,,,
Jake Stringer,GWS Giants,2.53,J.Stringer 25/4/1994,,,,,,,
Oskar Taylor,GWS Giants,,,,,,,,,
Sam Taylor,GWS Giants,3.6,S.Taylor 5/5/1999,,,,,,,
Harvey Thomas,GWS Giants,2.81,H.Thomas 8/8/2005,,,,,,,
Nathan Wardius,GWS Giants,3.01,N.Wardius 12/10/2004,,,,,,,
Lachie Whitfield,GWS Giants,2.89,L.Whitfield 18/7/1994,,,,,,,
Karl Amon,Hawthorn,2.3,K.Amon 19/8/1995,,,,,,,
Cody Anderson,Hawthorn,2.52,C.Anderson 30/1/2006,,,,,,,
Tom Barrass,Hawthorn,2.78,T.Barrass 8/10/1995,,,,,,,
Josh Battle,Hawthorn,2.43,J.Battle 1/9/1998,,,,,,,
James Blanck,Hawthorn,2.41,J.Blanck 20/11/2000,,,,,,,
Sam Butler,Hawthorn,2.03,S.Butler 10/2/2003,,,,,,,
Mabior Chol,Hawthorn,2.98,M.Chol 29/1/1997,,,,,,,
Massimo D'Ambrosio,Hawthorn,2.39,M.D'Ambrosio 5/6/2003,,,,,,,
Jack Dalton,Hawthorn,,,,,,,,,
Will Day,Hawthorn,3.15,W.Day 5/6/2001,,,,,,,
Calsher Dear,Hawthorn,2.15,C.Dear 4/8/2005,,,,,,,
Jack Ginnivan,Hawthorn,2.84,J.Ginnivan 9/12/2002,,,,,,,
Ollie Greeves,Hawthorn,,,,,,,,,
Jack Gunston,Hawthorn,2.82,J.Gunston 16/10/1991,,,,,,,
Blake Hardwick,Hawthorn,2.63,B.Hardwick 5/2/1997,,,,,,,
Matt Hill,Hawthorn,2.26,M.Hill 1/1/2004,,,,,,,
Henry Hustwaite,Hawthorn,1.82,H.Hustwaite 20/7/2004,,,,,,,
Jarman Impey,Hawthorn,2.72,J.Impey 9/7/1995,,,,,,,
Matthew LeRay,Hawthorn,,,,,,,,,
Mitchell Lewis,Hawthorn,2.67,M.Lewis 14/10/1998,,,,,,,
Connor MacDonald,Hawthorn,3.21,C.Macdonald 13/1/2003,,,,,,,
Bailey Macdonald,Hawthorn,2.51,B.Macdonald 4/8/2004,,,,,,,
Cameron Mackenzie,Hawthorn,2.48,C.Mackenzie 21/1/2004,,,,,,,
Finn Maginness,Hawthorn,2.5,F.Maginness 23/2/2001,,,,,,,
William McCabe,Hawthorn,2.24,W.McCabe 29/9/2005,,,,,,,
Lloyd Meek,Hawthorn,2.57,L.Meek 22/4/1998,,,,,,,
Dylan Moore,Hawthorn,2.93,D.Moore 4/8/1999,,,,,,,
Harry Morrison,Hawthorn,2.7,H.Morrison 12/11/1998,,,,,,,
Noah Mraz,Hawthorn,2.86,N.Mraz 20/2/2006,,,,,,,
Cameron Nairn,Hawthorn,,,,,,,,,
Conor Nash,Hawthorn,2.63,C.Nash 28/7/1998,,,,,,,
Jai Newcombe,Hawthorn,2.64,J.Newcombe 2/8/2001,,,,,,,
Flynn Perez,Hawthorn,2.96,F.Perez 25/8/2001,,,,,,,
Max Ramsden,Hawthorn,2.71,M.Ramsden 19/4/2003,,,,,,,
Ned Reeves,Hawthorn,2.32,N.Reeves 31/10/1998,,,,,,,
Bodie Ryan,Hawthorn,2.69,B.Ryan 20/4/2005,,,,,,,
Aidan Schubert,Hawthorn,,,,,,,,,
Jack Scrimshaw,Hawthorn,2.47,J.Scrimshaw 4/9/1998,,,,,,,
James Sicily,Hawthorn,3.36,J.Sicily 6/1/1995,,,,,,,
Jaime Uhr-Henry,Hawthorn,,,,,,,,,
Josh Ward,Hawthorn,2.36,J.Ward 15/8/2003,,,,,,,
Nick Watson,Hawthorn,3.16,N.Watson 24/2/2005,,,,,,,
Joshua Weddle,Hawthorn,2.55,J.Weddle 25/5/2004,,,,,,,
Jed Adams,Melbourne,2.72,J.Adams 14/5/2004,,,,,,,
Oscar Berry,Melbourne,,,,,,,,,
Jake Bowey,Melbourne,2.94,J.Bowey 12/9/2002,,,,,,,
Tom Campbell,Melbourne,3.07,T.Campbell 2/11/1991,,,,,,,
Kade Chandler,Melbourne,2.97,K.Chandler 13/1/2000,,,,,,,
Paddy Cross,Melbourne,2.77,P.Cross 14/2/2003,,,,,,,
Jai Culley,Melbourne,2.25,J.Culley 24/2/2003,,,,,,,
Bayley Fritsch,Melbourne,2.84,B.Fritsch 6/12/1996,,,,,,,
Max Gawn,Melbourne,3.71,M.Gawn 30/12/1991,,,,,,,
Max Heath,Melbourne,2.42,M.Heath 24/10/2002,,,,,,,
Jack Henderson,Melbourne,2.22,J.Henderson 1/10/1999,,,,,,,
Blake Howes,Melbourne,2.16,B.Howes 7/4/2003,,,,,,,
Matthew Jefferson,Melbourne,1.63,M.Jefferson 8/3/2004,,,,,,,
Changkuoth Jiath,Melbourne,2.05,C.Jiath 13/6/1999,,,,,,,
Aidan Johnson,Melbourne,1.97,A.Johnson 9/3/2000,,,,,,,
Luker Kentfield,Melbourne,2.05,L.Kentfield 10/9/2005,,,,,,,
Ed Langdon,Melbourne,2.29,E.Langdon 1/2/1996,,,,,,,
Harvey Langford,Melbourne,2.25,H.Langford 15/3/2006,,,,,,,
Bailey Laurie,Melbourne,3.33,B.Laurie 24/3/2002,,,,,,,
Jake Lever,Melbourne,2.99,J.Lever 5/3/1996,,,,,,,
Xavier Lindsay,Melbourne,2.28,X.Lindsay 3/8/2006,,,,,,,
Thomas Matthews,Melbourne,,,,,,,,,
Steven May,Melbourne,2.78,S.May 10/1/1992,,,,,,,
Shane McAdam,Melbourne,1.98,S.McAdam 28/5/1995,,,,,,,
Tom McDonald,Melbourne,2.86,T.McDonald 18/9/1992,,,,,,,
Jake Melksham,Melbourne,2.68,J.Melksham 29/8/1991,,,,,,,
Ricky Mentha,Melbourne,2.42,R.Mentha 4/9/2006,,,,,,,
Brody Mihocek,Melbourne,2.32,B.Mihocek 4/2/1993,,,,,,,
Andy Moniz-Wakefield,Melbourne,2.08,A.Moniz-Wakefield 26/10/2003,,,,,,,
Riley Onley,Melbourne,,,,,,,,,
Harrison Petty,Melbourne,2.39,H.Petty 12/11/1999,,,,,,,
Kysaiah Pickett,Melbourne,2.67,K.Pickett 2/6/2001,,,,,,,
Latrelle Pickett,Melbourne,1.99,L.Pickett 28/12/2005,,,,,,,
Trent Rivers,Melbourne,2.92,T.Rivers 30/7/2001,,,,,,,
Christian Salem,Melbourne,2.38,C.Salem 15/7/1995,,,,,,,
Harry Sharp,Melbourne,2.06,H.Sharp 17/12/2002,,,,,,,
Tom Sparrow,Melbourne,2.25,T.Sparrow 31/5/2000,,,,,,,
Jack Steele,Melbourne,3.02,J.Steele 13/12/1995,,,,,,,
Xavier Taylor,Melbourne,,,,,,,,,
Koltyn Tholstrup,Melbourne,2.13,K.Tholstrup 28/6/2005,,,,,,,
Daniel Turner,Melbourne,2.81,D.Turner 28/1/2002,,,,,,,
Jacob Van Rooyen,Melbourne,2.65,J.van Rooyen 16/4/2003,,,,,,,
Jack Viney,Melbourne,2.65,J.Viney 13/4/1994,,,,,,,
Kalani White,Melbourne,,,,,,,,,
Caleb Windsor,Melbourne,2.0,C.Windsor 9/6/2005,,,,,,,
Jackson Archer,North Melbourne,1.72,J.Archer 9/1/2003,,,,,,,
Zac Banch,North Melbourne,1.99,Z.Banch 21/1/2003,,,,,,,
Tom Blamires,North Melbourne,2.42,T.Blamires 13/8/2002,,,,,,,
Callum Coleman-Jones,North Melbourne,1.75,C.Coleman-Jones 13/6/1999,,,,,,,
Charlie Comben,North Melbourne,3.04,C.Comben 20/7/2001,,,,,,,
Aidan Corr,North Melbourne,1.98,A.Corr 17/5/1994,,,,,,,
Paul Curtis,North Melbourne,2.7,P.Curtis 4/3/2003,,,,,,,
Caleb Daniel,North Melbourne,2.86,C.Daniel 7/7/1996,,,,,,,
Jack Darling,North Melbourne,2.65,J.Darling 13/6/1992,,,,,,,
Luke Davies-Uniacke,North Melbourne,3.14,L.Davies-Uniacke 8/6/1999,,,,,,,
Wil Dawson,North Melbourne,2.19,W.Dawson 20/12/2005,,,,,,,
Lachy Dovaston,North Melbourne,,,,,,,,,
Zane Duursma,North Melbourne,2.28,Z.Duursma 28/8/2005,,,,,,,
Zac Fisher,North Melbourne,2.29,Z.Fisher 15/6/1998,,,,,,,
Brayden George,North Melbourne,2.38,B.George 13/1/2004,,,,,,,
Taylor Goad,North Melbourne,2.26,T.Goad 28/4/2005,,,,,,,
Josh Goater,North Melbourne,1.79,J.Goater 2/6/2003,,,,,,,
Robert Hansen,North Melbourne,,,,,,,,,
Riley Hardeman,North Melbourne,2.08,R.Hardeman 27/2/2005,,,,,,,
Cooper Harvey,North Melbourne,2.33,C.Harvey 12/7/2004,,,,,,,
Jacob Konstanty,North Melbourne,2.09,J.Konstanty 9/11/2004,,,,,,,
Nick Larkey,North Melbourne,2.84,N.Larkey 6/6/1998,,,,,,,
Griffin Logue,North Melbourne,1.55,G.Logue 13/4/1998,,,,,,,
Luke McDonald,North Melbourne,2.43,L.McDonald 9/2/1995,,,,,,,
Colby McKercher,North Melbourne,2.52,C.McKercher 12/4/2005,,,,,,,
Hugo Mikunda,North Melbourne,,,,,,,,,
Finn O'Sullivan,North Melbourne,2.39,F.O'Sullivan 30/5/2006,,,,,,,
Luke Parker,North Melbourne,3.15,L.Parker 25/10/1992,,,,,,,
Toby Pink,North Melbourne,2.08,T.Pink 11/8/1998,,,,,,,
Tom Powell,North Melbourne,2.3,T.Powell 2/3/2002,,,,,,,
Bailey Scott,North Melbourne,2.3,B.Scott 9/7/2000,,,,,,,
Harry Sheezel,North Melbourne,3.09,H.Sheezel 13/10/2004,,,,,,,
Jy Simpkin,North Melbourne,2.63,J.Simpkin 5/3/1998,,,,,,,
Charlie Spargo,North Melbourne,2.34,C.Spargo 25/11/1999,,,,,,,
Dylan Stephens,North Melbourne,2.69,D.Stephens 8/1/2001,,,,,,,
River Stevens,North Melbourne,2.19,R.Stevens 26/6/2006,,,,,,,
Blake Thredgold,North Melbourne,,,,,,,,,
Cooper Trembath,North Melbourne,2.56,C.Trembath 17/10/2005,,,,,,,
Luke Urquhart,North Melbourne,2.38,L.Urquhart 19/9/2006,,,,,,,
George Wardlaw,North Melbourne,2.43,G.Wardlaw 11/6/2004,,,,,,,
Matt Whitlock,North Melbourne,2.14,M.Whitlock 16/5/2006,,,,,,,
Tristan Xerri,North Melbourne,3.18,T.Xerri 15/3/1999,,,,,,,
Cameron Zurhaar,North Melbourne,2.49,C.Zurhaar 22/5/1998,,,,,,,
Aliir Aliir,Port Adelaide,3.32,A.Aliir 5/9/1994,,,,,,,
Tom Anastasopoulos,Port Adelaide,2.16,T.Anastasopoulos 31/5/2005,,,,,,,
Benny Barrett,Port Adelaide,2.17,B.Barrett 1/5/2006,,,,,,,
Miles Bergman,Port Adelaide,2.13,M.Bergman 18/10/2001,,,,,,,
Joe Berry,Port Adelaide,2.27,J.Berry 18/4/2006,,,,,,,
Will Brodie,Port Adelaide,3.02,W.Brodie 23/8/1998,,,,,,,
Jase Burgoyne,Port Adelaide,2.71,J.Burgoyne 15/7/2003,,,,,,,
Zak Butters,Port Adelaide,3.1,Z.Butters 8/9/2000,,,,,,,
Darcy Byrne-Jones,Port Adelaide,2.37,D.Byrne-Jones 20/9/1995,,,,,,,
Tom Cochrane,Port Adelaide,2.01,T.Cochrane 27/1/2006,,,,,,,
Willem Drew,Port Adelaide,2.48,W.Drew 1/10/1998,,,,,,,
Corey Durdin,Port Adelaide,2.25,C.Durdin 14/4/2002,,,,,,,
Logan Evans,Port Adelaide,2.46,L.Evans 7/10/2005,,,,,,,
Kane Farrell,Port Adelaide,2.73,K.Farrell 17/3/1999,,,,,,,
Mitch Georgiades,Port Adelaide,2.68,M.Georgiades 28/9/2001,,,,,,,
Jason Horne-Francis,Port Adelaide,2.48,J.Horne-Francis 21/6/2003,,,,,,,
Lachlan Jones,Port Adelaide,1.96,L.Jones 9/4/2002,,,,,,,
Josh Lai,Port Adelaide,2.21,J.Lai 1/10/2005,,,,,,,
Mani Liddy,Port Adelaide,2.15,M.Liddy 20/2/2002,,,,,,,
Ollie Lord,Port Adelaide,1.96,O.Lord 2/1/2002,,,,,,,
Will Lorenz,Port Adelaide,2.34,W.Lorenz 19/2/2005,,,,,,,
Jack Lukosius,Port Adelaide,2.85,J.Lukosius 9/8/2000,,,,,,,
Ewan Mackinlay,Port Adelaide,2.26,E.Mackinlay 18/7/2003,,,,,,,
Todd Marshall,Port Adelaide,2.4,T.Marshall 8/10/1998,,,,,,,
Jackson Mead,Port Adelaide,2.14,J.Mead 30/9/2001,,,,,,,
Christian Moraes,Port Adelaide,1.92,C.Moraes 8/11/2006,,,,,,,
Jacob Moss,Port Adelaide,2.09,J.Moss 22/12/2004,,,,,,,
Balyn O'Brien,Port Adelaide,,,,,,,,,
Sam Powell-Pepper,Port Adelaide,2.91,S.Powell-Pepper 8/1/1998,,,,,,,
Harrison Ramm,Port Adelaide,2.76,H.Ramm 5/12/2006,,,,,,,
Esava Ratugolea,Port Adelaide,2.49,E.Ratugolea 24/7/1998,,,,,,,
Joe Richards,Port Adelaide,2.9,J.Richards 23/11/1999,,,,,,,
Connor Rozee,Port Adelaide,2.3,C.Rozee 22/1/2000,,,,,,,
Josh Sinn,Port Adelaide,1.77,J.Sinn 7/1/2003,,,,,,,
Ivan Soldo,Port Adelaide,2.52,I.Soldo 14/4/1996,,,,,,,
Jordon Sweet,Port Adelaide,2.63,J.Sweet 2/2/1998,,,,,,,
Dante Visentini,Port Adelaide,1.97,D.Visentini 13/2/2003,,,,,,,
Xavier Walsh,Port Adelaide,2.81,X.Walsh 6/9/2005,,,,,,,
Jack Watkins,Port Adelaide,,,,,,,,,
Jacob Wehr,Port Adelaide,2.25,J.Wehr 5/7/1998,,,,,,,
Jack Whitlock,Port Adelaide,2.32,J.Whitlock 16/5/2006,,,,,,,
Oliver Wines,Port Adelaide,2.7,O.Wines 7/10/1994,,,,,,,
Mitch Zadow,Port Adelaide,2.89,M.Zadow 11/3/2004,,,,,,,
Brandon Zerk-Thatcher,Port Adelaide,2.41,B.Zerk-Thatcher 25/8/1998,,,,,,,
Jasper Alger,Richmond,1.84,J.Alger 17/12/2006,,,,,,,
Harry Armstrong,Richmond,1.77,H.Armstrong 14/6/2006,,,,,,,
Noah Balta,Richmond,2.25,N.Balta 23/10/1999,,,,,,,
Sam Banks,Richmond,2.32,S.Banks 2/4/2003,,,,,,,
Nathan Broad,Richmond,2.28,N.Broad 15/4/1993,,,,,,,
Tom Brown,Richmond,1.83,T.Brown 30/7/2003,,,,,,,
Seth Campbell,Richmond,2.43,S.Campbell 29/12/2004,,,,,,,
Judson Clarke,Richmond,2.4,J.Clarke 17/10/2003,,,,,,,
Sam Cumming,Richmond,,,,,,,,,
Jonty Faull,Richmond,2.24,J.Faull 1/2/2006,,,,,,,
Liam Fawcett,Richmond,2.53,L.Fawcett 22/4/2005,,,,,,,
Josh Gibcus,Richmond,2.84,J.Gibcus 4/4/2003,,,,,,,
Campbell Gray,Richmond,2.55,C.Gray 1/8/2003,,,,,,,
Steely Green,Richmond,2.4,S.Green 9/1/2004,,,,,,,
Samuel Grlj,Richmond,,,,,,,,,
Oliver Hayes-Brown,Richmond,2.7,O.Hayes-Brown 28/4/2000,,,,,,,
Jacob Hopper,Richmond,2.08,J.Hopper 6/2/1997,,,,,,,
Taj Hotton,Richmond,2.69,T.Hotton 17/6/2006,,,,,,,
Sam Lalor,Richmond,2.47,S.Lalor 30/8/2006,,,,,,,
Mykelti Lefau,Richmond,2.18,M.Lefau 22/6/1998,,,,,,,
Tom Lynch,Richmond,2.27,T.Lynch 31/10/1992,,,,,,,
Rhyan Mansell,Richmond,2.6,R.Mansell 4/6/2000,,,,,,,
Kane McAuliffe,Richmond,2.56,K.McAuliffe 1/3/2005,,,,,,,
Ben Miller,Richmond,2.47,B.Miller 31/8/1999,,,,,,,
Toby Nankervis,Richmond,2.67,T.Nankervis 12/8/1994,,,,,,,
Zane Peucker,Richmond,,,,,,,,,
Dion Prestia,Richmond,2.22,D.Prestia 12/10/1992,,,,,,,
Hugo Ralphsmith,Richmond,2.18,H.Ralphsmith 9/11/2001,,,,,,,
Patrick Retschko,Richmond,2.36,P.Retschko 28/2/2006,,,,,,,
Maurice Rioli,Richmond,2.19,M.Rioli 1/9/2002,,,,,,,
Noah Roberts-Thomson,Richmond,,,,,,,,,
Jack Ross,Richmond,2.57,J.Ross 3/9/2000,,,,,,,
Samson Ryan,Richmond,1.61,S.Ryan 9/12/2000,,,,,,,
Jayden Short,Richmond,2.56,J.Short 24/1/1996,,,,,,,
Thomas Sims,Richmond,2.12,T.Sims 12/5/2006,,,,,,,
Josh Smillie,Richmond,2.29,J.Smillie 17/5/2006,,,,,,,
Kaleb Smith,Richmond,2.9,K.Smith 20/11/2004,,,,,,,
Tyler Sonsie,Richmond,2.04,T.Sonsie 27/1/2003,,,,,,,
Tim Taranto,Richmond,3.05,T.Taranto 28/1/1998,,,,,,,
Luke Trainor,Richmond,2.21,L.Trainor 10/4/2006,,,,,,,
James Trezise,Richmond,1.97,J.Trezise 15/6/2002,,,,,,,
Nick Vlastuin,Richmond,2.27,N.Vlastuin 19/4/1994,,,,,,,
Eamonn Armstrong,St Kilda,1.68,E.Armstrong 26/7/2006,,,,,,,
Charlie Banfield,St Kilda,,,,,,,,,
James Barrat,St Kilda,2.57,J.Barrat 23/11/2006,,,,,,,
Hugh Boxshall,St Kilda,1.94,H.Boxshall 11/7/2006,,,,,,,
Daniel Butler,St Kilda,1.98,D.Butler 3/6/1996,,,,,,,
Ryan Byrnes,St Kilda,2.34,R.Byrnes 3/5/2001,,,,,,,
Anthony Caminiti,St Kilda,1.99,A.Caminiti 9/12/2003,,,,,,,
Jack Carroll,St Kilda,2.16,J.Carroll 20/12/2002,,,,,,,
Hunter Clark,St Kilda,2.44,H.Clark 26/3/1999,,,,,,,
Lance Collard,St Kilda,1.87,L.Collard 26/3/2005,,,,,,,
Tom De Koning,St Kilda,2.64,T.De Koning 16/7/1999,,,,,,,
Alex Dodson,St Kilda,2.55,A.Dodson 15/6/2006,,,,,,,
Paddy Dow,St Kilda,2.84,P.Dow 16/10/1999,,,,,,,
Kye Fincher,St Kilda,,,,,,,,,
Sam Flanders,St Kilda,2.6,S.Flanders 24/7/2001,,,,,,,
Hugo Garcia,St Kilda,2.28,H.Garcia 22/5/2005,,,,,,,
Max Hall,St Kilda,3.31,M.Hall 15/4/2002,,,,,,,
Angus Hastie,St Kilda,1.98,A.Hastie 19/9/2005,,,,,,,
Liam Henry,St Kilda,1.87,L.Henry 28/8/2001,,,,,,,
Jack Higgins,St Kilda,2.4,J.Higgins 19/3/1999,,,,,,,
Bradley Hill,St Kilda,2.63,B.Hill 9/7/1993,,,,,,,
Dougal Howard,St Kilda,2.24,D.Howard 25/3/1996,,,,,,,
Isaac Keeler,St Kilda,2.07,I.Keeler 23/4/2004,,,,,,,
Max King,St Kilda,2.55,M.King 7/7/2000,,,,,,,
Jackson Macrae,St Kilda,2.2,J.Macrae 3/8/1994,,,,,,,
Rowan Marshall,St Kilda,2.07,R.Marshall 24/11/1995,,,,,,,
Kobe McDonald,St Kilda,,,,,,,,,
Liam O'Connell,St Kilda,2.06,L.O'Connell 4/3/2003,,,,,,,
Mitchito Owens,St Kilda,2.72,M.Owens 24/9/2003,,,,,,,
Mattaes Phillipou,St Kilda,1.92,M.Phillipou 27/12/2004,,,,,,,
Liam Ryan,St Kilda,2.19,L.Ryan 2/10/1996,,,,,,,
Patrick Said,St Kilda,2.09,P.Said 24/4/2006,,,,,,,
Cooper Sharman,St Kilda,2.31,C.Sharman 25/7/2000,,,,,,,
Jack Silvagni,St Kilda,2.52,J.Silvagni 17/12/1997,,,,,,,
Jack Sinclair,St Kilda,3.13,J.Sinclair 12/2/1995,,,,,,,
Liam Stocker,St Kilda,2.21,L.Stocker 23/1/2000,,,,,,,
Alix Tauru,St Kilda,1.61,A.Tauru 16/11/2006,,,,,,,
Tobie Travaglia,St Kilda,2.06,T.Travaglia 26/10/2006,,,,,,,
Nasiah Wanganeen-Milera,St Kilda,2.27,N.Wanganeen-Milera 22/2/2003,,,,,,,
Callum Wilkie,St Kilda,3.43,C.Wilkie 10/3/1996,,,,,,,
Darcy Wilson,St Kilda,2.8,D.Wilson 18/8/2005,,,,,,,
Marcus Windhager,St Kilda,2.87,M.Windhager 16/5/2003,,,,,,,
Mason Wood,St Kilda,2.74,M.Wood 13/9/1993,,,,,,,
Taylor Adams,Sydney,2.35,T.Adams 20/9/1993,,,,,,,
Joel Amartey,Sydney,2.6,J.Amartey 2/9/1999,,,,,,,
Riak Andrew,Sydney,2.26,R.Andrew 17/2/2005,,,,,,,
Riley Bice,Sydney,2.86,R.Bice 26/9/2000,,,,,,,
Nick Blakey,Sydney,2.91,N.Blakey 27/2/2000,,,,,,,
Ned Bowman,Sydney,2.42,N.Bowman 12/9/2006,,,,,,,
Braeden Campbell,Sydney,2.6,B.Campbell 4/2/2002,,,,,,,
Noah Chamberlain,Sydney,,,,,,,,,
Caiden Cleary,Sydney,2.66,C.Cleary 5/3/2005,,,,,,,
Billy Cootee,Sydney,3.14,B.Cootee 18/12/2002,,,,,,,
Harry Cunningham,Sydney,2.21,H.Cunningham 6/12/1993,,,,,,,
Charlie Curnow,Sydney,2.53,C.Curnow 3/2/1997,,,,,,,
Jesse Dattoli,Sydney,,,,,,,,,
Will Edwards,Sydney,2.51,W.Edwards 8/5/2003,,,,,,,
Will Green,Sydney,2.69,W.Green 8/9/2005,,,,,,,
Brodie Grundy,Sydney,3.01,B.Grundy 15/4/1994,,,,,,,
Errol Gulden,Sydney,3.38,E.Gulden 18/7/2002,,,,,,,
Joel Hamling,Sydney,1.91,J.Hamling 9/4/1993,,,,,,,
Tom Hanily,Sydney,2.04,T.Hanily 31/5/2005,,,,,,,
Isaac Heeney,Sydney,2.61,I.Heeney 5/5/1996,,,,,,,
Liam Hetherton,Sydney,,,,,,,,,
James Jordon,Sydney,2.29,J.Jordon 20/12/2000,,,,,,,
Max King,Sydney,2.55,M.King 7/7/2000,,,,,,,
Harry Kyle,Sydney,,,,,,,,,
Peter Ladhams,Sydney,1.92,P.Ladhams 14/1/1998,,,,,,,
Jake Lloyd,Sydney,2.03,J.Lloyd 20/9/1993,,,,,,,
Tom McCartin,Sydney,2.73,T.McCartin 30/12/1999,,,,,,,
Logan McDonald,Sydney,2.73,L.McDonald 4/4/2002,,,,,,,
Justin McInerney,Sydney,2.63,J.McInerney 18/8/2000,,,,,,,
Hayden McLean,Sydney,2.55,H.McLean 20/1/1999,,,,,,,
Lewis Melican,Sydney,1.93,L.Melican 4/11/1996,,,,,,,
Callum Mills,Sydney,2.92,C.Mills 2/4/1997,,,,,,,
Tom Papley,Sydney,2.42,T.Papley 13/7/1996,,,,,,,
Jevan Phillipou,Sydney,,,,,,,,,
Dane Rampe,Sydney,2.6,D.Rampe 2/6/1990,,,,,,,
Matthew Roberts,Sydney,2.82,M.Roberts 31/7/2003,,,,,,,
Malcolm Rosas,Sydney,2.16,M.Rosas 27/6/2001,,,,,,,
James Rowbottom,Sydney,2.62,J.Rowbottom 19/9/2000,,,,,,,
Jai Serong,Sydney,2.48,J.Serong 16/2/2003,,,,,,,
Angus Sheldrick,Sydney,2.31,A.Sheldrick 7/11/2003,,,,,,,
Patrick Snell,Sydney,2.57,P.Snell 18/7/2005,,,,,,,
Chad Warner,Sydney,2.36,Ch.Warner 19/5/2001,,,,,,,
Corey Warner,Sydney,1.89,Co.Warner 7/10/2003,,,,,,,
Sam Wicks,Sydney,2.17,S.Wicks 14/9/1999,,,,,,,
Bo Allan,West Coast,2.64,B.Allan 16/2/2006,,,,,,,
Sam Allen,West Coast,,,,,,,,,
Liam Baker,West Coast,2.82,L.Baker 27/1/1998,,,,,,,
Harry Barnett,West Coast,1.96,H.Barnett 22/1/2004,,,,,,,
Rhett Bazzo,West Coast,2.06,R.Bazzo 17/10/2003,,,,,,,
Sandy Brock,West Coast,2.42,S.Brock 14/12/2002,,,,,,,
Tyler Brockman,West Coast,2.53,T.Brockman 22/11/2002,,,,,,,
Malakai Champion,West Coast,2.27,M.Champion 17/5/2006,,,,,,,
Tom Cole,West Coast,2.8,T.Cole 28/5/1997,,,,,,,
Jamie Cripps,West Coast,2.31,J.Cripps 23/4/1992,,,,,,,
Hamish Davis,West Coast,2.22,H.Davis 2/5/2006,,,,,,,
Tyrell Dewar,West Coast,2.09,T.Dewar 27/3/2004,,,,,,,
Cooper Duff-Tytler,West Coast,,,,,,,,,
Liam Duggan,West Coast,2.48,L.Duggan 11/12/1996,,,,,,,
Willem Duursma,West Coast,,,,,,,,,
Harry Edwards,West Coast,2.69,H.Edwards 1/10/2000,,,,,,,
Matthew Flynn,West Coast,2.26,M.Flynn 13/9/1997,,,,,,,
Reuben Ginbey,West Coast,2.48,R.Ginbey 10/9/2004,,,,,,,
Jack Graham,West Coast,2.51,J.Graham 25/2/1998,,,,,,,
Lucca Grego,West Coast,,,,,,,,,
Tom Gross,West Coast,1.61,T.Gross 15/9/2006,,,,,,,
Clay Hall,West Coast,2.14,C.Hall 12/5/2005,,,,,,,
Elijah Hewett,West Coast,2.11,E.Hewett 27/5/2004,,,,,,,
Brady Hough,West Coast,2.22,B.Hough 5/3/2003,,,,,,,
Jack Hutchinson,West Coast,2.23,J.Hutchinson 10/11/2001,,,,,,,
Harvey Johnston,West Coast,2.78,H.Johnston 18/8/2005,,,,,,,
Tim Kelly,West Coast,2.66,T.Kelly 26/7/1994,,,,,,,
Josh Lindsay,West Coast,,,,,,,,,
Noah Long,West Coast,1.89,N.Long 23/8/2004,,,,,,,
Finlay Macrae,West Coast,2.68,F.Macrae 13/3/2002,,,,,,,
Ryan Maric,West Coast,2.46,R.Maric 6/9/2004,,,,,,,
Tom McCarthy,West Coast,2.83,T.McCarthy 12/7/2000,,,,,,,
Milan Murdock,West Coast,3.34,M.Murdock 30/6/2000,,,,,,,
Jacob Newton,West Coast,1.92,J.Newton 20/3/2006,,,,,,,
Matt Owies,West Coast,2.24,M.Owies 19/3/1997,,,,,,,
Archer Reid,West Coast,2.37,A.Reid 19/9/2005,,,,,,,
Harley Reid,West Coast,2.4,H.Reid 17/4/2005,,,,,,,
Deven Robertson,West Coast,2.43,D.Robertson 30/6/2001,,,,,,,
Fred Rodriguez,West Coast,,,,,,,,,
Harry Schoenberg,West Coast,2.24,H.Schoenberg 21/2/2001,,,,,,,
Jobe Shanahan,West Coast,2.71,J.Shanahan 2/8/2006,,,,,,,
Brandon Starcevich,West Coast,2.09,B.Starcevich 24/7/1999,,,,,,,
Jake Waterman,West Coast,2.58,J.Waterman 6/5/1998,,,,,,,
Bailey J. Williams,West Coast,2.87,B.Williams 10/10/1997,,,,,,,
Jack Williams,West Coast,2.37,J.Williams 1/12/2003,,,,,,,
Tylah Williams,West Coast,,,,,,,,,
Elliot Yeo,West Coast,2.19,E.Yeo 1/10/1993,,,,,,,
Tylar Young,West Coast,2.61,T.Young 5/9/1998,,,,,,,
Oskar Baker,Western Bulldogs,2.54,O.Baker 25/5/1998,,,,,,,
Marcus Bontempelli,Western Bulldogs,3.09,M.Bontempelli 24/11/1995,,,,,,,
Lachlan Bramble,Western Bulldogs,1.93,L.Bramble 19/4/1998,,,,,,,
Connor Budarick,Western Bulldogs,2.51,C.Budarick 6/4/2001,,,,,,,
Jedd Busslinger,Western Bulldogs,1.96,J.Busslinger 11/3/2004,,,,,,,
Lachlan Carmichael,Western Bulldogs,,,,,,,,,
Luke Cleary,Western Bulldogs,2.45,L.Cleary 5/3/2002,,,,,,,
Nicholas Coffield,Western Bulldogs,2.23,N.Coffield 23/10/1999,,,,,,,
Jordan Croft,Western Bulldogs,1.99,J.Croft 12/5/2005,,,,,,,
Bailey Dale,Western Bulldogs,2.26,B.Dale 22/7/1996,,,,,,,
Sam Darcy,Western Bulldogs,3.01,S.Darcy 19/7/2003,,,,,,,
Will Darcy,Western Bulldogs,,,,,,,,,
Sam Davidson,Western Bulldogs,1.67,S.Davidson 13/12/2001,,,,,,,
Josh Dolan,Western Bulldogs,1.72,J.Dolan 11/11/2006,,,,,,,
Louis Emmett,Western Bulldogs,,,,,,,,,
Timothy English,Western Bulldogs,2.97,T.English 10/8/1997,,,,,,,
Joel Freijah,Western Bulldogs,2.23,J.Freijah 14/11/2005,,,,,,,
Harvey Gallagher,Western Bulldogs,1.72,H.Gallagher 26/9/2003,,,,,,,
Riley Garcia,Western Bulldogs,2.16,R.Garcia 30/1/2001,,,,,,,
Ryan Gardner,Western Bulldogs,3.34,R.Gardner 1/6/1997,,,,,,,
James Harmes,Western Bulldogs,2.75,J.Harmes 5/10/1995,,,,,,,
Cooper Hynes,Western Bulldogs,2.04,C.Hynes 28/2/2006,,,,,,,
Lachie Jaques,Western Bulldogs,2.71,L.Jaques 1/6/2006,,,,,,,
Arthur Jones,Western Bulldogs,1.16,A.Jones 18/7/2003,,,,,,,
Luke Kennedy,Western Bulldogs,2.12,L.Kennedy 11/10/2006,,,,,,,
Matthew Kennedy,Western Bulldogs,2.89,M.Kennedy 6/4/1997,,,,,,,
Buku Khamis,Western Bulldogs,2.36,B.Khamis 24/3/2000,,,,,,,
Will Lewis,Western Bulldogs,2.53,W.Lewis 5/5/1999,,,,,,,
Thomas Liberatore,Western Bulldogs,2.89,T.Liberatore 16/5/1992,,,,,,,
Rory Lobb,Western Bulldogs,2.55,R.Lobb 9/2/1993,,,,,,,
Lachlan McNeil,Western Bulldogs,2.2,L.McNeil 2/9/2001,,,,,,,
Aaron Naughton,Western Bulldogs,2.98,A.Naughton 30/11/1999,,,,,,,
James O'Donnell,Western Bulldogs,2.42,J.O'Donnell 31/8/2002,,,,,,,
Ed Richards,Western Bulldogs,2.81,E.Richards 3/7/1999,,,,,,,
Ryley Sanders,Western Bulldogs,2.15,R.Sanders 21/1/2005,,,,,,,
Michael Sellwood,Western Bulldogs,2.34,M.Sellwood 2/10/2003,,,,,,,
Lachlan Smith,Western Bulldogs,2.77,L.Smith 5/10/2005,,,,,,,
Adam Treloar,Western Bulldogs,2.25,A.Treloar 9/3/1993,,,,,,,
Laitham Vandermeer,Western Bulldogs,2.37,L.Vandermeer 3/2/1999,,,,,,,
Zac Walker,Western Bulldogs,1.97,Z.Walker 3/3/2006,,,,,,,
Cody Weightman,Western Bulldogs,2.62,C.Weightman 15/1/2001,,,,,,,
Rhylee West,Western Bulldogs,2.39,R.West 12/7/2000,,,,,,,
Bailey Williams,Western Bulldogs,2.69,B.Williams 10/10/1997,,,,,,,
