Player,Team,Round,Overall_Rating,Ball Winning_Rating,Ball Use_Rating,Aerial_Rating,Defence_Rating
Aaron Cadman,GWS Giants,4,2.62,,,,
Aaron Naughton,Western Bulldogs,4,2.98,,,,
Adam Cerra,Carlton,4,2.78,,,,
Adam Saad,Carlton,4,2.56,,,,
Adam Treloar,Western Bulldogs,4,2.25,,,,
Aidan Corr,North Melbourne,4,1.98,,,,
Aidan Johnson,Melbourne,4,1.97,,,,
Aiden Riddle,Fremantle,4,2.27,,,,
Alex Davies,Gold Coast,4,2.41,,,,
Alex Dodson,St Kilda,4,2.55,,,,
Alex Neal-Bullen,Adelaide,4,2.62,,,,
Alex Pearce,Fremantle,4,2.56,,,,
Aliir Aliir,Port Adelaide,4,3.32,,,,
Alix Tauru,St Kilda,4,1.61,,,,
Andrew Brayshaw,Fremantle,4,3.07,,,,
Andrew McGrath,Essendon,4,2.79,,,,
Andy Moniz-Wakefield,Melbourne,4,2.08,,,,
Angus Anderson,Collingwood,4,3.03,,,,
Angus Hastie,St Kilda,4,1.98,,,,
Angus Sheldrick,Sydney,4,2.31,,,,
Anthony Caminiti,St Kilda,4,1.99,,,,
Archer Day-Wicks,Essendon,4,1.87,,,,
Archer Reid,West Coast,4,2.37,,,,
Archie May,Essendon,4,2.32,,,,
Archie Perkins,Essendon,4,2.36,,,,
Archie Roberts,Essendon,4,2.31,,,,
Arthur Jones,Western Bulldogs,4,1.16,,,,
Asher Eastham,Gold Coast,4,2.75,,,,
Bailey Banfield,Fremantle,4,2.23,,,,
Bailey Dale,Western Bulldogs,4,2.26,,,,
Bailey Humphrey,Gold Coast,4,2.96,,,,
Bailey J. Williams,West Coast,4,2.87,,,,
Bailey Laurie,Melbourne,4,3.33,,,,
Bailey Macdonald,Hawthorn,4,2.51,,,,
Bailey Scott,North Melbourne,4,2.3,,,,
Bailey Smith,Geelong,4,2.74,,,,
Bailey Williams,Western Bulldogs,4,2.69,,,,
Bayley Fritsch,Melbourne,4,2.84,,,,
Beau McCreery,Collingwood,4,2.6,,,,
Ben Ainsworth,Carlton,4,2.53,,,,
Ben Camporeale,Carlton,4,2.64,,,,
Ben Jepson,Gold Coast,4,2.7,,,,
Ben Keays,Adelaide,4,2.3,,,,
Ben King,Gold Coast,4,2.67,,,,
Ben Long,Gold Coast,4,2.48,,,,
Ben McKay,Essendon,4,2.46,,,,
Ben Miller,Richmond,4,2.47,,,,
Benny Barrett,Port Adelaide,4,2.17,,,,
Billy Cootee,Sydney,4,3.14,,,,
Billy Dowling,Adelaide,4,2.84,,,,
Billy Frampton,Collingwood,4,2.54,,,,
Billy Wilson,Carlton,4,1.97,,,,
Blake Acres,Carlton,4,2.65,,,,
Blake Hardwick,Hawthorn,4,2.63,,,,
Blake Howes,Melbourne,4,2.16,,,,
Bo Allan,West Coast,4,2.64,,,,
Bobby Hill,Collingwood,4,2.54,,,,
Bodhi Uwland,Gold Coast,4,3.05,,,,
Bodie Ryan,Hawthorn,4,2.69,,,,
Bradley Close,Geelong,4,1.76,,,,
Bradley Hill,St Kilda,4,2.63,,,,
Brady Hough,West Coast,4,2.22,,,,
Braeden Campbell,Sydney,4,2.6,,,,
Brandon Starcevich,West Coast,4,2.09,,,,
Brandon Walker,Fremantle,4,2.23,,,,
Brandon Zerk-Thatcher,Port Adelaide,4,2.41,,,,
Brayden Cook,Adelaide,4,2.89,,,,
Brayden Fiorini,Essendon,4,2.21,,,,
Brayden George,North Melbourne,4,2.38,,,,
Brayden Maynard,Collingwood,4,2.87,,,,
Brennan Cox,Fremantle,4,2.98,,,,
Brent Daniels,GWS Giants,4,2.45,,,,
Brodie Grundy,Sydney,4,3.01,,,,
Brodie Kemp,Carlton,4,2.16,,,,
Brody Mihocek,Melbourne,4,2.32,,,,
Bruce Reville,Brisbane,4,2.81,,,,
Buku Khamis,Western Bulldogs,4,2.36,,,,
Caiden Cleary,Sydney,4,2.66,,,,
Caleb Daniel,North Melbourne,4,2.86,,,,
Caleb Graham,Gold Coast,4,2.96,,,,
Caleb Lewis,Gold Coast,4,1.91,,,,
Caleb Serong,Fremantle,4,3.0,,,,
Caleb Windsor,Melbourne,4,2.0,,,,
Callum Ah Chee,Adelaide,4,1.85,,,,
Callum Brown,GWS Giants,4,1.99,,,,
Callum Coleman-Jones,North Melbourne,4,1.75,,,,
Callum Mills,Sydney,4,2.92,,,,
Callum Wilkie,St Kilda,4,3.43,,,,
Calsher Dear,Hawthorn,4,2.15,,,,
Cameron Mackenzie,Hawthorn,4,2.48,,,,
Cameron Rayner,Brisbane,4,2.92,,,,
Cameron Zurhaar,North Melbourne,4,2.49,,,,
Campbell Chesser,Carlton,4,2.15,,,,
Campbell Gray,Richmond,4,2.55,,,,
Chad Warner,Sydney,4,2.36,,,,
Changkuoth Jiath,Melbourne,4,2.05,,,,
Charlie Ballard,Gold Coast,4,2.61,,,,
Charlie Cameron,Brisbane,4,2.83,,,,
Charlie Comben,North Melbourne,4,3.04,,,,
Charlie Curnow,Sydney,4,2.53,,,,
Charlie Edwards,Adelaide,4,2.99,,,,
Charlie Nicholls,Fremantle,4,2.08,,,,
Charlie Spargo,North Melbourne,4,2.34,,,,
Charlie West,Collingwood,4,2.61,,,,
Chayce Jones,Adelaide,4,2.25,,,,
Chris Scerri,Fremantle,4,2.27,,,,
Christian Moraes,Port Adelaide,4,1.92,,,,
Christian Petracca,Gold Coast,4,3.03,,,,
Christian Salem,Melbourne,4,2.38,,,,
Cillian Burke,Geelong,4,2.12,,,,
Clay Hall,West Coast,4,2.14,,,,
Clayton Oliver,GWS Giants,4,3.09,,,,
Cody Anderson,Hawthorn,4,2.52,,,,
Cody Angove,GWS Giants,4,1.99,,,,
Cody Weightman,Western Bulldogs,4,2.62,,,,
Colby McKercher,North Melbourne,4,2.52,,,,
Connor Budarick,Western Bulldogs,4,2.51,,,,
Connor Idun,GWS Giants,4,2.88,,,,
Connor MacDonald,Hawthorn,4,3.21,,,,
Connor O'Sullivan,Geelong,4,2.78,,,,
Connor Rozee,Port Adelaide,4,2.3,,,,
Conor McKenna,Brisbane,4,1.59,,,,
Conor Nash,Hawthorn,4,2.63,,,,
Conor Stone,GWS Giants,4,1.97,,,,
Cooper Bell,Gold Coast,4,1.93,,,,
Cooper Harvey,North Melbourne,4,2.33,,,,
Cooper Hynes,Western Bulldogs,4,2.04,,,,
Cooper Lord,Carlton,4,2.77,,,,
Cooper Sharman,St Kilda,4,2.31,,,,
Cooper Simpson,Fremantle,4,1.88,,,,
Cooper Trembath,North Melbourne,4,2.56,,,,
Corey Durdin,Port Adelaide,4,2.25,,,,
Corey Wagner,Fremantle,4,2.61,,,,
Corey Warner,Sydney,4,1.89,,,,
Dan Houston,Collingwood,4,2.92,,,,
Dane Rampe,Sydney,4,2.6,,,,
Daniel Butler,St Kilda,4,1.98,,,,
Daniel Curtin,Adelaide,4,2.86,,,,
Daniel McStay,Collingwood,4,2.32,,,,
Daniel Rioli,Gold Coast,4,2.52,,,,
Daniel Turner,Melbourne,4,2.81,,,,
Dante Visentini,Port Adelaide,4,1.97,,,,
Darcy Byrne-Jones,Port Adelaide,4,2.37,,,,
Darcy Cameron,Collingwood,4,2.76,,,,
Darcy Fogarty,Adelaide,4,2.11,,,,
Darcy Fort,Brisbane,4,2.75,,,,
Darcy Gardiner,Brisbane,4,2.33,,,,
Darcy Jones,GWS Giants,4,2.77,,,,
Darcy Moore,Collingwood,4,3.08,,,,
Darcy Parish,Essendon,4,2.46,,,,
Darcy Wilmot,Brisbane,4,2.64,,,,
Darcy Wilson,St Kilda,4,2.8,,,,
Darragh Joyce,Brisbane,4,2.4,,,,
Dayne Zorko,Brisbane,4,2.85,,,,
Deven Robertson,West Coast,4,2.43,,,,
Dion Prestia,Richmond,4,2.22,,,,
Dougal Howard,St Kilda,4,2.24,,,,
Dylan Moore,Hawthorn,4,2.93,,,,
Dylan Stephens,North Melbourne,4,2.69,,,,
Eamonn Armstrong,St Kilda,4,1.68,,,,
Ed Langdon,Melbourne,4,2.29,,,,
Ed Richards,Western Bulldogs,4,2.81,,,,
Edward Allan,Collingwood,4,1.97,,,,
Elijah Hewett,West Coast,4,2.11,,,,
Elijah Hollands,Carlton,4,2.75,,,,
Elijah Tsatas,Essendon,4,2.09,,,,
Elliot Yeo,West Coast,4,2.19,,,,
Elliott Himmelberg,Gold Coast,4,2.17,,,,
Eric Hipwood,Brisbane,4,2.51,,,,
Errol Gulden,Sydney,4,3.38,,,,
Esava Ratugolea,Port Adelaide,4,2.49,,,,
Ethan Read,Gold Coast,4,2.62,,,,
Ewan Mackinlay,Port Adelaide,4,2.26,,,,
Finlay Macrae,West Coast,4,2.68,,,,
Finn Callaghan,GWS Giants,4,2.78,,,,
Finn Maginness,Hawthorn,4,2.5,,,,
Finn O'Sullivan,North Melbourne,4,2.39,,,,
Finnbar Maley,Adelaide,4,2.21,,,,
Flynn Perez,Hawthorn,4,2.96,,,,
Flynn Young,Carlton,4,2.26,,,,
Francis Evans,Carlton,4,2.75,,,,
George Hewett,Carlton,4,2.64,,,,
George Stevens,Geelong,4,2.24,,,,
George Wardlaw,North Melbourne,4,2.43,,,,
Griffin Logue,North Melbourne,4,1.55,,,,
Gryan Miers,Geelong,4,3.15,,,,
Hamish Davis,West Coast,4,2.22,,,,
Harley Reid,West Coast,4,2.4,,,,
Harris Andrews,Brisbane,4,3.36,,,,
Harrison Himmelberg,GWS Giants,4,2.46,,,,
Harrison Jones,Essendon,4,1.91,,,,
Harrison Oliver,GWS Giants,4,2.8,,,,
Harrison Petty,Melbourne,4,2.39,,,,
Harrison Ramm,Port Adelaide,4,2.76,,,,
Harry Armstrong,Richmond,4,1.77,,,,
Harry Barnett,West Coast,4,1.96,,,,
Harry Charleson,Carlton,4,2.36,,,,
Harry Cunningham,Sydney,4,2.21,,,,
Harry Edwards,West Coast,4,2.69,,,,
Harry McKay,Carlton,4,2.77,,,,
Harry Morrison,Hawthorn,4,2.7,,,,
Harry O'Farrell,Carlton,4,2.34,,,,
Harry Perryman,Collingwood,4,2.45,,,,
Harry Rowston,GWS Giants,4,1.97,,,,
Harry Schoenberg,West Coast,4,2.24,,,,
Harry Sharp,Melbourne,4,2.06,,,,
Harry Sheezel,North Melbourne,4,3.09,,,,
Harvey Gallagher,Western Bulldogs,4,1.72,,,,
Harvey Harrison,Collingwood,4,2.19,,,,
Harvey Johnston,West Coast,4,2.78,,,,
Harvey Langford,Melbourne,4,2.25,,,,
Harvey Thomas,GWS Giants,4,2.81,,,,
Hayden McLean,Sydney,4,2.55,,,,
Hayden Young,Fremantle,4,2.27,,,,
Heath Chapman,Fremantle,4,2.39,,,,
Henry Hustwaite,Hawthorn,4,1.82,,,,
Henry Smith,Brisbane,4,2.24,,,,
Hudson O'Keeffe,Carlton,4,2.39,,,,
Hugh Bond,Adelaide,4,2.4,,,,
Hugh Boxshall,St Kilda,4,1.94,,,,
Hugh Davies,Fremantle,4,2.76,,,,
Hugh McCluggage,Brisbane,4,3.0,,,,
Hugo Garcia,St Kilda,4,2.28,,,,
Hugo Ralphsmith,Richmond,4,2.18,,,,
Hunter Clark,St Kilda,4,2.44,,,,
Iliro Smit,Collingwood,4,2.13,,,,
Isaac Cumming,Adelaide,4,2.26,,,,
Isaac Heeney,Sydney,4,2.61,,,,
Isaac Kako,Essendon,4,2.41,,,,
Isaac Keeler,St Kilda,4,2.07,,,,
Isaac Quaynor,Collingwood,4,2.57,,,,
Isaiah Dudley,Fremantle,4,2.62,,,,
Ivan Soldo,Port Adelaide,4,2.52,,,,
Izak Rankine,Adelaide,4,2.45,,,,
Jack Bowes,Geelong,4,2.77,,,,
Jack Buckley,GWS Giants,4,2.77,,,,
Jack Buller,Collingwood,4,2.42,,,,
Jack Carroll,St Kilda,4,2.16,,,,
Jack Crisp,Collingwood,4,3.43,,,,
Jack Darling,North Melbourne,4,2.65,,,,
Jack Ginnivan,Hawthorn,4,2.84,,,,
Jack Graham,West Coast,4,2.51,,,,
Jack Gunston,Hawthorn,4,2.82,,,,
Jack Henderson,Melbourne,4,2.22,,,,
Jack Henry,Geelong,4,2.4,,,,
Jack Higgins,St Kilda,4,2.4,,,,
Jack Hutchinson,West Coast,4,2.23,,,,
Jack Lukosius,Port Adelaide,4,2.85,,,,
Jack Martin,Geelong,4,2.63,,,,
Jack Ough,GWS Giants,4,3.03,,,,
Jack Payne,Brisbane,4,2.79,,,,
Jack Ross,Richmond,4,2.57,,,,
Jack Scrimshaw,Hawthorn,4,2.47,,,,
Jack Silvagni,St Kilda,4,2.52,,,,
Jack Sinclair,St Kilda,4,3.13,,,,
Jack Steele,Melbourne,4,3.02,,,,
Jack Viney,Melbourne,4,2.65,,,,
Jack Whitlock,Port Adelaide,4,2.32,,,,
Jack Williams,West Coast,4,2.37,,,,
Jackson Archer,North Melbourne,4,1.72,,,,
Jackson Macrae,St Kilda,4,2.2,,,,
Jackson Mead,Port Adelaide,4,2.14,,,,
Jacob Hopper,Richmond,4,2.08,,,,
Jacob Konstanty,North Melbourne,4,2.09,,,,
Jacob Molier,Geelong,4,2.42,,,,
Jacob Moss,Port Adelaide,4,2.09,,,,
Jacob Newton,West Coast,4,1.92,,,,
Jacob Van Rooyen,Melbourne,4,2.65,,,,
Jacob Wehr,Port Adelaide,4,2.25,,,,
Jacob Weitering,Carlton,4,2.78,,,,
Jade Gresham,Essendon,4,2.66,,,,
Jaeger O'Meara,Fremantle,4,2.68,,,,
Jagga Smith,Carlton,4,2.39,,,,
Jai Culley,Melbourne,4,2.25,,,,
Jai Newcombe,Hawthorn,4,2.64,,,,
Jai Serong,Sydney,4,2.48,,,,
Jake Bowey,Melbourne,4,2.94,,,,
Jake Kolodjashnij,Geelong,4,1.88,,,,
Jake Lever,Melbourne,4,2.99,,,,
Jake Lloyd,Sydney,4,2.03,,,,
Jake Melksham,Melbourne,4,2.68,,,,
Jake Riccardi,GWS Giants,4,2.38,,,,
Jake Rogers,Gold Coast,4,2.57,,,,
Jake Soligo,Adelaide,4,2.35,,,,
Jake Stringer,GWS Giants,4,2.53,,,,
Jake Waterman,West Coast,4,2.58,,,,
Jakob Ryan,Collingwood,4,2.96,,,,
Jamarra Ugle-Hagan,Gold Coast,4,2.77,,,,
James Barrat,St Kilda,4,2.57,,,,
James Blanck,Hawthorn,4,2.41,,,,
James Borlase,Adelaide,4,1.79,,,,
James Harmes,Western Bulldogs,4,2.75,,,,
James Jordon,Sydney,4,2.29,,,,
James Leake,GWS Giants,4,1.57,,,,
James O'Donnell,Western Bulldogs,4,2.42,,,,
James Peatling,Adelaide,4,2.28,,,,
James Rowbottom,Sydney,4,2.62,,,,
James Sicily,Hawthorn,4,3.36,,,,
James Trezise,Richmond,4,1.97,,,,
James Tunstill,Brisbane,4,2.18,,,,
James Worpel,Geelong,4,2.46,,,,
Jamie Cripps,West Coast,4,2.31,,,,
Jamie Elliott,Collingwood,4,2.3,,,,
Jaren Carr,Fremantle,4,2.49,,,,
Jarman Impey,Hawthorn,4,2.72,,,,
Jarrod Berry,Brisbane,4,2.88,,,,
Jarrod Witts,Gold Coast,4,2.75,,,,
Jase Burgoyne,Port Adelaide,4,2.71,,,,
Jason Horne-Francis,Port Adelaide,4,2.48,,,,
Jaspa Fletcher,Brisbane,4,2.59,,,,
Jasper Alger,Richmond,4,1.84,,,,
Jaxon Prior,Essendon,4,2.66,,,,
Jay Polkinghorne,Geelong,4,2.45,,,,
Jayden Laverde,GWS Giants,4,2.63,,,,
Jayden Nguyen,Essendon,4,1.94,,,,
Jayden Short,Richmond,4,2.56,,,,
Jed Adams,Melbourne,4,2.72,,,,
Jed Bews,Geelong,4,2.42,,,,
Jed Walter,Gold Coast,4,2.17,,,,
Jedd Busslinger,Western Bulldogs,4,1.96,,,,
Jeremy Cameron,Geelong,4,2.68,,,,
Jeremy Howe,Collingwood,4,2.31,,,,
Jesse Hogan,GWS Giants,4,2.18,,,,
Jesse Motlop,Carlton,4,2.56,,,,
Jhye Clark,Geelong,4,1.78,,,,
Jobe Shanahan,West Coast,4,2.71,,,,
Joe Berry,Port Adelaide,4,2.27,,,,
Joe Pike,Geelong,4,2.48,,,,
Joe Richards,Port Adelaide,4,2.9,,,,
Joel Amartey,Sydney,4,2.6,,,,
Joel Cochran,Collingwood,4,2.2,,,,
Joel Freijah,Western Bulldogs,4,2.23,,,,
Joel Hamling,Sydney,4,1.91,,,,
Joel Jeffrey,Gold Coast,4,2.84,,,,
John Noble,Gold Coast,4,2.64,,,,
Jonty Faull,Richmond,4,2.24,,,,
Jordan Boyd,Carlton,4,2.44,,,,
Jordan Clark,Fremantle,4,3.21,,,,
Jordan Croft,Western Bulldogs,4,1.99,,,,
Jordan Dawson,Adelaide,4,2.75,,,,
Jordan De Goey,Collingwood,4,2.1,,,,
Jordan Ridley,Essendon,4,2.5,,,,
Jordon Butts,Adelaide,4,2.74,,,,
Jordon Sweet,Port Adelaide,4,2.63,,,,
Josaia Delana,GWS Giants,4,1.88,,,,
Joseph Fonti,GWS Giants,4,3.11,,,,
Josh Battle,Hawthorn,4,2.43,,,,
Josh Daicos,Collingwood,4,3.1,,,,
Josh Dolan,Western Bulldogs,4,1.72,,,,
Josh Draper,Fremantle,4,1.79,,,,
Josh Dunkley,Brisbane,4,2.58,,,,
Josh Gibcus,Richmond,4,2.84,,,,
Josh Goater,North Melbourne,4,1.79,,,,
Josh Lai,Port Adelaide,4,2.21,,,,
Josh Rachele,Adelaide,4,2.53,,,,
Josh Sinn,Port Adelaide,4,1.77,,,,
Josh Smillie,Richmond,4,2.29,,,,
Josh Treacy,Fremantle,4,3.51,,,,
Josh Ward,Hawthorn,4,2.36,,,,
Josh Worrell,Adelaide,4,2.89,,,,
Joshua Kelly,GWS Giants,4,3.02,,,,
Joshua Weddle,Hawthorn,4,2.55,,,,
Judd McVee,Fremantle,4,2.29,,,,
Judson Clarke,Richmond,4,2.4,,,,
Justin McInerney,Sydney,4,2.63,,,,
Jy Farrar,Gold Coast,4,1.91,,,,
Jy Simpkin,North Melbourne,4,2.63,,,,
Jye Amiss,Fremantle,4,2.34,,,,
Jye Caldwell,Essendon,4,2.42,,,,
Kade Chandler,Melbourne,4,2.97,,,,
Kai Lohmann,Brisbane,4,2.93,,,,
Kaleb Smith,Richmond,4,2.9,,,,
Kane Farrell,Port Adelaide,4,2.73,,,,
Kane McAuliffe,Richmond,4,2.56,,,,
Karl Amon,Hawthorn,4,2.3,,,,
Karl Worner,Fremantle,4,2.4,,,,
Kayle Gerreyn,Essendon,4,2.46,,,,
Keidean Coleman,Brisbane,4,2.35,,,,
Keighton Matofai-Forbes,Geelong,4,2.03,,,,
Kieren Briggs,GWS Giants,4,2.39,,,,
Koltyn Tholstrup,Melbourne,4,2.13,,,,
Kyle Langford,Essendon,4,2.12,,,,
Kysaiah Pickett,Melbourne,4,2.67,,,,
Lachie Jaques,Western Bulldogs,4,2.71,,,,
Lachie Neale,Brisbane,4,2.85,,,,
Lachie Sullivan,Collingwood,4,2.41,,,,
Lachie Whitfield,GWS Giants,4,2.89,,,,
Lachlan Ash,GWS Giants,4,2.99,,,,
Lachlan Blakiston,Essendon,4,2.09,,,,
Lachlan Bramble,Western Bulldogs,4,1.93,,,,
Lachlan Cowan,Carlton,4,2.14,,,,
Lachlan Fogarty,Carlton,4,2.01,,,,
Lachlan Gulbin,Gold Coast,4,2.56,,,,
Lachlan Jones,Port Adelaide,4,1.96,,,,
Lachlan McAndrew,Adelaide,4,2.67,,,,
Lachlan McNeil,Western Bulldogs,4,2.2,,,,
Lachlan Schultz,Collingwood,4,3.13,,,,
Lachlan Sholl,Adelaide,4,2.14,,,,
Lachlan Smith,Western Bulldogs,4,2.77,,,,
Lachlan Weller,Gold Coast,4,2.19,,,,
Laitham Vandermeer,Western Bulldogs,4,2.37,,,,
Lance Collard,St Kilda,4,1.87,,,,
Latrelle Pickett,Melbourne,4,1.99,,,,
Lawson Humphries,Geelong,4,2.33,,,,
Leek Aleer,GWS Giants,4,2.33,,,,
Leo Lombard,Gold Coast,4,2.56,,,,
Levi Ashcroft,Brisbane,4,2.6,,,,
Lewis Hayes,Essendon,4,3.31,,,,
Lewis Melican,Sydney,4,1.93,,,,
Lewis Young,Carlton,4,2.21,,,,
Liam Baker,West Coast,4,2.82,,,,
Liam Duggan,West Coast,4,2.48,,,,
Liam Fawcett,Richmond,4,2.53,,,,
Liam Henry,St Kilda,4,1.87,,,,
Liam McMahon,Essendon,4,2.11,,,,
Liam O'Connell,St Kilda,4,2.06,,,,
Liam Reidy,Carlton,4,2.94,,,,
Liam Ryan,St Kilda,4,2.19,,,,
Liam Stocker,St Kilda,4,2.21,,,,
Lincoln McCarthy,Brisbane,4,2.63,,,,
Lloyd Meek,Hawthorn,4,2.57,,,,
Logan Evans,Port Adelaide,4,2.46,,,,
Logan McDonald,Sydney,4,2.73,,,,
Logan Morris,Brisbane,4,2.54,,,,
Logan Smith,GWS Giants,4,2.06,,,,
Lucas Camporeale,Carlton,4,2.13,,,,
Luke Beecken,Brisbane,4,2.7,,,,
Luke Cleary,Western Bulldogs,4,2.45,,,,
Luke Davies-Uniacke,North Melbourne,4,3.14,,,,
Luke Jackson,Fremantle,4,2.86,,,,
Luke Kennedy,Western Bulldogs,4,2.12,,,,
Luke Lloyd,Brisbane,4,2.5,,,,
Luke McDonald,North Melbourne,4,2.43,,,,
Luke Nankervis,Adelaide,4,2.1,,,,
Luke Parker,North Melbourne,4,3.15,,,,
Luke Pedlar,Adelaide,4,1.81,,,,
Luke Ryan,Fremantle,4,2.43,,,,
Luke Trainor,Richmond,4,2.21,,,,
Luke Urquhart,North Melbourne,4,2.38,,,,
Luker Kentfield,Melbourne,4,2.05,,,,
Mabior Chol,Hawthorn,4,2.98,,,,
Mac Andrew,Gold Coast,4,2.87,,,,
Malakai Champion,West Coast,4,2.27,,,,
Malcolm Rosas,Sydney,4,2.16,,,,
Mani Liddy,Port Adelaide,4,2.15,,,,
Marc Pittonet,Carlton,4,2.42,,,,
Marcus Bontempelli,Western Bulldogs,4,3.09,,,,
Marcus Windhager,St Kilda,4,2.87,,,,
Mark Blicavs,Geelong,4,2.49,,,,
Mark Keane,Adelaide,4,2.67,,,,
Mark O'Connor,Geelong,4,2.3,,,,
Mason Cox,Fremantle,4,2.47,,,,
Mason Redman,Essendon,4,2.27,,,,
Mason Wood,St Kilda,4,2.74,,,,
Massimo D'Ambrosio,Hawthorn,4,2.39,,,,
Matt Carroll,Carlton,4,2.56,,,,
Matt Cottrell,Carlton,4,2.27,,,,
Matt Duffy,Carlton,4,1.66,,,,
Matt Guelfi,Essendon,4,2.24,,,,
Matt Hill,Hawthorn,4,2.26,,,,
Matt Johnson,Fremantle,4,2.51,,,,
Matt Owies,West Coast,4,2.24,,,,
Matt Rowell,Gold Coast,4,3.3,,,,
Matt Whitlock,North Melbourne,4,2.14,,,,
Mattaes Phillipou,St Kilda,4,1.92,,,,
Matthew Flynn,West Coast,4,2.26,,,,
Matthew Jefferson,Melbourne,4,1.63,,,,
Matthew Kennedy,Western Bulldogs,4,2.89,,,,
Matthew Roberts,Sydney,4,2.82,,,,
Maurice Rioli,Richmond,4,2.19,,,,
Max Gawn,Melbourne,4,3.71,,,,
Max Gruzewski,GWS Giants,4,1.98,,,,
Max Hall,St Kilda,4,3.31,,,,
Max Heath,Melbourne,4,2.42,,,,
Max Holmes,Geelong,4,3.12,,,,
Max King,St Kilda,4,2.55,,,,
Max King,Sydney,4,2.55,,,,
Max Knobel,Gold Coast,4,2.46,,,,
Max Michalanney,Adelaide,4,2.41,,,,
Max Ramsden,Hawthorn,4,2.71,,,,
Michael Frederick,Fremantle,4,2.58,,,,
Michael Sellwood,Western Bulldogs,4,2.34,,,,
Milan Murdock,West Coast,4,3.34,,,,
Miles Bergman,Port Adelaide,4,2.13,,,,
Mitch Georgiades,Port Adelaide,4,2.68,,,,
Mitch McGovern,Carlton,4,3.0,,,,
Mitch Zadow,Port Adelaide,4,2.89,,,,
Mitchell Edwards,Geelong,4,1.77,,,,
Mitchell Hinge,Adelaide,4,2.43,,,,
Mitchell Knevitt,Geelong,4,2.43,,,,
Mitchell Lewis,Hawthorn,4,2.67,,,,
Mitchito Owens,St Kilda,4,2.72,,,,
Murphy Reid,Fremantle,4,3.1,,,,
Mykelti Lefau,Richmond,4,2.18,,,,
Nasiah Wanganeen-Milera,St Kilda,4,2.27,,,,
Nate Caddy,Essendon,4,2.36,,,,
Nathan Broad,Richmond,4,2.28,,,,
Nathan O'Driscoll,Fremantle,4,2.66,,,,
Nathan Wardius,GWS Giants,4,3.01,,,,
Ned Bowman,Sydney,4,2.42,,,,
Ned Long,Collingwood,4,2.29,,,,
Ned Moyle,Gold Coast,4,2.2,,,,
Ned Reeves,Hawthorn,4,2.32,,,,
Neil Erasmus,Fremantle,4,2.63,,,,
Nic Newman,Carlton,4,3.21,,,,
Nicholas Coffield,Western Bulldogs,4,2.23,,,,
Nicholas Holman,Gold Coast,4,1.93,,,,
Nicholas Martin,Essendon,4,2.84,,,,
Nick Blakey,Sydney,4,2.91,,,,
Nick Bryan,Essendon,4,2.1,,,,
Nick Daicos,Collingwood,4,2.99,,,,
Nick Haynes,Carlton,4,2.92,,,,
Nick Larkey,North Melbourne,4,2.84,,,,
Nick Madden,GWS Giants,4,3.12,,,,
Nick Murray,Adelaide,4,2.94,,,,
Nick Vlastuin,Richmond,4,2.27,,,,
Nick Watson,Hawthorn,4,3.16,,,,
Nikolas Cox,Essendon,4,2.07,,,,
Noah Anderson,Gold Coast,4,2.8,,,,
Noah Answerth,Brisbane,4,1.92,,,,
Noah Balta,Richmond,4,2.25,,,,
Noah Howes,Collingwood,4,1.98,,,,
Noah Long,West Coast,4,1.89,,,,
Noah Mraz,Hawthorn,4,2.86,,,,
Oisin Mullin,Geelong,4,2.14,,,,
Oliver Florent,Carlton,4,2.78,,,,
Oliver Hannaford,GWS Giants,4,2.45,,,,
Oliver Hayes-Brown,Richmond,4,2.7,,,,
Oliver Henry,Geelong,4,2.24,,,,
Oliver Hollands,Carlton,4,2.39,,,,
Oliver Wiltshire,Geelong,4,2.15,,,,
Oliver Wines,Port Adelaide,4,2.7,,,,
Ollie Dempsey,Geelong,4,2.55,,,,
Ollie Lord,Port Adelaide,4,1.96,,,,
Ollie Murphy,Fremantle,4,2.57,,,,
Oscar Adams,Gold Coast,4,1.86,,,,
Oscar Allen,Brisbane,4,2.25,,,,
Oscar McDonald,Fremantle,4,2.33,,,,
Oscar Ryan,Adelaide,4,2.43,,,,
Oscar Steene,Collingwood,4,2.39,,,,
Oskar Baker,Western Bulldogs,4,2.54,,,,
Paddy Cross,Melbourne,4,2.77,,,,
Paddy Dow,St Kilda,4,2.84,,,,
Patrick Cripps,Carlton,4,2.9,,,,
Patrick Dangerfield,Geelong,4,3.31,,,,
Patrick Lipinski,Collingwood,4,2.15,,,,
Patrick Retschko,Richmond,4,2.36,,,,
Patrick Said,St Kilda,4,2.09,,,,
Patrick Snell,Sydney,4,2.57,,,,
Patrick Voss,Fremantle,4,2.62,,,,
Paul Curtis,North Melbourne,4,2.7,,,,
Peter Ladhams,Sydney,4,1.92,,,,
Peter Wright,Essendon,4,2.63,,,,
Phoenix Gothard,GWS Giants,4,2.72,,,,
Reece Torrent,Brisbane,4,2.49,,,,
Reef McInnes,Collingwood,4,2.16,,,,
Reilly O'Brien,Adelaide,4,2.73,,,,
Reuben Ginbey,West Coast,4,2.48,,,,
Rhett Bazzo,West Coast,4,2.06,,,,
Rhyan Mansell,Richmond,4,2.6,,,,
Rhylee West,Western Bulldogs,4,2.39,,,,
Rhys Stanley,Geelong,4,2.12,,,,
Rhys Unwin,Essendon,4,1.9,,,,
Riak Andrew,Sydney,4,2.26,,,,
Ricky Mentha,Melbourne,4,2.42,,,,
Riley Bice,Sydney,4,2.86,,,,
Riley Garcia,Western Bulldogs,4,2.16,,,,
Riley Hamilton,GWS Giants,4,2.41,,,,
Riley Hardeman,North Melbourne,4,2.08,,,,
Riley Thilthorpe,Adelaide,4,3.06,,,,
River Stevens,North Melbourne,4,2.19,,,,
Roan Steele,Collingwood,4,1.67,,,,
Rob Monahan,Carlton,4,2.06,,,,
Rory Laird,Adelaide,4,2.57,,,,
Rory Lobb,Western Bulldogs,4,2.55,,,,
Rowan Marshall,St Kilda,4,2.07,,,,
Ryan Angwin,GWS Giants,4,2.84,,,,
Ryan Byrnes,St Kilda,4,2.34,,,,
Ryan Gardner,Western Bulldogs,4,3.34,,,,
Ryan Lester,Brisbane,4,2.92,,,,
Ryan Maric,West Coast,4,2.46,,,,
Ryley Sanders,Western Bulldogs,4,2.15,,,,
Saad El-Hawli,Essendon,4,1.93,,,,
Sam Banks,Richmond,4,2.32,,,,
Sam Berry,Adelaide,4,2.84,,,,
Sam Butler,Hawthorn,4,2.03,,,,
Sam Clohesy,Gold Coast,4,2.55,,,,
Sam Darcy,Western Bulldogs,4,3.01,,,,
Sam Davidson,Western Bulldogs,4,1.67,,,,
Sam De Koning,Geelong,4,2.98,,,,
Sam Draper,Brisbane,4,2.16,,,,
Sam Durham,Essendon,4,2.42,,,,
Sam Flanders,St Kilda,4,2.6,,,,
Sam Lalor,Richmond,4,2.47,,,,
Sam Marshall,Brisbane,4,1.77,,,,
Sam Powell-Pepper,Port Adelaide,4,2.91,,,,
Sam Sturt,Fremantle,4,2.09,,,,
Sam Switkowski,Fremantle,4,2.15,,,,
Sam Taylor,GWS Giants,4,3.6,,,,
Sam Walsh,Carlton,4,2.83,,,,
Sam Wicks,Sydney,4,2.17,,,,
Samson Ryan,Richmond,4,1.61,,,,
Samuel Collins,Gold Coast,4,3.05,,,,
Sandy Brock,West Coast,4,2.42,,,,
Scott Pendlebury,Collingwood,4,2.23,,,,
Sean Darcy,Fremantle,4,2.13,,,,
Seth Campbell,Richmond,4,2.43,,,,
Shadeau Brain,Brisbane,4,2.79,,,,
Shai Bolton,Fremantle,4,2.81,,,,
Shane McAdam,Melbourne,4,1.98,,,,
Shannon Neale,Geelong,4,2.89,,,,
Shaun Mannagh,Geelong,4,3.01,,,,
Sid Draper,Adelaide,4,1.38,,,,
Steele Sidebottom,Collingwood,4,2.56,,,,
Steely Green,Richmond,4,2.4,,,,
Stephen Coniglio,GWS Giants,4,2.24,,,,
Steven May,Melbourne,4,2.78,,,,
Tai Hayes,Brisbane,4,2.38,,,,
Taj Hotton,Richmond,4,2.69,,,,
Tanner Bruhn,Geelong,4,2.89,,,,
Taylor Adams,Sydney,4,2.35,,,,
Taylor Goad,North Melbourne,4,2.26,,,,
Taylor Walker,Adelaide,4,2.73,,,,
Tew Jiath,Collingwood,4,2.35,,,,
Thomas Liberatore,Western Bulldogs,4,2.89,,,,
Thomas Sims,Richmond,4,2.12,,,,
Thomas Stewart,Geelong,4,3.02,,,,
Tim Kelly,West Coast,4,2.66,,,,
Tim Membrey,Collingwood,4,2.2,,,,
Tim Taranto,Richmond,4,3.05,,,,
Timothy English,Western Bulldogs,4,2.97,,,,
Tobie Travaglia,St Kilda,4,2.06,,,,
Toby Bedford,GWS Giants,4,2.01,,,,
Toby Conway,Geelong,4,2.48,,,,
Toby Greene,GWS Giants,4,2.42,,,,
Toby McMullin,GWS Giants,4,2.54,,,,
Toby Murray,Adelaide,4,2.43,,,,
Toby Nankervis,Richmond,4,2.67,,,,
Toby Pink,North Melbourne,4,2.08,,,,
Tobyn Murray,Fremantle,4,2.76,,,,
Todd Marshall,Port Adelaide,4,2.4,,,,
Tom Anastasopoulos,Port Adelaide,4,2.16,,,,
Tom Atkins,Geelong,4,2.79,,,,
Tom Barrass,Hawthorn,4,2.78,,,,
Tom Blamires,North Melbourne,4,2.42,,,,
Tom Brown,Richmond,4,1.83,,,,
Tom Campbell,Melbourne,4,3.07,,,,
Tom Cochrane,Port Adelaide,4,2.01,,,,
Tom Cole,West Coast,4,2.8,,,,
Tom De Koning,St Kilda,4,2.64,,,,
Tom Doedee,Brisbane,4,2.43,,,,
Tom Edwards,Essendon,4,1.86,,,,
Tom Green,GWS Giants,4,3.14,,,,
Tom Gross,West Coast,4,1.61,,,,
Tom Hanily,Sydney,4,2.04,,,,
Tom Lynch,Richmond,4,2.27,,,,
Tom McCarthy,West Coast,4,2.83,,,,
Tom McCartin,Sydney,4,2.73,,,,
Tom McDonald,Melbourne,4,2.86,,,,
Tom Papley,Sydney,4,2.42,,,,
Tom Powell,North Melbourne,4,2.3,,,,
Tom Sparrow,Melbourne,4,2.25,,,,
Touk Miller,Gold Coast,4,2.76,,,,
Trent Rivers,Melbourne,4,2.92,,,,
Tristan Xerri,North Melbourne,4,3.18,,,,
Ty Gallop,Brisbane,4,1.96,,,,
Tylar Young,West Coast,4,2.61,,,,
Tyler Brockman,West Coast,4,2.53,,,,
Tyler Sonsie,Richmond,4,2.04,,,,
Tyler Welsh,Adelaide,4,1.84,,,,
Tyrell Dewar,West Coast,4,2.09,,,,
Tyson Stengle,Geelong,4,2.82,,,,
Vigo Visentini,Essendon,4,2.32,,,,
Wade Derksen,Carlton,4,3.59,,,,
Wayne Milera,Adelaide,4,2.59,,,,
Wil Dawson,North Melbourne,4,2.19,,,,
Wil Parker,Collingwood,4,1.84,,,,
Wil Powell,Gold Coast,4,2.51,,,,
Will Ashcroft,Brisbane,4,2.74,,,,
Will Brodie,Port Adelaide,4,3.02,,,,
Will Day,Hawthorn,4,3.15,,,,
Will Edwards,Sydney,4,2.51,,,,
Will Graham,Gold Coast,4,2.5,,,,
Will Green,Sydney,4,2.69,,,,
Will Hayes,Collingwood,4,2.08,,,,
Will Hayward,Carlton,4,2.53,,,,
Will Lewis,Western Bulldogs,4,2.53,,,,
Will Lorenz,Port Adelaide,4,2.34,,,,
Will McLachlan,Brisbane,4,2.07,,,,
Will Setterfield,Essendon,4,2.68,,,,
Willem Drew,Port Adelaide,4,2.48,,,,
William McCabe,Hawthorn,4,2.24,,,,
Xavier Duursma,Essendon,4,2.19,,,,
Xavier Lindsay,Melbourne,4,2.28,,,,
Xavier O'Halloran,GWS Giants,4,1.83,,,,
Xavier Walsh,Port Adelaide,4,2.81,,,,
Zac Bailey,Brisbane,4,2.5,,,,
Zac Banch,North Melbourne,4,1.99,,,,
Zac Fisher,North Melbourne,4,2.29,,,,
Zac Taylor,Adelaide,4,2.27,,,,
Zac Walker,Western Bulldogs,4,1.97,,,,
Zach Guthrie,Geelong,4,2.44,,,,
Zach Reid,Essendon,4,1.69,,,,
Zachary Merrett,Essendon,4,2.78,,,,
Zachary Williams,Carlton,4,2.77,,,,
Zak Butters,Port Adelaide,4,3.1,,,,
Zak Evans,Gold Coast,4,2.34,,,,
Zak Johnson,Essendon,4,1.86,,,,
Zane Duursma,North Melbourne,4,2.28,,,,
Zane Zakostelsky,Brisbane,4,2.07,,,,
Callum Ah Chee,Adelaide,5,1.83,,,,
Sam Berry,Adelaide,5,2.81,,,,
Hugh Bond,Adelaide,5,2.25,,,,
James Borlase,Adelaide,5,2.54,,,,
Jordon Butts,Adelaide,5,2.73,,,,
Brayden Cook,Adelaide,5,2.72,,,,
Isaac Cumming,Adelaide,5,2.47,,,,
Daniel Curtin,Adelaide,5,2.86,,,,
Jordan Dawson,Adelaide,5,2.88,,,,
Billy Dowling,Adelaide,5,3.27,,,,
Sid Draper,Adelaide,5,2.31,,,,
Charlie Edwards,Adelaide,5,2.88,,,,
Darcy Fogarty,Adelaide,5,2.07,,,,
Mitchell Hinge,Adelaide,5,2.43,,,,
Chayce Jones,Adelaide,5,2.05,,,,
Mark Keane,Adelaide,5,2.67,,,,
Ben Keays,Adelaide,5,2.5,,,,
Rory Laird,Adelaide,5,2.57,,,,
Finnbar Maley,Adelaide,5,2.62,,,,
Lachlan McAndrew,Adelaide,5,2.72,,,,
Max Michalanney,Adelaide,5,2.5,,,,
Wayne Milera,Adelaide,5,2.96,,,,
Nick Murray,Adelaide,5,2.61,,,,
Toby Murray,Adelaide,5,2.44,,,,
Luke Nankervis,Adelaide,5,2.3,,,,
Alex Neal-Bullen,Adelaide,5,2.85,,,,
Reilly O'Brien,Adelaide,5,2.73,,,,
James Peatling,Adelaide,5,2.48,,,,
Luke Pedlar,Adelaide,5,1.89,,,,
Josh Rachele,Adelaide,5,2.65,,,,
Izak Rankine,Adelaide,5,2.8,,,,
Oscar Ryan,Adelaide,5,2.24,,,,
Lachlan Sholl,Adelaide,5,2.19,,,,
Jake Soligo,Adelaide,5,2.18,,,,
Zac Taylor,Adelaide,5,2.38,,,,
Riley Thilthorpe,Adelaide,5,3.12,,,,
Taylor Walker,Adelaide,5,2.73,,,,
Tyler Welsh,Adelaide,5,2.25,,,,
Josh Worrell,Adelaide,5,3.02,,,,
Oscar Allen,Brisbane,5,2.4,,,,
Harris Andrews,Brisbane,5,3.2,,,,
Noah Answerth,Brisbane,5,1.88,,,,
Levi Ashcroft,Brisbane,5,2.6,,,,
Will Ashcroft,Brisbane,5,2.69,,,,
Zac Bailey,Brisbane,5,2.61,,,,
Luke Beecken,Brisbane,5,2.36,,,,
Jarrod Berry,Brisbane,5,2.97,,,,
Shadeau Brain,Brisbane,5,2.89,,,,
Charlie Cameron,Brisbane,5,2.62,,,,
Keidean Coleman,Brisbane,5,2.57,,,,
Tom Doedee,Brisbane,5,2.28,,,,
Sam Draper,Brisbane,5,2.69,,,,
Josh Dunkley,Brisbane,5,2.66,,,,
Jaspa Fletcher,Brisbane,5,2.71,,,,
Darcy Fort,Brisbane,5,2.48,,,,
Ty Gallop,Brisbane,5,1.9,,,,
Darcy Gardiner,Brisbane,5,2.28,,,,
Tai Hayes,Brisbane,5,2.43,,,,
Eric Hipwood,Brisbane,5,2.5,,,,
Darragh Joyce,Brisbane,5,2.4,,,,
Lincoln McCarthy,Brisbane,5,2.63,,,,
Hugh McCluggage,Brisbane,5,1.77,,,,
Conor McKenna,Brisbane,5,1.59,,,,
Will McLachlan,Brisbane,5,2.07,,,,
Logan Morris,Brisbane,5,2.53,,,,
Lachie Neale,Brisbane,5,3.03,,,,
Jack Payne,Brisbane,5,2.79,,,,
Cameron Rayner,Brisbane,5,3.04,,,,
Bruce Reville,Brisbane,5,2.65,,,,
Henry Smith,Brisbane,5,2.24,,,,
Reece Torrent,Brisbane,5,2.62,,,,
James Tunstill,Brisbane,5,2.21,,,,
Darcy Wilmot,Brisbane,5,2.49,,,,
Zane Zakostelsky,Brisbane,5,1.99,,,,
Dayne Zorko,Brisbane,5,2.63,,,,
Blake Acres,Carlton,5,1.98,,,,
Ben Ainsworth,Carlton,5,2.63,,,,
Jordan Boyd,Carlton,5,2.06,,,,
Ben Camporeale,Carlton,5,2.69,,,,
Lucas Camporeale,Carlton,5,2.33,,,,
Matt Carroll,Carlton,5,2.59,,,,
Adam Cerra,Carlton,5,2.5,,,,
Harry Charleson,Carlton,5,1.91,,,,
Campbell Chesser,Carlton,5,2.14,,,,
Matt Cottrell,Carlton,5,1.93,,,,
Lachlan Cowan,Carlton,5,2.18,,,,
Patrick Cripps,Carlton,5,2.96,,,,
Wade Derksen,Carlton,5,2.26,,,,
Matt Duffy,Carlton,5,1.67,,,,
Francis Evans,Carlton,5,2.46,,,,
Oliver Florent,Carlton,5,2.84,,,,
Lachlan Fogarty,Carlton,5,1.98,,,,
Nick Haynes,Carlton,5,2.41,,,,
Will Hayward,Carlton,5,2.37,,,,
George Hewett,Carlton,5,2.76,,,,
Elijah Hollands,Carlton,5,2.34,,,,
Oliver Hollands,Carlton,5,2.68,,,,
Brodie Kemp,Carlton,5,2.13,,,,
Cooper Lord,Carlton,5,2.87,,,,
Mitch McGovern,Carlton,5,2.67,,,,
Harry McKay,Carlton,5,2.72,,,,
Ashton Moir,Carlton,5,2.24,,,,
Rob Monahan,Carlton,5,2.08,,,,
Jesse Motlop,Carlton,5,2.56,,,,
Nic Newman,Carlton,5,2.51,,,,
Harry O'Farrell,Carlton,5,2.34,,,,
Hudson O'Keeffe,Carlton,5,1.6,,,,
Marc Pittonet,Carlton,5,2.67,,,,
Liam Reidy,Carlton,5,2.9,,,,
Adam Saad,Carlton,5,2.38,,,,
Jagga Smith,Carlton,5,2.34,,,,
Sam Walsh,Carlton,5,2.82,,,,
Jacob Weitering,Carlton,5,2.68,,,,
Zachary Williams,Carlton,5,2.79,,,,
Billy Wilson,Carlton,5,2.49,,,,
Flynn Young,Carlton,5,2.97,,,,
Lewis Young,Carlton,5,2.32,,,,
Edward Allan,Collingwood,5,1.86,,,,
Angus Anderson,Collingwood,5,3.02,,,,
Jack Buller,Collingwood,5,1.49,,,,
Josh Daicos,Collingwood,5,3.0,,,,
Nick Daicos,Collingwood,5,2.99,,,,
Jordan De Goey,Collingwood,5,2.0,,,,
Jamie Elliott,Collingwood,5,2.26,,,,
Billy Frampton,Collingwood,5,2.79,,,,
Harvey Harrison,Collingwood,5,2.1,,,,
Will Hayes,Collingwood,5,2.08,,,,
Bobby Hill,Collingwood,5,2.54,,,,
Dan Houston,Collingwood,5,2.85,,,,
Jeremy Howe,Collingwood,5,2.45,,,,
Noah Howes,Collingwood,5,2.25,,,,
Tew Jiath,Collingwood,5,2.35,,,,
Patrick Lipinski,Collingwood,5,2.05,,,,
Ned Long,Collingwood,5,2.2,,,,
Brayden Maynard,Collingwood,5,2.93,,,,
Beau McCreery,Collingwood,5,2.63,,,,
Reef McInnes,Collingwood,5,1.89,,,,
Daniel McStay,Collingwood,5,2.49,,,,
Tim Membrey,Collingwood,5,2.16,,,,
Darcy Moore,Collingwood,5,3.08,,,,
Wil Parker,Collingwood,5,1.79,,,,
Scott Pendlebury,Collingwood,5,2.41,,,,
Harry Perryman,Collingwood,5,2.5,,,,
Isaac Quaynor,Collingwood,5,2.59,,,,
Jakob Ryan,Collingwood,5,2.82,,,,
Lachlan Schultz,Collingwood,5,3.23,,,,
Steele Sidebottom,Collingwood,5,2.61,,,,
Iliro Smit,Collingwood,5,1.99,,,,
Roan Steele,Collingwood,5,2.04,,,,
Oscar Steene,Collingwood,5,2.17,,,,
Lachie Sullivan,Collingwood,5,2.41,,,,
Charlie West,Collingwood,5,2.79,,,,
Lachlan Blakiston,Essendon,5,2.07,,,,
Nick Bryan,Essendon,5,2.1,,,,
Nate Caddy,Essendon,5,2.36,,,,
Jye Caldwell,Essendon,5,2.38,,,,
Nikolas Cox,Essendon,5,2.01,,,,
Archer Day-Wicks,Essendon,5,1.9,,,,
Sam Durham,Essendon,5,2.48,,,,
Xavier Duursma,Essendon,5,2.25,,,,
Tom Edwards,Essendon,5,2.27,,,,
Saad El-Hawli,Essendon,5,2.13,,,,
Brayden Fiorini,Essendon,5,2.23,,,,
Kayle Gerreyn,Essendon,5,2.32,,,,
Jade Gresham,Essendon,5,2.52,,,,
Matt Guelfi,Essendon,5,1.85,,,,
Lewis Hayes,Essendon,5,3.31,,,,
Zak Johnson,Essendon,5,1.97,,,,
Harrison Jones,Essendon,5,1.83,,,,
Isaac Kako,Essendon,5,2.5,,,,
Kyle Langford,Essendon,5,2.23,,,,
Nicholas Martin,Essendon,5,2.85,,,,
Archie May,Essendon,5,2.29,,,,
Andrew McGrath,Essendon,5,2.78,,,,
Ben McKay,Essendon,5,2.44,,,,
Liam McMahon,Essendon,5,2.04,,,,
Zach Reid,Essendon,5,1.95,,,,
Jordan Ridley,Essendon,5,2.08,,,,
Archie Roberts,Essendon,5,3.05,,,,
Will Setterfield,Essendon,5,2.68,,,,
Elijah Tsatas,Essendon,5,3.01,,,,
Rhys Unwin,Essendon,5,2.09,,,,
Vigo Visentini,Essendon,5,2.32,,,,
Peter Wright,Essendon,5,2.71,,,,
Jye Amiss,Fremantle,5,2.41,,,,
Bailey Banfield,Fremantle,5,2.23,,,,
Shai Bolton,Fremantle,5,2.59,,,,
Andrew Brayshaw,Fremantle,5,2.66,,,,
Jaren Carr,Fremantle,5,2.14,,,,
Heath Chapman,Fremantle,5,2.39,,,,
Jordan Clark,Fremantle,5,2.82,,,,
Brennan Cox,Fremantle,5,2.86,,,,
Mason Cox,Fremantle,5,2.81,,,,
Sean Darcy,Fremantle,5,1.97,,,,
Hugh Davies,Fremantle,5,2.6,,,,
Josh Draper,Fremantle,5,2.01,,,,
Isaiah Dudley,Fremantle,5,2.59,,,,
Neil Erasmus,Fremantle,5,2.56,,,,
Michael Frederick,Fremantle,5,2.58,,,,
Luke Jackson,Fremantle,5,2.92,,,,
Matt Johnson,Fremantle,5,2.46,,,,
Oscar McDonald,Fremantle,5,2.3,,,,
Judd McVee,Fremantle,5,2.38,,,,
Ollie Murphy,Fremantle,5,2.03,,,,
Tobyn Murray,Fremantle,5,2.04,,,,
Charlie Nicholls,Fremantle,5,2.16,,,,
Nathan O'Driscoll,Fremantle,5,2.7,,,,
Jaeger O'Meara,Fremantle,5,2.43,,,,
Alex Pearce,Fremantle,5,2.81,,,,
Murphy Reid,Fremantle,5,3.08,,,,
Aiden Riddle,Fremantle,5,2.31,,,,
Luke Ryan,Fremantle,5,2.58,,,,
Caleb Serong,Fremantle,5,2.9,,,,
Jeremy Sharp,Fremantle,5,2.95,,,,
Cooper Simpson,Fremantle,5,2.3,,,,
Sam Sturt,Fremantle,5,2.11,,,,
Sam Switkowski,Fremantle,5,2.3,,,,
Josh Treacy,Fremantle,5,3.44,,,,
Patrick Voss,Fremantle,5,2.46,,,,
Corey Wagner,Fremantle,5,2.68,,,,
Brandon Walker,Fremantle,5,3.04,,,,
Karl Worner,Fremantle,5,2.59,,,,
Hayden Young,Fremantle,5,2.28,,,,
Tom Atkins,Geelong,5,2.74,,,,
Jed Bews,Geelong,5,2.68,,,,
Mark Blicavs,Geelong,5,2.48,,,,
Jack Bowes,Geelong,5,2.67,,,,
Tanner Bruhn,Geelong,5,2.53,,,,
Cillian Burke,Geelong,5,2.52,,,,
Jeremy Cameron,Geelong,5,2.77,,,,
Jhye Clark,Geelong,5,1.77,,,,
Bradley Close,Geelong,5,2.03,,,,
Toby Conway,Geelong,5,2.47,,,,
Patrick Dangerfield,Geelong,5,3.31,,,,
Mitchell Edwards,Geelong,5,2.01,,,,
Zach Guthrie,Geelong,5,2.66,,,,
Jack Henry,Geelong,5,2.18,,,,
Oliver Henry,Geelong,5,2.27,,,,
Max Holmes,Geelong,5,3.01,,,,
Lawson Humphries,Geelong,5,2.4,,,,
Mitchell Knevitt,Geelong,5,3.01,,,,
Jake Kolodjashnij,Geelong,5,2.73,,,,
Shaun Mannagh,Geelong,5,2.68,,,,
Jack Martin,Geelong,5,2.64,,,,
Keighton Matofai-Forbes,Geelong,5,2.03,,,,
Gryan Miers,Geelong,5,3.01,,,,
Jacob Molier,Geelong,5,2.44,,,,
Oisin Mullin,Geelong,5,2.17,,,,
Shannon Neale,Geelong,5,2.98,,,,
Mark O'Connor,Geelong,5,2.4,,,,
Connor O'Sullivan,Geelong,5,2.77,,,,
Joe Pike,Geelong,5,2.47,,,,
Jay Polkinghorne,Geelong,5,2.46,,,,
Bailey Smith,Geelong,5,2.94,,,,
Rhys Stanley,Geelong,5,2.54,,,,
Tyson Stengle,Geelong,5,2.82,,,,
George Stevens,Geelong,5,2.8,,,,
Thomas Stewart,Geelong,5,2.88,,,,
Oliver Wiltshire,Geelong,5,2.23,,,,
James Worpel,Geelong,5,2.84,,,,
Oscar Adams,Gold Coast,5,1.84,,,,
Noah Anderson,Gold Coast,5,2.63,,,,
Mac Andrew,Gold Coast,5,2.74,,,,
Charlie Ballard,Gold Coast,5,2.3,,,,
Cooper Bell,Gold Coast,5,1.85,,,,
Sam Clohesy,Gold Coast,5,2.52,,,,
Samuel Collins,Gold Coast,5,2.88,,,,
Alex Davies,Gold Coast,5,2.25,,,,
Asher Eastham,Gold Coast,5,2.44,,,,
Zak Evans,Gold Coast,5,2.6,,,,
Jy Farrar,Gold Coast,5,1.92,,,,
Caleb Graham,Gold Coast,5,3.04,,,,
Will Graham,Gold Coast,5,2.21,,,,
Lachlan Gulbin,Gold Coast,5,2.5,,,,
Elliott Himmelberg,Gold Coast,5,2.19,,,,
Nicholas Holman,Gold Coast,5,3.05,,,,
Bailey Humphrey,Gold Coast,5,3.09,,,,
Joel Jeffrey,Gold Coast,5,2.62,,,,
Ben Jepson,Gold Coast,5,2.95,,,,
Ben King,Gold Coast,5,2.61,,,,
Max Knobel,Gold Coast,5,2.45,,,,
Caleb Lewis,Gold Coast,5,1.91,,,,
Leo Lombard,Gold Coast,5,2.53,,,,
Ben Long,Gold Coast,5,2.46,,,,
Touk Miller,Gold Coast,5,2.61,,,,
Ned Moyle,Gold Coast,5,2.72,,,,
John Noble,Gold Coast,5,2.61,,,,
Christian Petracca,Gold Coast,5,3.09,,,,
Wil Powell,Gold Coast,5,2.53,,,,
Ethan Read,Gold Coast,5,2.34,,,,
Daniel Rioli,Gold Coast,5,2.43,,,,
Jake Rogers,Gold Coast,5,2.47,,,,
Matt Rowell,Gold Coast,5,2.59,,,,
Jarrod Witts,Gold Coast,5,2.54,,,,
Leek Aleer,GWS Giants,5,2.4,,,,
Cody Angove,GWS Giants,5,1.99,,,,
Ryan Angwin,GWS Giants,5,2.47,,,,
Lachlan Ash,GWS Giants,5,3.03,,,,
Toby Bedford,GWS Giants,5,2.01,,,,
Kieren Briggs,GWS Giants,5,2.39,,,,
Callum Brown,GWS Giants,5,1.98,,,,
Jack Buckley,GWS Giants,5,2.67,,,,
Aaron Cadman,GWS Giants,5,2.62,,,,
Finn Callaghan,GWS Giants,5,2.91,,,,
Stephen Coniglio,GWS Giants,5,2.05,,,,
Brent Daniels,GWS Giants,5,2.45,,,,
Josaia Delana,GWS Giants,5,1.88,,,,
Joseph Fonti,GWS Giants,5,3.03,,,,
Phoenix Gothard,GWS Giants,5,2.83,,,,
Tom Green,GWS Giants,5,3.14,,,,
Toby Greene,GWS Giants,5,2.48,,,,
Max Gruzewski,GWS Giants,5,1.96,,,,
Riley Hamilton,GWS Giants,5,2.46,,,,
Oliver Hannaford,GWS Giants,5,2.1,,,,
Harrison Himmelberg,GWS Giants,5,2.45,,,,
Jesse Hogan,GWS Giants,5,2.23,,,,
Connor Idun,GWS Giants,5,2.91,,,,
Darcy Jones,GWS Giants,5,2.77,,,,
Joshua Kelly,GWS Giants,5,3.02,,,,
Jayden Laverde,GWS Giants,5,2.84,,,,
James Leake,GWS Giants,5,1.57,,,,
Nick Madden,GWS Giants,5,2.88,,,,
Toby McMullin,GWS Giants,5,2.55,,,,
Xavier O'Halloran,GWS Giants,5,1.85,,,,
Clayton Oliver,GWS Giants,5,3.07,,,,
Harrison Oliver,GWS Giants,5,2.8,,,,
Jack Ough,GWS Giants,5,3.05,,,,
Jake Riccardi,GWS Giants,5,2.41,,,,
Harry Rowston,GWS Giants,5,1.99,,,,
Logan Smith,GWS Giants,5,2.04,,,,
Conor Stone,GWS Giants,5,1.97,,,,
Jake Stringer,GWS Giants,5,2.75,,,,
Sam Taylor,GWS Giants,5,3.6,,,,
Harvey Thomas,GWS Giants,5,2.89,,,,
Nathan Wardius,GWS Giants,5,3.01,,,,
Lachie Whitfield,GWS Giants,5,2.96,,,,
Karl Amon,Hawthorn,5,2.25,,,,
Cody Anderson,Hawthorn,5,2.16,,,,
Tom Barrass,Hawthorn,5,2.93,,,,
Josh Battle,Hawthorn,5,2.64,,,,
James Blanck,Hawthorn,5,2.42,,,,
Sam Butler,Hawthorn,5,1.97,,,,
Mabior Chol,Hawthorn,5,2.62,,,,
Massimo D'Ambrosio,Hawthorn,5,2.71,,,,
Will Day,Hawthorn,5,3.16,,,,
Calsher Dear,Hawthorn,5,2.41,,,,
Jack Ginnivan,Hawthorn,5,3.23,,,,
Jack Gunston,Hawthorn,5,2.82,,,,
Blake Hardwick,Hawthorn,5,2.78,,,,
Matt Hill,Hawthorn,5,2.07,,,,
Henry Hustwaite,Hawthorn,5,1.83,,,,
Jarman Impey,Hawthorn,5,2.74,,,,
Mitchell Lewis,Hawthorn,5,2.91,,,,
Lloyd Meek,Hawthorn,5,2.62,,,,
Dylan Moore,Hawthorn,5,3.02,,,,
Harry Morrison,Hawthorn,5,2.62,,,,
Noah Mraz,Hawthorn,5,2.77,,,,
Conor Nash,Hawthorn,5,2.5,,,,
Jai Newcombe,Hawthorn,5,2.84,,,,
Flynn Perez,Hawthorn,5,2.32,,,,
Max Ramsden,Hawthorn,5,2.68,,,,
Ned Reeves,Hawthorn,5,2.12,,,,
Bodie Ryan,Hawthorn,5,2.83,,,,
Jack Scrimshaw,Hawthorn,5,2.41,,,,
James Sicily,Hawthorn,5,3.29,,,,
Josh Ward,Hawthorn,5,2.4,,,,
Nick Watson,Hawthorn,5,3.25,,,,
Joshua Weddle,Hawthorn,5,2.56,,,,
Jed Adams,Melbourne,5,2.25,,,,
Jake Bowey,Melbourne,5,2.94,,,,
Tom Campbell,Melbourne,5,3.06,,,,
Kade Chandler,Melbourne,5,2.96,,,,
Paddy Cross,Melbourne,5,2.77,,,,
Jai Culley,Melbourne,5,2.32,,,,
Bayley Fritsch,Melbourne,5,2.82,,,,
Max Gawn,Melbourne,5,3.78,,,,
Max Heath,Melbourne,5,2.95,,,,
Jack Henderson,Melbourne,5,2.38,,,,
Blake Howes,Melbourne,5,2.25,,,,
Matthew Jefferson,Melbourne,5,1.63,,,,
Changkuoth Jiath,Melbourne,5,2.03,,,,
Aidan Johnson,Melbourne,5,1.97,,,,
Luker Kentfield,Melbourne,5,2.05,,,,
Ed Langdon,Melbourne,5,2.18,,,,
Harvey Langford,Melbourne,5,2.16,,,,
Bailey Laurie,Melbourne,5,3.34,,,,
Jake Lever,Melbourne,5,2.7,,,,
Xavier Lindsay,Melbourne,5,2.16,,,,
Steven May,Melbourne,5,2.78,,,,
Shane McAdam,Melbourne,5,1.98,,,,
Tom McDonald,Melbourne,5,2.4,,,,
Jake Melksham,Melbourne,5,2.22,,,,
Ricky Mentha,Melbourne,5,2.16,,,,
Brody Mihocek,Melbourne,5,2.25,,,,
Andy Moniz-Wakefield,Melbourne,5,2.49,,,,
Harrison Petty,Melbourne,5,2.2,,,,
Kysaiah Pickett,Melbourne,5,2.75,,,,
Latrelle Pickett,Melbourne,5,2.14,,,,
Trent Rivers,Melbourne,5,2.55,,,,
Christian Salem,Melbourne,5,2.33,,,,
Harry Sharp,Melbourne,5,2.67,,,,
Tom Sparrow,Melbourne,5,2.34,,,,
Jack Steele,Melbourne,5,3.19,,,,
Koltyn Tholstrup,Melbourne,5,2.35,,,,
Daniel Turner,Melbourne,5,2.57,,,,
Jacob Van Rooyen,Melbourne,5,2.49,,,,
Jack Viney,Melbourne,5,2.66,,,,
Caleb Windsor,Melbourne,5,1.93,,,,
Jackson Archer,North Melbourne,5,1.72,,,,
Zac Banch,North Melbourne,5,2.02,,,,
Tom Blamires,North Melbourne,5,2.37,,,,
Callum Coleman-Jones,North Melbourne,5,1.67,,,,
Caleb Daniel,North Melbourne,5,2.99,,,,
Jack Darling,North Melbourne,5,2.77,,,,
Luke Davies-Uniacke,North Melbourne,5,3.22,,,,
Wil Dawson,North Melbourne,5,2.73,,,,
Zane Duursma,North Melbourne,5,2.42,,,,
Zac Fisher,North Melbourne,5,2.94,,,,
Brayden George,North Melbourne,5,2.17,,,,
Taylor Goad,North Melbourne,5,2.25,,,,
Josh Goater,North Melbourne,5,1.8,,,,
Riley Hardeman,North Melbourne,5,2.26,,,,
Cooper Harvey,North Melbourne,5,2.48,,,,
Jacob Konstanty,North Melbourne,5,2.11,,,,
Nick Larkey,North Melbourne,5,2.72,,,,
Griffin Logue,North Melbourne,5,2.23,,,,
Luke McDonald,North Melbourne,5,2.54,,,,
Colby McKercher,North Melbourne,5,2.5,,,,
Finn O'Sullivan,North Melbourne,5,2.38,,,,
Luke Parker,North Melbourne,5,3.28,,,,
Toby Pink,North Melbourne,5,2.0,,,,
Tom Powell,North Melbourne,5,2.16,,,,
Bailey Scott,North Melbourne,5,2.2,,,,
Harry Sheezel,North Melbourne,5,3.0,,,,
Jy Simpkin,North Melbourne,5,2.96,,,,
Charlie Spargo,North Melbourne,5,2.71,,,,
Dylan Stephens,North Melbourne,5,2.63,,,,
River Stevens,North Melbourne,5,2.19,,,,
Cooper Trembath,North Melbourne,5,2.86,,,,
Luke Urquhart,North Melbourne,5,2.37,,,,
George Wardlaw,North Melbourne,5,2.37,,,,
Matt Whitlock,North Melbourne,5,1.71,,,,
Tristan Xerri,North Melbourne,5,3.26,,,,
Cameron Zurhaar,North Melbourne,5,2.53,,,,
Aliir Aliir,Port Adelaide,5,3.32,,,,
Tom Anastasopoulos,Port Adelaide,5,2.23,,,,
Benny Barrett,Port Adelaide,5,1.84,,,,
Miles Bergman,Port Adelaide,5,2.12,,,,
Joe Berry,Port Adelaide,5,2.35,,,,
Will Brodie,Port Adelaide,5,3.03,,,,
Jase Burgoyne,Port Adelaide,5,2.74,,,,
Zak Butters,Port Adelaide,5,3.13,,,,
Darcy Byrne-Jones,Port Adelaide,5,2.85,,,,
Tom Cochrane,Port Adelaide,5,2.01,,,,
Willem Drew,Port Adelaide,5,2.6,,,,
Corey Durdin,Port Adelaide,5,2.27,,,,
Logan Evans,Port Adelaide,5,2.46,,,,
Kane Farrell,Port Adelaide,5,2.67,,,,
Mitch Georgiades,Port Adelaide,5,2.72,,,,
Jason Horne-Francis,Port Adelaide,5,2.61,,,,
Lachlan Jones,Port Adelaide,5,2.15,,,,
Josh Lai,Port Adelaide,5,2.13,,,,
Mani Liddy,Port Adelaide,5,2.15,,,,
Ollie Lord,Port Adelaide,5,2.68,,,,
Will Lorenz,Port Adelaide,5,2.9,,,,
Jack Lukosius,Port Adelaide,5,2.68,,,,
Ewan Mackinlay,Port Adelaide,5,2.1,,,,
Todd Marshall,Port Adelaide,5,2.05,,,,
Jackson Mead,Port Adelaide,5,2.13,,,,
Christian Moraes,Port Adelaide,5,2.72,,,,
Josh Sinn,Port Adelaide,5,1.77,,,,
Ivan Soldo,Port Adelaide,5,2.54,,,,
Jordon Sweet,Port Adelaide,5,2.62,,,,
Dante Visentini,Port Adelaide,5,1.97,,,,
Xavier Walsh,Port Adelaide,5,2.23,,,,
Jacob Wehr,Port Adelaide,5,2.11,,,,
Jack Whitlock,Port Adelaide,5,2.32,,,,
Oliver Wines,Port Adelaide,5,2.38,,,,
Mitch Zadow,Port Adelaide,5,2.91,,,,
Brandon Zerk-Thatcher,Port Adelaide,5,2.77,,,,
Jasper Alger,Richmond,5,1.84,,,,
Harry Armstrong,Richmond,5,1.6,,,,
Noah Balta,Richmond,5,2.34,,,,
Sam Banks,Richmond,5,2.35,,,,
Nathan Broad,Richmond,5,2.5,,,,
Tom Brown,Richmond,5,1.93,,,,
Seth Campbell,Richmond,5,2.56,,,,
Judson Clarke,Richmond,5,2.4,,,,
Jonty Faull,Richmond,5,1.82,,,,
Liam Fawcett,Richmond,5,2.21,,,,
Josh Gibcus,Richmond,5,2.42,,,,
Campbell Gray,Richmond,5,2.55,,,,
Steely Green,Richmond,5,2.54,,,,
Oliver Hayes-Brown,Richmond,5,2.51,,,,
Jacob Hopper,Richmond,5,2.22,,,,
Taj Hotton,Richmond,5,2.69,,,,
Sam Lalor,Richmond,5,2.46,,,,
Mykelti Lefau,Richmond,5,2.64,,,,
Tom Lynch,Richmond,5,2.26,,,,
Rhyan Mansell,Richmond,5,2.6,,,,
Kane McAuliffe,Richmond,5,2.56,,,,
Ben Miller,Richmond,5,2.61,,,,
Toby Nankervis,Richmond,5,2.68,,,,
Dion Prestia,Richmond,5,2.22,,,,
Hugo Ralphsmith,Richmond,5,2.19,,,,
Patrick Retschko,Richmond,5,2.32,,,,
Maurice Rioli,Richmond,5,2.47,,,,
Jack Ross,Richmond,5,2.53,,,,
Samson Ryan,Richmond,5,1.61,,,,
Jayden Short,Richmond,5,2.6,,,,
Thomas Sims,Richmond,5,2.12,,,,
Josh Smillie,Richmond,5,2.28,,,,
Kaleb Smith,Richmond,5,2.81,,,,
Tyler Sonsie,Richmond,5,2.49,,,,
Tim Taranto,Richmond,5,2.87,,,,
Luke Trainor,Richmond,5,2.19,,,,
James Trezise,Richmond,5,1.92,,,,
Nick Vlastuin,Richmond,5,2.29,,,,
Eamonn Armstrong,St Kilda,5,2.16,,,,
James Barrat,St Kilda,5,2.6,,,,
Hugh Boxshall,St Kilda,5,1.88,,,,
Daniel Butler,St Kilda,5,2.48,,,,
Ryan Byrnes,St Kilda,5,2.34,,,,
Anthony Caminiti,St Kilda,5,1.94,,,,
Jack Carroll,St Kilda,5,2.22,,,,
Hunter Clark,St Kilda,5,2.45,,,,
Lance Collard,St Kilda,5,1.87,,,,
Tom De Koning,St Kilda,5,2.65,,,,
Alex Dodson,St Kilda,5,2.57,,,,
Paddy Dow,St Kilda,5,2.83,,,,
Sam Flanders,St Kilda,5,2.59,,,,
Hugo Garcia,St Kilda,5,2.42,,,,
Max Hall,St Kilda,5,3.3,,,,
Angus Hastie,St Kilda,5,2.7,,,,
Liam Henry,St Kilda,5,1.87,,,,
Jack Higgins,St Kilda,5,2.32,,,,
Bradley Hill,St Kilda,5,2.61,,,,
Dougal Howard,St Kilda,5,2.24,,,,
Isaac Keeler,St Kilda,5,2.53,,,,
Max King,St Kilda,5,2.55,,,,
Jackson Macrae,St Kilda,5,2.19,,,,
Rowan Marshall,St Kilda,5,2.11,,,,
Liam O'Connell,St Kilda,5,2.17,,,,
Mitchito Owens,St Kilda,5,2.77,,,,
Mattaes Phillipou,St Kilda,5,1.94,,,,
Liam Ryan,St Kilda,5,2.28,,,,
Patrick Said,St Kilda,5,2.54,,,,
Cooper Sharman,St Kilda,5,2.21,,,,
Jack Silvagni,St Kilda,5,2.74,,,,
Jack Sinclair,St Kilda,5,3.08,,,,
Liam Stocker,St Kilda,5,2.23,,,,
Alix Tauru,St Kilda,5,1.94,,,,
Tobie Travaglia,St Kilda,5,2.06,,,,
Nasiah Wanganeen-Milera,St Kilda,5,2.63,,,,
Callum Wilkie,St Kilda,5,3.51,,,,
Darcy Wilson,St Kilda,5,2.2,,,,
Marcus Windhager,St Kilda,5,2.9,,,,
Mason Wood,St Kilda,5,2.6,,,,
Taylor Adams,Sydney,5,2.35,,,,
Joel Amartey,Sydney,5,2.7,,,,
Riak Andrew,Sydney,5,3.01,,,,
Riley Bice,Sydney,5,2.76,,,,
Nick Blakey,Sydney,5,2.78,,,,
Ned Bowman,Sydney,5,2.43,,,,
Braeden Campbell,Sydney,5,2.6,,,,
Caiden Cleary,Sydney,5,2.66,,,,
Billy Cootee,Sydney,5,3.15,,,,
Harry Cunningham,Sydney,5,2.46,,,,
Charlie Curnow,Sydney,5,2.56,,,,
Will Edwards,Sydney,5,2.27,,,,
Will Green,Sydney,5,2.68,,,,
Brodie Grundy,Sydney,5,3.27,,,,
Errol Gulden,Sydney,5,2.8,,,,
Joel Hamling,Sydney,5,2.89,,,,
Tom Hanily,Sydney,5,2.41,,,,
Isaac Heeney,Sydney,5,3.22,,,,
James Jordon,Sydney,5,1.89,,,,
Max King,Sydney,5,2.55,,,,
Peter Ladhams,Sydney,5,1.92,,,,
Jake Lloyd,Sydney,5,2.68,,,,
Tom McCartin,Sydney,5,2.92,,,,
Logan McDonald,Sydney,5,2.57,,,,
Justin McInerney,Sydney,5,2.77,,,,
Hayden McLean,Sydney,5,2.55,,,,
Lewis Melican,Sydney,5,1.97,,,,
Callum Mills,Sydney,5,3.01,,,,
Tom Papley,Sydney,5,3.0,,,,
Dane Rampe,Sydney,5,2.31,,,,
Matthew Roberts,Sydney,5,2.86,,,,
Patrick Snell,Sydney,5,2.57,,,,
Chad Warner,Sydney,5,2.49,,,,
Corey Warner,Sydney,5,2.06,,,,
Sam Wicks,Sydney,5,2.47,,,,
Bo Allan,West Coast,5,2.45,,,,
Liam Baker,West Coast,5,2.73,,,,
Harry Barnett,West Coast,5,2.37,,,,
Rhett Bazzo,West Coast,5,2.72,,,,
Sandy Brock,West Coast,5,1.95,,,,
Tyler Brockman,West Coast,5,2.53,,,,
Malakai Champion,West Coast,5,2.29,,,,
Tom Cole,West Coast,5,2.8,,,,
Jamie Cripps,West Coast,5,2.34,,,,
Hamish Davis,West Coast,5,2.38,,,,
Tyrell Dewar,West Coast,5,2.14,,,,
Liam Duggan,West Coast,5,2.48,,,,
Harry Edwards,West Coast,5,2.69,,,,
Matthew Flynn,West Coast,5,2.22,,,,
Reuben Ginbey,West Coast,5,2.58,,,,
Jack Graham,West Coast,5,2.36,,,,
Tom Gross,West Coast,5,2.45,,,,
Clay Hall,West Coast,5,2.26,,,,
Elijah Hewett,West Coast,5,2.12,,,,
Brady Hough,West Coast,5,2.11,,,,
Jack Hutchinson,West Coast,5,2.23,,,,
Harvey Johnston,West Coast,5,2.74,,,,
Tim Kelly,West Coast,5,2.55,,,,
Noah Long,West Coast,5,1.89,,,,
Finlay Macrae,West Coast,5,2.41,,,,
Ryan Maric,West Coast,5,2.46,,,,
Tom McCarthy,West Coast,5,2.58,,,,
Milan Murdock,West Coast,5,3.42,,,,
Jacob Newton,West Coast,5,1.92,,,,
Matt Owies,West Coast,5,2.09,,,,
Archer Reid,West Coast,5,2.18,,,,
Harley Reid,West Coast,5,2.4,,,,
Deven Robertson,West Coast,5,2.38,,,,
Harry Schoenberg,West Coast,5,2.23,,,,
Jobe Shanahan,West Coast,5,2.62,,,,
Brandon Starcevich,West Coast,5,2.09,,,,
Jake Waterman,West Coast,5,2.58,,,,
Bailey J. Williams,West Coast,5,2.91,,,,
Jack Williams,West Coast,5,2.53,,,,
Elliot Yeo,West Coast,5,2.18,,,,
Tylar Young,West Coast,5,2.05,,,,
Oskar Baker,Western Bulldogs,5,2.05,,,,
Marcus Bontempelli,Western Bulldogs,5,3.08,,,,
Lachlan Bramble,Western Bulldogs,5,2.52,,,,
Connor Budarick,Western Bulldogs,5,2.48,,,,
Jedd Busslinger,Western Bulldogs,5,2.3,,,,
Luke Cleary,Western Bulldogs,5,2.68,,,,
Nicholas Coffield,Western Bulldogs,5,2.9,,,,
Jordan Croft,Western Bulldogs,5,2.18,,,,
Bailey Dale,Western Bulldogs,5,2.31,,,,
Sam Darcy,Western Bulldogs,5,3.14,,,,
Sam Davidson,Western Bulldogs,5,1.76,,,,
Josh Dolan,Western Bulldogs,5,2.25,,,,
Timothy English,Western Bulldogs,5,3.01,,,,
Joel Freijah,Western Bulldogs,5,2.31,,,,
Cooper Hynes,Western Bulldogs,5,2.2,,,,
Lachie Jaques,Western Bulldogs,5,2.64,,,,
Arthur Jones,Western Bulldogs,5,2.4,,,,
Luke Kennedy,Western Bulldogs,5,2.12,,,,
Matthew Kennedy,Western Bulldogs,5,3.01,,,,
Buku Khamis,Western Bulldogs,5,2.22,,,,
Will Lewis,Western Bulldogs,5,3.18,,,,
Thomas Liberatore,Western Bulldogs,5,2.89,,,,
Rory Lobb,Western Bulldogs,5,2.4,,,,
Lachlan McNeil,Western Bulldogs,5,2.62,,,,
Aaron Naughton,Western Bulldogs,5,2.79,,,,
James O'Donnell,Western Bulldogs,5,2.43,,,,
Ed Richards,Western Bulldogs,5,2.83,,,,
Ryley Sanders,Western Bulldogs,5,2.62,,,,
Michael Sellwood,Western Bulldogs,5,2.35,,,,
Lachlan Smith,Western Bulldogs,5,2.4,,,,
Adam Treloar,Western Bulldogs,5,2.25,,,,
Laitham Vandermeer,Western Bulldogs,5,2.37,,,,
Zac Walker,Western Bulldogs,5,1.98,,,,
Cody Weightman,Western Bulldogs,5,2.62,,,,
Rhylee West,Western Bulldogs,5,2.56,,,,
Bailey Williams,Western Bulldogs,5,2.91,,,,
Callum Ah Chee,Adelaide,6,1.83,1.53,1.62,2.82,1.93
Sam Berry,Adelaide,6,2.81,3.18,2.46,1.86,3.43
Hugh Bond,Adelaide,6,2.25,1.93,2.02,1.85,3.12
James Borlase,Adelaide,6,2.54,1.51,2.01,2.46,3.43
Jordon Butts,Adelaide,6,2.73,2.51,2.88,3.13,2.45
Brayden Cook,Adelaide,6,2.72,2.58,2.53,3.05,3.0
Isaac Cumming,Adelaide,6,2.47,2.39,2.5,2.32,2.65
Daniel Curtin,Adelaide,6,2.86,2.57,2.39,4.22,3.09
Jordan Dawson,Adelaide,6,2.88,2.81,2.7,2.99,3.2
Billy Dowling,Adelaide,6,3.27,3.53,3.29,2.9,3.07
Sid Draper,Adelaide,6,2.31,2.47,2.19,1.66,2.67
Charlie Edwards,Adelaide,6,2.88,3.59,3.03,2.25,2.32
Darcy Fogarty,Adelaide,6,2.07,2.26,2.07,1.65,2.87
Mitchell Hinge,Adelaide,6,2.43,2.43,1.99,2.53,2.97
Chayce Jones,Adelaide,6,2.05,2.0,2.01,1.48,2.49
Mark Keane,Adelaide,6,2.67,2.83,2.21,2.45,2.96
Ben Keays,Adelaide,6,2.5,2.73,2.57,1.96,2.63
Rory Laird,Adelaide,6,2.57,2.87,2.68,2.69,2.04
Finnbar Maley,Adelaide,6,2.62,2.26,1.83,3.63,3.26
Lachlan McAndrew,Adelaide,6,2.72,2.64,2.21,3.04,2.84
Max Michalanney,Adelaide,6,2.5,2.37,1.86,3.0,3.23
Wayne Milera,Adelaide,6,2.96,3.1,3.06,2.67,2.85
Nick Murray,Adelaide,6,2.61,2.29,2.69,2.21,3.1
Toby Murray,Adelaide,6,2.44,2.27,2.78,2.27,2.57
Luke Nankervis,Adelaide,6,2.3,2.25,1.7,3.29,2.7
Alex Neal-Bullen,Adelaide,6,2.85,3.23,2.57,2.65,3.01
Reilly O'Brien,Adelaide,6,2.73,2.16,2.31,3.12,3.15
James Peatling,Adelaide,6,2.48,2.69,2.38,2.75,2.09
Luke Pedlar,Adelaide,6,1.89,1.94,1.45,2.21,2.41
Josh Rachele,Adelaide,6,2.65,2.91,2.76,2.14,2.43
Izak Rankine,Adelaide,6,2.8,2.97,2.71,2.3,3.36
Oscar Ryan,Adelaide,6,2.24,2.15,2.09,2.23,2.56
Lachlan Sholl,Adelaide,6,2.19,2.3,2.1,2.33,2.01
Jake Soligo,Adelaide,6,2.18,1.93,2.29,2.11,2.52
Zac Taylor,Adelaide,6,2.38,2.09,2.79,2.27,2.11
Riley Thilthorpe,Adelaide,6,3.12,3.92,2.86,2.94,2.56
Taylor Walker,Adelaide,6,2.73,2.89,2.72,2.58,2.75
Tyler Welsh,Adelaide,6,2.25,2.25,2.2,2.18,2.64
Josh Worrell,Adelaide,6,3.02,3.36,2.92,2.71,2.99
Oscar Allen,Brisbane,6,2.4,2.14,2.8,2.32,1.89
Harris Andrews,Brisbane,6,3.2,3.24,2.92,3.18,3.3
Noah Answerth,Brisbane,6,1.88,1.5,2.0,1.59,2.29
Levi Ashcroft,Brisbane,6,2.6,2.8,2.56,2.69,2.3
Will Ashcroft,Brisbane,6,2.69,3.18,2.47,2.29,2.48
Zac Bailey,Brisbane,6,2.61,2.24,3.31,2.54,2.27
Luke Beecken,Brisbane,6,2.36,2.06,2.56,2.42,2.54
Jarrod Berry,Brisbane,6,2.97,3.32,2.82,2.58,2.97
Shadeau Brain,Brisbane,6,2.89,3.2,2.39,2.69,3.41
Charlie Cameron,Brisbane,6,2.62,2.44,2.71,2.43,3.05
Keidean Coleman,Brisbane,6,2.57,2.34,2.58,3.31,2.35
Tom Doedee,Brisbane,6,2.28,2.34,2.48,1.66,2.3
Sam Draper,Brisbane,6,2.69,2.29,2.66,3.13,2.08
Josh Dunkley,Brisbane,6,2.66,2.28,2.17,3.87,3.17
Jaspa Fletcher,Brisbane,6,2.71,2.75,2.81,2.35,2.76
Darcy Fort,Brisbane,6,2.48,2.39,2.5,2.63,2.14
Ty Gallop,Brisbane,6,1.9,1.77,1.79,2.14,1.83
Darcy Gardiner,Brisbane,6,2.28,2.34,2.03,2.69,2.01
Tai Hayes,Brisbane,6,2.43,2.32,2.36,2.75,2.51
Eric Hipwood,Brisbane,6,2.5,2.45,2.49,2.58,2.48
Darragh Joyce,Brisbane,6,2.4,2.56,2.46,2.11,2.54
Conor McKenna,Brisbane,6,1.59,0.88,1.81,1.48,2.66
Will McLachlan,Brisbane,6,2.07,1.25,2.32,3.18,1.6
Logan Morris,Brisbane,6,2.53,2.89,2.89,2.0,2.0
Lachie Neale,Brisbane,6,3.03,3.73,2.9,3.28,1.83
Jack Payne,Brisbane,6,2.79,2.09,2.36,3.22,3.0
Cameron Rayner,Brisbane,6,3.04,3.68,2.73,3.17,2.3
Bruce Reville,Brisbane,6,2.65,2.55,3.01,2.7,2.16
Henry Smith,Brisbane,6,2.24,1.48,2.45,2.34,3.1
Reece Torrent,Brisbane,6,2.62,2.42,2.51,3.69,2.3
James Tunstill,Brisbane,6,2.21,1.97,1.98,3.73,1.22
Darcy Wilmot,Brisbane,6,2.49,2.78,2.18,3.03,2.29
Zane Zakostelsky,Brisbane,6,1.99,2.48,1.93,1.97,1.76
Dayne Zorko,Brisbane,6,2.63,3.09,2.88,2.25,2.06
Blake Acres,Carlton,6,1.98,1.65,1.95,2.25,2.39
Ben Ainsworth,Carlton,6,2.63,2.58,2.79,2.89,2.01
Jordan Boyd,Carlton,6,2.06,1.38,1.84,2.12,3.02
Ben Camporeale,Carlton,6,2.69,2.85,2.58,2.93,2.39
Lucas Camporeale,Carlton,6,2.33,2.17,2.11,3.15,2.34
Matt Carroll,Carlton,6,2.59,2.56,2.58,2.35,2.81
Adam Cerra,Carlton,6,2.5,3.08,1.87,1.6,3.14
Harry Charleson,Carlton,6,1.91,1.77,1.98,1.86,1.99
Campbell Chesser,Carlton,6,2.14,2.07,1.66,2.33,2.93
Matt Cottrell,Carlton,6,1.93,1.84,2.03,2.1,1.8
Lachlan Cowan,Carlton,6,2.18,2.27,1.95,2.69,2.12
Patrick Cripps,Carlton,6,2.96,3.76,2.43,2.37,2.78
Wade Derksen,Carlton,6,2.26,2.06,1.5,2.17,2.78
Matt Duffy,Carlton,6,1.67,1.93,1.94,1.47,1.57
Francis Evans,Carlton,6,2.46,2.57,2.3,1.97,3.25
Oliver Florent,Carlton,6,2.84,3.21,2.45,3.16,2.83
Lachlan Fogarty,Carlton,6,1.98,2.4,1.75,1.73,2.01
Nick Haynes,Carlton,6,2.41,1.72,2.01,4.39,2.47
Will Hayward,Carlton,6,2.37,2.16,2.25,2.92,2.32
George Hewett,Carlton,6,2.76,2.69,2.44,3.55,2.79
Elijah Hollands,Carlton,6,2.34,1.94,2.52,3.55,1.88
Oliver Hollands,Carlton,6,2.68,2.73,2.52,2.56,2.92
Brodie Kemp,Carlton,6,2.13,1.98,2.12,1.99,2.98
Cooper Lord,Carlton,6,2.87,3.16,3.28,2.21,2.2
Mitch McGovern,Carlton,6,2.67,2.79,2.97,1.95,3.47
Harry McKay,Carlton,6,2.72,2.88,2.42,2.97,2.61
Ashton Moir,Carlton,6,2.24,1.93,1.96,2.95,2.57
Rob Monahan,Carlton,6,2.08,1.67,2.15,2.28,2.29
Jesse Motlop,Carlton,6,2.56,2.6,2.41,2.18,3.35
Nic Newman,Carlton,6,2.51,1.9,3.09,2.93,2.05
Harry O'Farrell,Carlton,6,2.34,2.11,2.23,2.36,2.5
Hudson O'Keeffe,Carlton,6,1.6,1.52,1.54,1.64,1.73
Marc Pittonet,Carlton,6,2.67,2.88,2.96,2.49,2.36
Liam Reidy,Carlton,6,2.9,3.89,2.8,2.57,2.62
Adam Saad,Carlton,6,2.38,2.21,2.48,1.62,2.87
Jagga Smith,Carlton,6,2.34,2.52,2.54,2.12,1.91
Sam Walsh,Carlton,6,2.82,2.98,2.85,2.19,2.97
Jacob Weitering,Carlton,6,2.68,2.42,2.36,2.72,2.94
Zachary Williams,Carlton,6,2.79,3.55,2.74,1.5,2.88
Billy Wilson,Carlton,6,2.49,3.09,2.49,1.63,2.4
Flynn Young,Carlton,6,2.97,2.84,3.21,3.5,1.97
Lewis Young,Carlton,6,2.32,2.62,2.08,1.71,2.79
Edward Allan,Collingwood,6,1.86,1.98,1.56,2.02,2.08
Angus Anderson,Collingwood,6,3.02,3.51,2.78,2.19,3.14
Jack Buller,Collingwood,6,1.49,1.94,1.08,1.35,2.27
Darcy Cameron,Collingwood,6,2.71,2.92,2.34,2.91,2.5
Joel Cochran,Collingwood,6,2.25,1.8,1.96,3.02,2.63
Jamie Elliott,Collingwood,6,2.26,1.94,2.39,2.73,1.96
Billy Frampton,Collingwood,6,2.79,2.35,2.6,2.83,3.08
Harvey Harrison,Collingwood,6,2.1,1.82,2.34,2.07,2.14
Will Hayes,Collingwood,6,2.08,1.44,2.38,2.1,2.65
Bobby Hill,Collingwood,6,2.54,2.13,2.96,2.59,2.31
Dan Houston,Collingwood,6,2.85,2.91,2.91,3.03,2.58
Jeremy Howe,Collingwood,6,2.45,2.2,1.97,2.62,2.65
Noah Howes,Collingwood,6,2.25,1.92,2.38,2.35,2.26
Tew Jiath,Collingwood,6,2.35,2.11,2.34,2.68,2.39
Patrick Lipinski,Collingwood,6,2.05,1.67,2.22,2.76,1.92
Ned Long,Collingwood,6,2.2,1.78,1.91,2.29,3.32
Brayden Maynard,Collingwood,6,2.93,3.38,3.23,2.46,2.95
Beau McCreery,Collingwood,6,2.63,2.7,2.57,2.11,3.31
Reef McInnes,Collingwood,6,1.89,1.44,1.94,2.02,2.0
Daniel McStay,Collingwood,6,2.49,2.36,2.28,2.71,2.87
Tim Membrey,Collingwood,6,2.16,1.91,2.28,2.25,2.07
Darcy Moore,Collingwood,6,3.08,2.44,2.65,3.12,3.6
Wil Parker,Collingwood,6,1.79,1.74,1.54,1.48,2.38
Scott Pendlebury,Collingwood,6,2.41,2.17,2.52,2.99,2.22
Harry Perryman,Collingwood,6,2.5,2.42,2.24,2.74,2.81
Isaac Quaynor,Collingwood,6,2.59,2.37,2.43,2.82,2.91
Jakob Ryan,Collingwood,6,2.82,2.37,3.35,3.39,2.19
Lachlan Schultz,Collingwood,6,3.23,3.06,2.98,3.68,3.55
Steele Sidebottom,Collingwood,6,2.61,2.98,2.3,3.47,1.94
Iliro Smit,Collingwood,6,1.99,2.01,1.81,1.91,2.49
Roan Steele,Collingwood,6,2.04,1.65,2.32,2.06,2.1
Oscar Steene,Collingwood,6,2.17,1.85,2.23,2.15,2.56
Lachie Sullivan,Collingwood,6,2.41,2.87,2.14,1.98,2.69
Charlie West,Collingwood,6,2.79,2.54,3.08,2.84,2.2
Lachlan Blakiston,Essendon,6,2.07,2.1,2.24,1.88,2.24
Nick Bryan,Essendon,6,2.1,1.94,2.43,2.03,1.94
Nate Caddy,Essendon,6,2.36,2.53,2.68,1.95,2.02
Jye Caldwell,Essendon,6,2.38,2.49,2.38,1.75,2.65
Nikolas Cox,Essendon,6,2.01,1.78,2.1,2.33,2.04
Archer Day-Wicks,Essendon,6,1.9,1.43,1.69,2.39,2.67
Sam Durham,Essendon,6,2.48,2.13,2.51,3.31,2.45
Xavier Duursma,Essendon,6,2.25,2.44,2.12,2.43,2.03
Tom Edwards,Essendon,6,2.27,2.19,2.54,1.72,3.16
Saad El-Hawli,Essendon,6,2.13,1.72,2.29,2.31,2.31
Brayden Fiorini,Essendon,6,2.23,2.07,2.31,2.16,2.36
Kayle Gerreyn,Essendon,6,2.32,2.55,2.04,2.38,2.57
Jade Gresham,Essendon,6,2.52,2.4,3.05,1.96,2.26
Matt Guelfi,Essendon,6,1.85,2.1,1.47,1.58,2.59
Lewis Hayes,Essendon,6,3.31,2.67,3.23,4.51,3.34
Zak Johnson,Essendon,6,1.97,2.04,2.3,2.0,1.42
Harrison Jones,Essendon,6,1.83,1.34,1.87,2.4,2.2
Isaac Kako,Essendon,6,2.5,2.69,2.62,2.49,1.88
Kyle Langford,Essendon,6,2.23,1.62,2.18,4.03,2.05
Nicholas Martin,Essendon,6,2.85,2.08,3.44,4.0,2.42
Archie May,Essendon,6,2.29,1.62,1.95,3.14,2.62
Andrew McGrath,Essendon,6,2.78,2.88,2.92,2.38,2.73
Ben McKay,Essendon,6,2.44,1.91,2.19,3.01,2.35
Liam McMahon,Essendon,6,2.04,1.68,2.32,1.99,2.06
Zachary Merrett,Essendon,6,2.83,2.71,3.13,2.46,2.88
Jayden Nguyen,Essendon,6,1.91,2.13,2.57,1.23,1.18
Darcy Parish,Essendon,6,2.45,2.67,2.55,2.57,1.81
Will Setterfield,Essendon,6,2.68,2.36,2.46,2.73,3.54
Elijah Tsatas,Essendon,6,3.01,3.65,2.78,2.16,2.87
Rhys Unwin,Essendon,6,2.09,2.06,2.13,1.7,2.56
Vigo Visentini,Essendon,6,2.32,2.41,2.05,2.07,3.28
Peter Wright,Essendon,6,2.71,2.31,3.06,2.71,2.65
Jye Amiss,Fremantle,6,2.41,2.33,2.6,2.43,1.87
Bailey Banfield,Fremantle,6,2.23,2.47,2.16,1.73,2.39
Shai Bolton,Fremantle,6,2.59,2.81,2.95,2.0,2.13
Andrew Brayshaw,Fremantle,6,2.66,2.5,2.66,2.19,3.27
Jaren Carr,Fremantle,6,2.14,2.59,2.15,1.94,1.81
Heath Chapman,Fremantle,6,2.39,2.36,2.34,2.5,2.44
Jordan Clark,Fremantle,6,2.82,3.31,2.77,2.05,2.85
Brennan Cox,Fremantle,6,2.86,2.69,2.42,2.44,3.51
Mason Cox,Fremantle,6,2.81,3.48,2.25,2.97,2.59
Sean Darcy,Fremantle,6,1.97,1.71,1.95,2.07,2.08
Hugh Davies,Fremantle,6,2.6,2.74,2.8,2.34,2.65
Josh Draper,Fremantle,6,2.01,2.26,2.78,1.79,1.72
Isaiah Dudley,Fremantle,6,2.59,2.35,3.15,1.84,2.74
Neil Erasmus,Fremantle,6,2.56,3.45,2.38,2.05,1.93
Michael Frederick,Fremantle,6,2.58,2.35,2.81,2.6,2.46
Luke Jackson,Fremantle,6,2.92,3.63,3.08,2.49,2.85
Matt Johnson,Fremantle,6,2.46,2.53,2.54,2.27,2.37
Oscar McDonald,Fremantle,6,2.3,1.91,1.68,2.15,2.91
Judd McVee,Fremantle,6,2.38,2.93,2.16,2.33,2.16
Ollie Murphy,Fremantle,6,2.03,1.6,1.82,1.95,2.43
Tobyn Murray,Fremantle,6,2.04,1.87,2.04,1.66,2.87
Charlie Nicholls,Fremantle,6,2.16,1.94,2.4,2.06,2.18
Nathan O'Driscoll,Fremantle,6,2.7,3.33,2.51,1.83,2.74
Jaeger O'Meara,Fremantle,6,2.43,2.58,2.41,2.19,2.4
Alex Pearce,Fremantle,6,2.81,2.77,2.14,3.51,2.53
Murphy Reid,Fremantle,6,3.08,4.08,3.02,2.09,2.52
Aiden Riddle,Fremantle,6,2.31,2.13,2.05,2.66,2.65
Luke Ryan,Fremantle,6,2.58,1.74,2.77,3.37,2.68
Caleb Serong,Fremantle,6,2.9,3.45,2.8,2.18,2.65
Jeremy Sharp,Fremantle,6,2.95,3.44,3.22,2.01,2.4
Cooper Simpson,Fremantle,6,2.3,2.14,2.62,1.55,2.46
Sam Sturt,Fremantle,6,2.11,2.35,2.22,1.74,1.87
Sam Switkowski,Fremantle,6,2.3,2.34,2.19,2.19,2.62
Josh Treacy,Fremantle,6,3.44,3.36,3.35,3.66,3.28
Patrick Voss,Fremantle,6,2.46,2.85,2.39,1.93,3.38
Corey Wagner,Fremantle,6,2.68,2.81,2.79,2.21,2.63
Brandon Walker,Fremantle,6,3.04,3.2,2.88,3.02,3.12
Karl Worner,Fremantle,6,2.59,2.09,2.26,2.96,3.31
Hayden Young,Fremantle,6,2.28,2.18,2.48,2.44,2.0
Tom Atkins,Geelong,6,2.74,3.18,2.09,1.66,3.78
Jed Bews,Geelong,6,2.68,2.47,2.47,3.58,2.64
Mark Blicavs,Geelong,6,2.48,2.68,2.81,1.93,3.15
Jack Bowes,Geelong,6,2.67,2.35,3.44,2.37,2.04
Tanner Bruhn,Geelong,6,2.53,2.53,2.89,2.33,2.17
Cillian Burke,Geelong,6,2.52,2.45,2.45,2.78,2.46
Jeremy Cameron,Geelong,6,2.77,2.8,2.74,2.71,2.97
Jhye Clark,Geelong,6,1.77,1.51,1.56,2.62,1.89
Bradley Close,Geelong,6,2.03,1.6,1.91,2.73,2.24
Toby Conway,Geelong,6,2.47,3.03,2.3,2.4,2.21
Patrick Dangerfield,Geelong,6,3.31,3.89,3.04,3.44,2.62
Sam De Koning,Geelong,6,2.89,2.82,2.42,3.28,2.79
Ollie Dempsey,Geelong,6,2.56,2.81,2.45,3.46,1.72
Mitchell Edwards,Geelong,6,2.01,2.17,1.77,1.99,2.27
Lawson Humphries,Geelong,6,2.4,2.14,2.29,2.67,2.66
Mitchell Knevitt,Geelong,6,3.01,4.52,2.8,2.1,2.7
Jake Kolodjashnij,Geelong,6,2.73,2.8,3.21,3.08,2.19
Shaun Mannagh,Geelong,6,2.68,2.51,2.62,3.16,2.49
Jack Martin,Geelong,6,2.64,2.57,2.54,3.03,2.46
Keighton Matofai-Forbes,Geelong,6,2.03,1.82,2.17,1.77,2.21
Gryan Miers,Geelong,6,3.01,3.5,2.76,2.64,3.11
Jacob Molier,Geelong,6,2.44,2.38,2.62,2.3,2.37
Oisin Mullin,Geelong,6,2.17,2.14,1.98,2.17,2.44
Shannon Neale,Geelong,6,2.98,2.65,2.82,3.47,2.84
Mark O'Connor,Geelong,6,2.4,2.39,2.35,2.33,2.57
Connor O'Sullivan,Geelong,6,2.77,2.91,2.8,2.71,2.74
Joe Pike,Geelong,6,2.47,2.29,2.92,2.06,3.06
Jay Polkinghorne,Geelong,6,2.46,2.13,2.73,2.4,2.54
Bailey Smith,Geelong,6,2.94,3.23,2.86,2.29,3.06
Rhys Stanley,Geelong,6,2.54,2.18,2.59,2.66,2.63
Tyson Stengle,Geelong,6,2.82,2.79,3.04,2.44,2.86
George Stevens,Geelong,6,2.8,3.01,3.07,2.31,2.39
Thomas Stewart,Geelong,6,2.88,2.88,2.66,2.55,3.39
Oliver Wiltshire,Geelong,6,2.23,2.18,2.32,2.42,1.87
James Worpel,Geelong,6,2.84,3.24,2.54,1.5,3.61
Oscar Adams,Gold Coast,6,1.84,2.14,2.42,1.2,1.98
Noah Anderson,Gold Coast,6,2.63,2.92,2.96,2.25,1.94
Mac Andrew,Gold Coast,6,2.74,3.72,3.38,1.99,2.55
Charlie Ballard,Gold Coast,6,2.3,1.93,1.92,3.78,2.33
Cooper Bell,Gold Coast,6,1.85,1.96,2.22,1.73,1.74
Sam Clohesy,Gold Coast,6,2.52,2.27,2.44,2.56,3.03
Samuel Collins,Gold Coast,6,2.88,2.51,2.56,3.38,2.81
Alex Davies,Gold Coast,6,2.25,2.35,2.12,1.42,2.92
Asher Eastham,Gold Coast,6,2.44,2.05,2.75,2.35,2.46
Zak Evans,Gold Coast,6,2.6,3.16,2.87,1.66,2.21
Jy Farrar,Gold Coast,6,1.92,1.67,1.89,2.08,2.26
Caleb Graham,Gold Coast,6,3.04,2.33,2.32,4.34,2.65
Will Graham,Gold Coast,6,2.21,1.86,2.06,2.65,2.73
Lachlan Gulbin,Gold Coast,6,2.5,2.94,2.19,2.26,2.63
Elliott Himmelberg,Gold Coast,6,2.19,2.24,2.26,2.13,1.96
Nicholas Holman,Gold Coast,6,3.05,3.05,2.67,2.68,3.92
Bailey Humphrey,Gold Coast,6,3.09,3.19,2.95,3.3,2.91
Joel Jeffrey,Gold Coast,6,2.62,3.06,2.8,2.19,2.18
Ben Jepson,Gold Coast,6,2.95,3.09,3.26,2.23,2.77
Ben King,Gold Coast,6,2.61,2.02,3.65,2.27,1.44
Max Knobel,Gold Coast,6,2.45,2.24,2.85,2.41,2.16
Caleb Lewis,Gold Coast,6,1.91,1.97,2.17,1.42,2.35
Leo Lombard,Gold Coast,6,2.53,2.75,2.66,2.08,2.41
Ben Long,Gold Coast,6,2.46,2.14,2.59,2.32,2.94
Touk Miller,Gold Coast,6,2.61,2.6,2.96,2.66,2.07
Ned Moyle,Gold Coast,6,2.72,2.11,2.63,3.09,2.67
John Noble,Gold Coast,6,2.61,2.56,3.31,1.79,2.18
Christian Petracca,Gold Coast,6,3.09,2.85,3.69,3.66,2.19
Wil Powell,Gold Coast,6,2.53,1.97,2.42,2.92,3.35
Ethan Read,Gold Coast,6,2.34,2.31,2.23,2.33,2.84
Daniel Rioli,Gold Coast,6,2.43,2.19,2.89,1.67,2.48
Jake Rogers,Gold Coast,6,2.47,2.47,2.47,1.86,3.3
Matt Rowell,Gold Coast,6,2.59,3.11,2.09,2.1,2.78
Jamarra Ugle-Hagan,Gold Coast,6,2.77,3.03,2.94,2.56,2.13
Bodhi Uwland,Gold Coast,6,3.07,3.17,2.84,3.53,3.02
Jed Walter,Gold Coast,6,2.82,2.73,2.59,3.34,2.3
Lachlan Weller,Gold Coast,6,2.31,2.04,2.48,2.02,2.63
Jarrod Witts,Gold Coast,6,2.54,2.76,2.14,2.58,2.82
Leek Aleer,GWS Giants,6,2.4,2.37,2.57,2.41,2.19
Finn Callaghan,GWS Giants,6,2.91,2.9,3.0,3.35,2.47
Stephen Coniglio,GWS Giants,6,2.05,1.82,2.24,2.22,2.07
Brent Daniels,GWS Giants,6,2.45,2.86,2.37,2.18,2.2
Josaia Delana,GWS Giants,6,1.88,1.76,1.74,1.63,2.77
Joseph Fonti,GWS Giants,6,3.03,2.82,2.56,3.65,3.53
Phoenix Gothard,GWS Giants,6,2.83,3.05,2.78,2.52,2.91
Tom Green,GWS Giants,6,3.14,4.11,3.04,2.1,2.38
Toby Greene,GWS Giants,6,2.48,2.75,2.35,2.64,2.09
Max Gruzewski,GWS Giants,6,1.96,1.7,1.92,2.22,2.0
Riley Hamilton,GWS Giants,6,2.46,2.36,2.94,2.19,2.14
Oliver Hannaford,GWS Giants,6,2.1,2.13,2.29,2.13,1.55
Harrison Himmelberg,GWS Giants,6,2.45,2.11,2.45,2.82,2.55
Jesse Hogan,GWS Giants,6,2.23,1.91,2.26,2.51,2.08
Connor Idun,GWS Giants,6,2.91,2.69,2.91,3.56,2.76
Darcy Jones,GWS Giants,6,2.77,3.28,2.69,1.91,3.13
Joshua Kelly,GWS Giants,6,3.02,3.21,3.11,2.47,3.02
Jayden Laverde,GWS Giants,6,2.84,2.47,3.12,3.27,2.56
James Leake,GWS Giants,6,1.57,2.03,1.63,1.37,1.13
Nick Madden,GWS Giants,6,2.88,2.38,2.31,3.47,2.94
Toby McMullin,GWS Giants,6,2.55,2.23,2.87,2.61,2.58
Xavier O'Halloran,GWS Giants,6,1.85,1.58,2.01,2.37,1.67
Clayton Oliver,GWS Giants,6,3.07,3.79,3.04,2.72,2.11
Harrison Oliver,GWS Giants,6,2.8,3.18,2.92,2.18,2.63
Jack Ough,GWS Giants,6,3.05,3.44,3.03,2.36,2.94
Jake Riccardi,GWS Giants,6,2.41,2.01,3.54,2.1,1.88
Harry Rowston,GWS Giants,6,1.99,1.64,2.36,2.45,1.71
Logan Smith,GWS Giants,6,2.04,2.08,2.0,1.91,2.41
Conor Stone,GWS Giants,6,1.97,1.88,2.05,1.89,2.01
Jake Stringer,GWS Giants,6,2.75,3.58,2.87,1.89,2.83
Sam Taylor,GWS Giants,6,3.6,3.21,3.03,4.08,3.65
Harvey Thomas,GWS Giants,6,2.89,3.36,3.06,2.08,2.5
Nathan Wardius,GWS Giants,6,3.01,2.55,3.51,3.42,2.21
Lachie Whitfield,GWS Giants,6,2.96,3.14,3.43,2.26,2.55
Karl Amon,Hawthorn,6,2.25,2.12,2.7,1.86,2.0
Cody Anderson,Hawthorn,6,2.16,2.28,2.21,1.81,2.17
Tom Barrass,Hawthorn,6,2.93,2.45,2.33,3.52,2.95
Josh Battle,Hawthorn,6,2.64,3.06,3.31,2.76,2.01
James Blanck,Hawthorn,6,2.42,2.29,2.24,2.45,2.54
Sam Butler,Hawthorn,6,1.97,1.49,1.91,3.45,1.81
Mabior Chol,Hawthorn,6,2.62,2.86,2.37,2.76,2.42
Massimo D'Ambrosio,Hawthorn,6,2.71,2.76,2.88,2.43,2.57
Will Day,Hawthorn,6,3.16,3.03,2.82,4.09,3.2
Calsher Dear,Hawthorn,6,2.41,2.88,2.39,1.84,3.03
Jack Ginnivan,Hawthorn,6,3.23,3.83,3.42,2.8,2.16
Jack Gunston,Hawthorn,6,2.82,2.2,3.8,2.53,1.79
Blake Hardwick,Hawthorn,6,2.78,2.64,2.52,3.02,3.12
Matt Hill,Hawthorn,6,2.07,1.94,1.98,1.89,2.76
Henry Hustwaite,Hawthorn,6,1.83,1.69,1.71,1.73,2.31
Jarman Impey,Hawthorn,6,2.74,2.88,2.61,3.41,2.39
Mitchell Lewis,Hawthorn,6,2.91,2.97,2.77,3.16,2.48
Connor MacDonald,Hawthorn,6,3.33,4.09,3.17,2.98,2.66
Bailey Macdonald,Hawthorn,6,2.59,2.78,2.74,1.77,2.69
Cameron Mackenzie,Hawthorn,6,2.31,2.37,2.23,2.08,2.5
Finn Maginness,Hawthorn,6,3.35,4.56,2.89,2.53,3.09
William McCabe,Hawthorn,6,2.4,1.93,2.77,2.41,2.31
Lloyd Meek,Hawthorn,6,2.62,2.13,2.33,3.05,2.58
Dylan Moore,Hawthorn,6,3.02,3.28,3.32,2.41,2.6
Harry Morrison,Hawthorn,6,2.62,2.46,2.72,3.35,2.2
Noah Mraz,Hawthorn,6,2.77,2.61,2.7,3.12,2.59
Conor Nash,Hawthorn,6,2.5,2.73,2.18,1.97,2.97
James Sicily,Hawthorn,6,3.29,3.52,3.74,3.52,2.76
Josh Ward,Hawthorn,6,2.4,2.33,2.36,2.64,2.4
Nick Watson,Hawthorn,6,3.25,3.3,3.65,2.68,2.96
Joshua Weddle,Hawthorn,6,2.56,2.05,3.09,2.56,2.38
Jed Adams,Melbourne,6,2.25,2.07,2.17,1.98,2.63
Jake Bowey,Melbourne,6,2.94,3.53,2.99,2.15,2.76
Tom Campbell,Melbourne,6,3.06,3.67,2.93,2.95,2.73
Kade Chandler,Melbourne,6,2.96,3.31,2.9,2.29,3.29
Paddy Cross,Melbourne,6,2.77,2.37,2.93,3.3,2.53
Jai Culley,Melbourne,6,2.32,2.8,1.88,2.5,2.25
Bayley Fritsch,Melbourne,6,2.82,2.4,3.25,3.31,2.02
Max Gawn,Melbourne,6,3.78,3.88,3.34,4.31,2.95
Max Heath,Melbourne,6,2.95,3.22,2.3,3.47,2.28
Jack Henderson,Melbourne,6,2.38,2.74,2.25,2.19,2.2
Blake Howes,Melbourne,6,2.25,1.95,2.23,2.15,2.63
Matthew Jefferson,Melbourne,6,1.63,1.67,1.47,1.68,1.99
Changkuoth Jiath,Melbourne,6,2.03,1.86,2.02,2.51,1.91
Aidan Johnson,Melbourne,6,1.97,2.36,1.43,1.72,3.6
Luker Kentfield,Melbourne,6,2.05,1.78,2.27,2.66,1.6
Ed Langdon,Melbourne,6,2.18,1.49,2.39,3.54,2.06
Harvey Langford,Melbourne,6,2.16,2.2,2.24,2.39,1.79
Bailey Laurie,Melbourne,6,3.34,4.51,3.05,2.13,3.27
Jake Lever,Melbourne,6,2.7,2.58,2.75,2.88,2.59
Xavier Lindsay,Melbourne,6,2.16,2.27,2.28,1.46,2.31
Steven May,Melbourne,6,2.78,2.34,2.97,3.21,2.59
Shane McAdam,Melbourne,6,1.98,1.64,1.66,2.91,2.16
Tom McDonald,Melbourne,6,2.4,2.04,2.7,2.43,2.46
Jake Melksham,Melbourne,6,2.22,1.47,2.64,3.05,1.59
Ricky Mentha,Melbourne,6,2.16,1.82,2.05,2.66,2.46
Brody Mihocek,Melbourne,6,2.25,2.15,2.37,2.37,1.75
Andy Moniz-Wakefield,Melbourne,6,2.49,2.4,2.64,2.26,2.5
Harrison Petty,Melbourne,6,2.2,2.42,1.67,2.49,2.05
Kysaiah Pickett,Melbourne,6,2.75,2.83,2.75,2.24,3.0
Latrelle Pickett,Melbourne,6,2.14,2.23,2.16,2.23,1.75
Trent Rivers,Melbourne,6,2.55,2.3,2.86,2.52,2.36
Christian Salem,Melbourne,6,2.33,2.72,2.36,1.61,2.32
Harry Sharp,Melbourne,6,2.67,2.83,2.86,2.0,2.81
Tom Sparrow,Melbourne,6,2.34,2.21,2.21,1.75,3.22
Jack Steele,Melbourne,6,3.19,3.35,2.47,3.31,3.89
Koltyn Tholstrup,Melbourne,6,2.35,2.54,2.37,2.25,2.21
Daniel Turner,Melbourne,6,2.57,2.38,2.6,2.55,2.69
Jacob Van Rooyen,Melbourne,6,2.49,2.56,2.54,2.52,2.05
Jack Viney,Melbourne,6,2.66,2.83,2.09,2.35,3.44
Caleb Windsor,Melbourne,6,1.93,1.64,1.93,1.88,2.47
Jackson Archer,North Melbourne,6,1.72,1.53,1.99,1.3,1.81
Zac Banch,North Melbourne,6,2.02,1.73,2.23,1.77,2.43
Tom Blamires,North Melbourne,6,2.37,3.0,2.47,1.74,1.99
Callum Coleman-Jones,North Melbourne,6,1.67,1.92,1.87,1.36,1.85
Charlie Comben,North Melbourne,6,2.7,2.53,2.55,2.54,3.0
Aidan Corr,North Melbourne,6,1.34,1.32,1.48,1.36,1.28
Paul Curtis,North Melbourne,6,2.79,2.41,2.8,3.55,2.54
Caleb Daniel,North Melbourne,6,2.99,3.05,3.12,2.27,3.17
Jack Darling,North Melbourne,6,2.77,3.56,1.89,2.85,3.67
Luke Davies-Uniacke,North Melbourne,6,3.22,3.58,3.08,2.83,3.12
Wil Dawson,North Melbourne,6,2.73,3.64,2.19,2.3,2.8
Zane Duursma,North Melbourne,6,2.42,1.88,2.38,3.48,2.16
Zac Fisher,North Melbourne,6,2.94,3.38,3.12,2.45,2.29
Brayden George,North Melbourne,6,2.17,1.74,2.43,2.01,2.59
Taylor Goad,North Melbourne,6,2.25,2.38,2.35,2.03,2.49
Cooper Harvey,North Melbourne,6,2.48,2.22,2.32,3.34,2.23
Jacob Konstanty,North Melbourne,6,2.11,2.14,1.88,1.93,2.84
Nick Larkey,North Melbourne,6,2.72,2.38,3.37,2.54,1.86
Griffin Logue,North Melbourne,6,2.23,2.84,2.2,2.33,1.82
Luke McDonald,North Melbourne,6,2.54,2.32,2.43,2.86,2.7
Colby McKercher,North Melbourne,6,2.5,2.83,2.91,1.32,2.29
Finn O'Sullivan,North Melbourne,6,2.38,2.38,2.58,2.5,1.98
Luke Parker,North Melbourne,6,3.28,3.24,3.4,4.16,2.62
Toby Pink,North Melbourne,6,2.0,2.3,2.8,1.45,1.95
Tom Powell,North Melbourne,6,2.16,1.94,2.42,2.57,1.87
Bailey Scott,North Melbourne,6,2.2,2.22,2.08,2.16,2.39
Harry Sheezel,North Melbourne,6,3.0,3.29,3.11,2.89,2.4
Jy Simpkin,North Melbourne,6,2.96,3.68,2.93,2.62,2.17
Charlie Spargo,North Melbourne,6,2.71,2.68,2.74,2.77,2.64
Dylan Stephens,North Melbourne,6,2.63,2.05,3.18,3.08,2.21
River Stevens,North Melbourne,6,2.19,2.13,2.18,2.22,2.29
Cooper Trembath,North Melbourne,6,2.86,2.28,2.88,3.38,2.68
Luke Urquhart,North Melbourne,6,2.37,2.19,2.1,2.95,2.63
George Wardlaw,North Melbourne,6,2.37,2.43,1.93,2.23,3.03
Matt Whitlock,North Melbourne,6,1.71,1.49,1.43,1.56,2.09
Tristan Xerri,North Melbourne,6,3.26,3.89,2.7,2.96,4.16
Cameron Zurhaar,North Melbourne,6,2.53,2.32,2.47,3.17,2.25
Aliir Aliir,Port Adelaide,6,3.32,2.82,2.63,4.46,2.93
Tom Anastasopoulos,Port Adelaide,6,2.23,1.71,2.52,3.23,1.94
Benny Barrett,Port Adelaide,6,1.84,1.74,1.74,1.97,2.06
Miles Bergman,Port Adelaide,6,2.12,2.12,2.03,2.97,1.74
Joe Berry,Port Adelaide,6,2.35,2.51,2.34,2.44,1.91
Will Brodie,Port Adelaide,6,3.03,3.83,2.9,1.75,2.76
Jase Burgoyne,Port Adelaide,6,2.74,3.13,2.43,2.66,2.74
Zak Butters,Port Adelaide,6,3.13,3.56,3.41,2.06,2.74
Darcy Byrne-Jones,Port Adelaide,6,2.85,2.64,2.55,3.55,2.99
Tom Cochrane,Port Adelaide,6,2.01,1.96,2.22,1.8,1.93
Willem Drew,Port Adelaide,6,2.6,2.66,2.35,2.25,3.13
Corey Durdin,Port Adelaide,6,2.27,1.64,2.7,2.62,2.03
Logan Evans,Port Adelaide,6,2.46,2.31,2.21,2.96,2.63
Kane Farrell,Port Adelaide,6,2.67,2.75,2.56,2.19,3.04
Mitch Georgiades,Port Adelaide,6,2.72,2.11,3.17,2.82,2.39
Jason Horne-Francis,Port Adelaide,6,2.61,2.56,2.52,3.71,2.01
Lachlan Jones,Port Adelaide,6,2.15,1.58,1.97,2.82,2.57
Josh Lai,Port Adelaide,6,2.13,1.97,1.92,2.97,2.06
Mani Liddy,Port Adelaide,6,2.15,1.94,2.21,2.27,2.29
Ollie Lord,Port Adelaide,6,2.68,2.32,2.62,3.26,2.06
Will Lorenz,Port Adelaide,6,2.9,3.22,2.62,2.45,3.11
Jack Lukosius,Port Adelaide,6,2.68,2.78,2.78,2.36,3.05
Ewan Mackinlay,Port Adelaide,6,2.1,2.0,1.91,2.23,2.49
Todd Marshall,Port Adelaide,6,2.05,1.99,2.55,2.41,1.58
Jackson Mead,Port Adelaide,6,2.13,1.86,2.07,3.22,1.81
Christian Moraes,Port Adelaide,6,2.72,2.55,2.92,2.96,2.55
Jacob Moss,Port Adelaide,6,2.14,3.06,2.23,1.3,2.3
Sam Powell-Pepper,Port Adelaide,6,2.91,3.06,3.08,2.52,2.74
Harrison Ramm,Port Adelaide,6,2.78,2.67,2.2,2.66,3.2
Esava Ratugolea,Port Adelaide,6,2.46,2.31,2.49,2.99,2.07
Joe Richards,Port Adelaide,6,2.95,3.1,2.91,2.74,3.02
Connor Rozee,Port Adelaide,6,2.3,2.23,2.24,2.36,2.47
Josh Sinn,Port Adelaide,6,1.77,1.6,1.89,1.77,1.79
Ivan Soldo,Port Adelaide,6,2.54,2.57,2.49,2.44,2.85
Jordon Sweet,Port Adelaide,6,2.62,3.08,2.62,2.44,2.51
Dante Visentini,Port Adelaide,6,1.97,1.95,1.92,1.93,2.17
Xavier Walsh,Port Adelaide,6,2.23,2.3,2.16,1.85,2.53
Jacob Wehr,Port Adelaide,6,2.11,1.84,2.17,1.87,2.57
Sam Banks,Richmond,6,2.35,2.57,2.68,1.75,2.04
Nathan Broad,Richmond,6,2.5,2.07,1.99,4.34,2.53
Tom Brown,Richmond,6,1.93,1.5,2.11,2.33,1.88
Seth Campbell,Richmond,6,2.56,2.87,2.51,2.42,2.27
Judson Clarke,Richmond,6,2.4,2.54,2.41,2.55,2.17
Jonty Faull,Richmond,6,1.82,1.9,1.46,1.85,2.79
Liam Fawcett,Richmond,6,2.21,1.89,2.51,2.17,2.05
Josh Gibcus,Richmond,6,2.42,2.0,2.05,2.12,3.06
Campbell Gray,Richmond,6,2.55,2.36,2.36,2.67,3.31
Steely Green,Richmond,6,2.54,2.38,2.72,2.18,2.94
Oliver Hayes-Brown,Richmond,6,2.51,3.15,2.68,2.14,2.35
Jacob Hopper,Richmond,6,2.22,3.16,1.74,1.8,1.59
Taj Hotton,Richmond,6,2.69,3.21,2.12,3.14,2.39
Sam Lalor,Richmond,6,2.46,2.03,2.59,3.83,1.99
Mykelti Lefau,Richmond,6,2.64,2.64,2.07,2.82,4.1
Tom Lynch,Richmond,6,2.26,2.18,2.17,2.24,2.8
Rhyan Mansell,Richmond,6,2.6,2.32,2.57,2.67,3.11
Kane McAuliffe,Richmond,6,2.56,2.28,2.28,2.86,3.24
Ben Miller,Richmond,6,2.61,2.47,2.75,2.73,2.52
Toby Nankervis,Richmond,6,2.68,3.06,2.67,2.57,2.49
Dion Prestia,Richmond,6,2.22,2.17,2.24,2.41,2.14
Hugo Ralphsmith,Richmond,6,2.19,2.41,2.31,1.96,1.83
Patrick Retschko,Richmond,6,2.32,2.4,2.32,2.23,2.25
Maurice Rioli,Richmond,6,2.47,2.25,1.96,3.2,3.11
Jack Ross,Richmond,6,2.53,2.56,2.22,2.57,2.94
Samson Ryan,Richmond,6,1.61,1.59,1.86,1.43,1.69
Jayden Short,Richmond,6,2.6,2.78,2.91,2.53,2.02
Thomas Sims,Richmond,6,2.12,2.36,1.52,2.39,2.82
Josh Smillie,Richmond,6,2.28,2.62,1.87,1.62,2.81
Kaleb Smith,Richmond,6,2.81,2.89,2.94,2.88,2.52
Tyler Sonsie,Richmond,6,2.49,2.78,2.47,2.05,2.44
Tim Taranto,Richmond,6,2.87,3.44,2.48,2.17,3.0
Luke Trainor,Richmond,6,2.19,2.36,1.88,1.94,2.62
James Trezise,Richmond,6,1.92,1.41,1.95,1.69,2.8
Nick Vlastuin,Richmond,6,2.29,2.01,2.35,2.33,2.45
Eamonn Armstrong,St Kilda,6,2.16,1.86,2.05,2.07,2.66
James Barrat,St Kilda,6,2.6,2.31,2.09,2.66,2.93
Hugh Boxshall,St Kilda,6,1.88,1.83,1.5,2.0,2.55
Daniel Butler,St Kilda,6,2.48,2.09,1.79,3.57,3.39
Ryan Byrnes,St Kilda,6,2.34,2.68,2.43,2.33,1.89
Anthony Caminiti,St Kilda,6,1.94,2.1,2.15,1.35,2.25
Jack Carroll,St Kilda,6,2.22,1.95,2.0,2.93,2.36
Hunter Clark,St Kilda,6,2.45,2.18,2.3,2.94,2.78
Lance Collard,St Kilda,6,1.87,1.53,2.09,1.97,1.92
Tom De Koning,St Kilda,6,2.65,2.39,2.57,2.91,2.47
Alex Dodson,St Kilda,6,2.57,3.55,2.22,2.3,2.16
Paddy Dow,St Kilda,6,2.83,3.47,2.48,1.89,2.92
Sam Flanders,St Kilda,6,2.59,2.53,2.56,2.49,2.8
Hugo Garcia,St Kilda,6,2.42,2.49,2.22,1.68,3.12
Max Hall,St Kilda,6,3.3,3.89,3.3,2.76,2.84
Angus Hastie,St Kilda,6,2.7,2.93,2.62,2.59,2.65
Liam Henry,St Kilda,6,1.87,1.88,1.85,2.24,1.39
Jack Higgins,St Kilda,6,2.32,2.12,2.63,2.04,2.36
Bradley Hill,St Kilda,6,2.61,1.84,3.29,2.71,2.5
Dougal Howard,St Kilda,6,2.24,2.31,2.75,1.81,2.36
Isaac Keeler,St Kilda,6,2.53,2.35,1.93,3.21,3.04
Max King,St Kilda,6,2.55,2.66,2.76,2.47,1.72
Jackson Macrae,St Kilda,6,2.19,2.28,2.01,1.77,2.63
Rowan Marshall,St Kilda,6,2.11,2.26,2.14,2.13,1.8
Liam O'Connell,St Kilda,6,2.17,1.95,2.19,2.23,2.32
Liam Ryan,St Kilda,6,2.28,1.91,2.6,2.69,1.74
Patrick Said,St Kilda,6,2.54,2.63,2.13,2.65,3.17
Cooper Sharman,St Kilda,6,2.21,2.26,2.27,2.02,2.45
Jack Silvagni,St Kilda,6,2.74,2.72,2.63,2.59,2.92
Jack Sinclair,St Kilda,6,3.08,2.87,3.47,2.8,2.9
Liam Stocker,St Kilda,6,2.23,2.17,1.65,2.05,3.23
Alix Tauru,St Kilda,6,1.94,1.6,1.96,2.42,1.96
Tobie Travaglia,St Kilda,6,2.06,1.94,2.25,1.53,2.22
Nasiah Wanganeen-Milera,St Kilda,6,2.63,2.41,3.05,2.98,2.13
Callum Wilkie,St Kilda,6,3.51,3.58,3.74,3.96,2.98
Darcy Wilson,St Kilda,6,2.2,1.96,2.34,2.86,1.89
Marcus Windhager,St Kilda,6,2.9,4.22,2.73,1.85,2.43
Mason Wood,St Kilda,6,2.6,2.61,2.35,3.03,2.67
Taylor Adams,Sydney,6,2.35,2.44,2.06,2.13,3.15
Joel Amartey,Sydney,6,2.7,2.38,2.78,2.96,2.47
Riak Andrew,Sydney,6,3.01,2.97,2.7,2.53,3.58
Riley Bice,Sydney,6,2.76,2.55,3.09,2.57,2.61
Nick Blakey,Sydney,6,2.78,2.79,3.17,2.26,2.53
Ned Bowman,Sydney,6,2.43,2.46,2.1,2.55,2.96
Braeden Campbell,Sydney,6,2.6,2.46,2.57,2.63,2.91
Caiden Cleary,Sydney,6,2.66,2.86,2.17,2.54,3.54
Billy Cootee,Sydney,6,3.15,3.52,3.27,2.26,3.0
Harry Cunningham,Sydney,6,2.46,2.15,2.76,2.24,2.66
Charlie Curnow,Sydney,6,2.56,2.52,2.67,2.67,1.98
Will Edwards,Sydney,6,2.27,2.39,2.35,1.49,2.82
Will Green,Sydney,6,2.68,2.45,2.7,2.53,3.33
Brodie Grundy,Sydney,6,3.27,3.26,3.17,3.24,3.56
Errol Gulden,Sydney,6,2.8,2.15,3.09,2.12,4.0
Joel Hamling,Sydney,6,2.89,2.41,3.25,3.58,2.41
Tom Hanily,Sydney,6,2.41,2.6,2.32,1.89,2.92
Isaac Heeney,Sydney,6,3.22,3.05,3.21,3.94,2.99
James Jordon,Sydney,6,1.89,1.36,2.18,2.04,2.26
Max King,Sydney,6,2.55,2.66,2.76,2.47,1.72
Peter Ladhams,Sydney,6,1.92,2.32,2.37,1.55,1.62
Jake Lloyd,Sydney,6,2.68,2.82,2.41,2.89,2.76
Tom McCartin,Sydney,6,2.92,3.78,3.25,2.53,2.62
Logan McDonald,Sydney,6,2.57,2.45,2.64,2.56,2.61
Justin McInerney,Sydney,6,2.77,2.46,3.57,2.85,2.07
Hayden McLean,Sydney,6,2.55,2.01,2.43,3.15,2.52
Lewis Melican,Sydney,6,1.97,2.2,1.95,1.67,2.11
Callum Mills,Sydney,6,3.01,2.81,2.91,3.14,3.26
Tom Papley,Sydney,6,3.0,3.24,3.14,2.42,2.99
Dane Rampe,Sydney,6,2.31,3.08,2.86,1.35,2.45
Matthew Roberts,Sydney,6,2.86,2.86,3.0,2.43,2.96
Malcolm Rosas,Sydney,6,2.3,2.06,2.78,1.66,2.52
James Rowbottom,Sydney,6,2.5,2.36,2.14,1.76,3.86
Jai Serong,Sydney,6,2.74,2.34,2.74,2.82,3.3
Angus Sheldrick,Sydney,6,2.39,2.48,2.3,2.23,2.5
Patrick Snell,Sydney,6,2.57,3.42,2.75,2.3,2.25
Chad Warner,Sydney,6,2.49,2.89,2.79,1.75,1.87
Corey Warner,Sydney,6,2.06,1.88,2.35,1.76,2.17
Sam Wicks,Sydney,6,2.47,2.32,2.43,2.29,2.79
Bo Allan,West Coast,6,2.45,2.56,2.5,2.47,2.28
Liam Baker,West Coast,6,2.73,3.3,2.58,1.79,2.95
Harry Barnett,West Coast,6,2.37,2.15,2.35,2.5,2.35
Rhett Bazzo,West Coast,6,2.72,2.79,2.83,2.65,2.69
Sandy Brock,West Coast,6,1.95,2.12,2.25,1.77,1.89
Tyler Brockman,West Coast,6,2.53,2.84,2.32,2.34,2.68
Malakai Champion,West Coast,6,2.29,2.46,2.31,2.07,2.24
Liam Duggan,West Coast,6,2.48,2.62,2.53,1.99,2.57
Harry Edwards,West Coast,6,2.69,2.23,2.38,2.92,2.88
Matthew Flynn,West Coast,6,2.22,2.42,2.17,2.03,2.58
Reuben Ginbey,West Coast,6,2.58,2.73,2.45,1.79,3.22
Jack Graham,West Coast,6,2.36,2.22,2.24,1.8,3.21
Tom Gross,West Coast,6,2.45,2.03,2.39,3.4,2.56
Clay Hall,West Coast,6,2.26,2.1,2.14,2.45,2.59
Elijah Hewett,West Coast,6,2.12,2.28,2.07,1.73,2.18
Brady Hough,West Coast,6,2.11,1.93,2.14,2.62,1.96
Jack Hutchinson,West Coast,6,2.23,2.0,2.06,2.55,2.61
Harvey Johnston,West Coast,6,2.74,2.51,2.88,2.77,2.76
Tim Kelly,West Coast,6,2.55,2.71,2.43,2.59,2.4
Noah Long,West Coast,6,1.89,1.86,1.94,1.78,1.98
Finlay Macrae,West Coast,6,2.41,2.85,1.86,2.35,2.5
Ryan Maric,West Coast,6,2.46,2.59,2.63,2.08,2.34
Tom McCarthy,West Coast,6,2.58,2.73,2.42,3.25,2.25
Milan Murdock,West Coast,6,3.42,4.19,3.36,1.66,4.35
Jacob Newton,West Coast,6,1.92,2.09,1.53,2.07,2.28
Matt Owies,West Coast,6,2.09,1.63,1.92,2.23,3.19
Archer Reid,West Coast,6,2.18,2.38,1.63,2.69,2.03
Harley Reid,West Coast,6,2.4,2.86,2.56,1.87,1.76
Deven Robertson,West Coast,6,2.38,2.59,2.01,1.83,2.99
Harry Schoenberg,West Coast,6,2.23,2.64,2.07,1.75,2.44
Jobe Shanahan,West Coast,6,2.62,2.48,2.47,3.0,2.34
Brandon Starcevich,West Coast,6,2.09,1.81,1.96,2.22,2.46
Jake Waterman,West Coast,6,2.58,2.35,3.16,2.38,1.78
Bailey J. Williams,West Coast,6,2.91,2.73,3.11,2.94,2.79
Jack Williams,West Coast,6,2.53,2.07,2.85,2.47,2.73
Elliot Yeo,West Coast,6,2.18,2.21,2.12,1.76,2.5
Tylar Young,West Coast,6,2.05,2.19,2.36,1.91,1.97
Oskar Baker,Western Bulldogs,6,2.05,1.55,2.22,3.24,1.78
Marcus Bontempelli,Western Bulldogs,6,3.08,3.06,3.48,2.99,2.59
Lachlan Bramble,Western Bulldogs,6,2.52,2.56,2.87,2.15,2.1
Connor Budarick,Western Bulldogs,6,2.48,3.04,2.58,1.75,2.2
Jedd Busslinger,Western Bulldogs,6,2.3,2.31,3.29,1.88,2.22
Luke Cleary,Western Bulldogs,6,2.68,2.47,2.63,3.35,2.54
Nicholas Coffield,Western Bulldogs,6,2.9,2.66,3.18,3.75,2.23
Jordan Croft,Western Bulldogs,6,2.18,2.65,1.73,2.23,2.46
Bailey Dale,Western Bulldogs,6,2.31,2.09,2.53,2.69,2.01
Sam Darcy,Western Bulldogs,6,3.14,3.69,3.1,2.89,2.73
Sam Davidson,Western Bulldogs,6,1.76,1.1,2.12,2.35,1.93
Josh Dolan,Western Bulldogs,6,2.25,2.34,2.68,2.03,1.33
Timothy English,Western Bulldogs,6,3.01,2.59,3.08,3.14,3.1
Joel Freijah,Western Bulldogs,6,2.31,2.21,2.7,1.92,2.18
Harvey Gallagher,Western Bulldogs,6,2.35,1.95,2.23,4.12,1.9
Riley Garcia,Western Bulldogs,6,2.16,2.21,2.25,1.72,2.29
Ryan Gardner,Western Bulldogs,6,2.75,2.97,2.81,2.74,2.59
James Harmes,Western Bulldogs,6,2.75,3.13,2.51,2.74,2.63
Cooper Hynes,Western Bulldogs,6,2.2,2.4,2.08,1.81,2.62
Lachie Jaques,Western Bulldogs,6,2.64,2.67,2.59,2.35,2.86
Arthur Jones,Western Bulldogs,6,2.4,1.59,2.85,3.08,2.06
Luke Kennedy,Western Bulldogs,6,2.12,2.14,2.24,1.81,2.15
Matthew Kennedy,Western Bulldogs,6,3.01,3.61,2.87,2.31,2.7
Buku Khamis,Western Bulldogs,6,2.22,1.9,2.44,2.01,2.49
Will Lewis,Western Bulldogs,6,3.18,3.07,3.93,2.32,3.4
Thomas Liberatore,Western Bulldogs,6,2.89,3.11,2.8,2.23,3.15
Rory Lobb,Western Bulldogs,6,2.4,1.89,2.39,2.56,2.56
Lachlan McNeil,Western Bulldogs,6,2.62,2.59,2.72,2.79,2.22
Aaron Naughton,Western Bulldogs,6,2.79,2.3,3.41,2.62,2.31
Zac Walker,Western Bulldogs,6,1.98,2.24,2.19,2.18,1.58
Cody Weightman,Western Bulldogs,6,2.62,2.4,2.74,2.46,3.02
Rhylee West,Western Bulldogs,6,2.56,2.96,2.56,2.04,2.46
Bailey Williams,Western Bulldogs,6,2.91,2.73,3.11,2.94,2.79
