Player,Team,Competition,Season,Position,Role,Nationality,Age,Average Minutes,Appearances In Position,Total Appearances,Market Value,Contract Expiration Date,Rating,Ball Winning,Stoppage,Contest,Power,Receives,Ball Use,Handballing,Kicking,Goal Kicking,Connecting,Aerial,Marking,Contested,Moks,Ruck,Defence,Pressure,Tackling,Intercepting,Neutralise
A. Keath,AFC,AFL,2018,KD,KD,Australia,26,6726,6,6,,,2.87,3.11,2.82,3.58,3.46,2.58,2.68,3.0,2.51,2.22,2.59,3.04,2.44,3.54,2.9,2.36,2.66,2.83,2.24,3.54,2.17
A. Otten,AFC,AFL,2018,KD,KD,Australia,29,6329,8,8,,,2.73,2.54,1.9,2.63,1.7,3.28,2.92,3.32,2.8,2.14,2.57,3.17,3.83,2.48,3.49,2.57,2.38,2.49,2.34,2.68,2.17
B. Gibbs,AFC,AFL,2018,M,M,Australia,29,6007,22,22,,,2.88,3.0,3.33,2.79,2.27,3.2,2.96,2.7,2.95,2.96,3.31,2.6,2.26,2.65,3.1,2.4,2.78,2.39,3.17,3.09,2.43
C. Ellis-Yolmen,AFC,AFL,2018,M,M,Australia,25,5448,15,15,,,2.54,2.76,3.44,3.08,2.41,1.7,2.11,2.13,2.35,2.04,1.75,2.5,2.25,2.91,2.04,2.72,2.81,2.73,3.14,1.81,2.79
C. Hampton,AFC,AFL,2018,GF,GF,Australia,25,5368,3,3,,,1.97,1.81,2.92,1.83,1.75,1.25,1.96,1.74,2.01,2.0,1.97,1.6,1.68,1.58,1.51,2.41,2.78,2.91,3.74,0.04,1.76
D. Fogarty,AFC,AFL,2018,KF,KF,Australia,19,5848,10,10,,,2.02,2.02,1.8,1.79,2.89,2.02,2.03,1.76,2.36,1.87,2.22,1.87,2.05,1.46,2.59,1.83,2.4,3.14,2.13,2.07,2.03
D. Mackay,AFC,AFL,2018,GD,GD,Australia,30,5748,17,17,,,2.38,2.45,3.04,1.92,2.11,2.69,2.63,2.44,2.58,3.0,2.88,1.73,1.78,1.7,1.72,2.43,2.35,3.0,3.01,1.16,2.02
D. Talia,AFC,AFL,2018,KD,KD,Australia,27,6732,18,18,,,2.84,2.6,2.07,3.14,1.91,2.68,2.77,3.29,2.6,1.89,2.29,2.56,2.46,2.79,2.37,2.36,3.25,2.5,2.93,3.1,3.62
E. Betts,AFC,AFL,2018,GF,GF,Australia,32,6115,18,18,,,2.67,2.86,2.93,3.17,2.89,2.59,2.89,2.52,2.24,3.86,2.53,2.25,2.41,2.28,1.91,2.41,2.31,1.87,2.55,1.91,2.99
H. Greenwood,AFC,AFL,2018,M,M,Australia,26,5484,22,22,,,2.74,2.56,2.93,3.25,2.5,1.4,2.18,2.47,1.65,3.31,1.6,3.41,1.68,5.0,2.86,3.22,3.4,3.31,3.79,3.52,2.13
J. Gallucci,AFC,AFL,2018,GF,GF,Australia,20,5913,16,16,,,2.36,2.3,2.78,1.81,2.62,2.34,2.53,1.29,2.87,2.56,2.89,2.11,1.89,2.14,2.42,2.41,2.44,2.73,2.25,2.05,2.54
J. Jenkins,AFC,AFL,2018,KF,KF,Australia,29,6646,22,22,,,2.75,2.52,2.47,2.6,2.33,2.58,3.01,1.95,2.86,3.37,2.79,2.63,2.83,2.38,1.96,3.18,2.77,2.85,3.09,1.54,3.01
J. Kelly,AFC,AFL,2018,GD,GD,Australia,23,6318,19,19,,,2.49,2.31,1.8,2.44,2.25,2.41,2.63,2.57,3.16,2.03,2.1,2.64,2.94,2.8,2.11,2.43,2.37,1.91,2.31,2.45,2.92
K. Cheney,AFC,AFL,2018,KD,KD,Australia,29,6077,8,8,,,2.11,2.42,2.44,1.96,2.49,2.91,2.65,2.19,3.32,1.89,2.56,2.59,2.65,2.76,2.34,2.36,1.3,1.91,0.91,1.6,1.09
K. Hartigan,AFC,AFL,2018,KD,KD,Australia,27,6144,13,13,,,2.08,1.73,1.64,1.59,1.82,1.92,2.46,2.87,2.26,1.89,2.15,2.41,2.94,1.98,2.52,2.73,1.84,1.85,1.88,1.84,1.82
L. Brown,AFC,AFL,2018,GD,GD,Australia,26,5927,20,20,,,2.42,2.26,1.48,2.45,2.68,2.29,2.45,2.02,3.03,2.03,2.38,2.32,2.36,2.48,2.07,2.43,2.58,2.49,2.51,3.05,2.2
L. Murphy,AFC,AFL,2018,GF,GF,Australia,20,5654,11,11,,,2.18,2.01,1.96,2.38,2.96,1.53,2.19,2.09,1.56,2.85,2.23,2.07,1.86,2.19,2.17,2.41,2.62,2.84,3.15,1.43,1.48
M. Crouch,AFC,AFL,2018,M,M,Australia,23,5578,18,18,,,2.89,3.43,3.74,3.26,1.8,4.13,2.87,4.07,2.86,1.22,3.02,2.34,2.27,2.04,3.14,2.4,2.37,2.17,2.27,3.95,1.95
M. McGovern,AFC,AFL,2018,KF,KF,Australia,24,6202,12,12,,,2.62,2.19,1.91,1.99,1.8,2.99,2.71,1.87,3.52,2.38,2.99,2.86,3.34,2.45,4.76,1.83,2.63,2.35,2.3,4.49,2.24
M. Poholke,AFC,AFL,2018,GF,GF,Australia,20,5495,9,9,,,2.39,2.15,2.24,2.02,2.64,2.08,2.0,1.66,2.51,1.46,2.44,3.71,3.33,4.3,3.04,2.41,2.0,1.8,1.91,2.02,2.72
P. Seedsman,AFC,AFL,2018,W,W,Australia,26,5785,19,19,,,2.94,2.95,2.71,2.53,3.27,3.31,3.24,2.18,2.95,3.76,3.46,2.7,2.45,3.6,2.5,2.57,2.6,2.56,2.87,2.37,2.68
R. Atkins,AFC,AFL,2018,W,W,Australia,24,6174,20,20,,,2.84,2.62,1.88,2.3,2.68,3.21,3.09,2.23,2.93,3.62,3.17,2.67,3.08,2.01,2.42,2.57,2.88,2.22,2.57,3.53,2.88
R. Douglas,AFC,AFL,2018,M,MF,Australia,31,5927,17,17,,,2.39,2.23,2.26,2.05,2.13,2.41,2.65,2.25,2.54,3.36,2.62,2.39,2.79,1.79,3.04,2.41,2.3,2.49,1.9,2.19,3.2
R. Knight,AFC,AFL,2018,M,MF,Australia,23,5955,8,8,,,2.13,1.84,1.47,1.72,3.21,1.65,2.32,2.62,1.89,3.3,1.73,2.37,2.54,2.52,1.75,2.4,2.16,2.35,2.21,1.28,2.11
R. Laird,AFC,AFL,2018,GD,GD,Australia,25,6319,20,20,,,3.51,4.55,4.12,4.8,2.47,4.98,3.62,4.49,3.08,2.82,3.42,2.81,2.8,2.44,3.25,2.43,2.75,2.01,2.58,4.61,1.62
R. Sloane,AFC,AFL,2018,M,M,Australia,28,5963,12,12,,,2.91,3.22,3.77,3.66,2.69,2.33,2.39,2.28,2.6,2.37,2.2,2.31,1.88,2.5,2.63,2.42,3.6,3.44,3.6,3.66,4.21
S. Gibson,AFC,AFL,2018,M,M,Australia,32,5573,5,5,,,2.26,2.52,2.03,2.63,1.88,3.47,2.31,1.18,3.33,2.2,2.07,2.0,2.87,1.69,1.19,2.4,1.94,1.96,1.75,3.35,1.25
S. Jacobs,AFC,AFL,2018,R,R,Australia,30,6100,22,22,,,2.47,2.42,2.14,2.13,2.91,2.67,2.47,2.71,2.76,1.62,2.8,2.68,2.11,2.41,2.27,3.26,1.98,1.71,1.93,2.07,2.11
T. Doedee,AFC,AFL,2018,GD,GD,Australia,21,6180,20,20,,,3.11,2.9,1.67,3.68,3.21,2.72,2.76,3.52,2.44,2.25,2.25,3.47,3.04,3.47,3.97,2.43,3.58,2.89,3.21,4.19,4.21
T. Lynch,AFC,AFL,2018,GF,GF,Australia,28,6226,17,17,,,3.15,3.57,2.82,3.67,1.94,4.28,3.13,3.32,3.68,2.51,3.09,3.68,4.22,3.3,3.61,2.42,1.66,1.39,1.53,2.87,1.82
T. Walker,AFC,AFL,2018,KF,KF,Australia,28,5895,14,14,,,2.53,2.55,2.22,2.84,3.07,2.15,2.77,2.08,2.47,3.11,2.59,2.32,2.63,2.72,1.68,1.83,2.3,2.15,2.59,1.48,2.61
W. Milera,AFC,AFL,2018,GD,GD,Australia,21,5991,19,19,,,2.86,3.15,2.98,3.21,3.72,3.05,2.87,3.04,2.94,2.5,2.63,2.69,2.55,2.63,2.91,2.43,2.66,2.85,2.9,2.34,2.46
A. Christensen,BFC,AFL,2018,GF,GF,Australia,27,5655,22,22,,,2.79,3.29,3.31,3.18,2.03,3.68,2.99,3.25,3.9,2.18,2.49,2.1,2.28,1.93,2.17,2.41,2.23,2.12,2.17,2.86,2.25
A. Witherden,BFC,AFL,2018,GD,GD,Australia,20,5773,21,21,,,2.61,2.54,2.82,1.85,1.6,3.12,3.11,2.51,3.97,2.18,3.12,2.58,3.87,1.75,2.04,2.43,2.01,2.47,2.01,1.53,2.02
B. Starcevich,BFC,AFL,2018,M,MF,Australia,19,5455,4,4,,,1.48,1.23,0.69,1.49,2.49,0.96,1.65,0.73,2.21,1.74,1.71,1.71,1.39,1.69,2.32,2.4,1.5,1.49,1.5,1.69,1.34
C. Cameron,BFC,AFL,2018,GF,GF,Australia,24,5830,11,11,,,3.01,2.63,3.12,2.76,2.37,2.36,3.27,2.52,3.42,3.52,3.09,3.54,4.1,3.16,3.43,2.41,2.44,2.51,2.28,2.56,2.64
C. Cox,BFC,AFL,2018,GD,GD,Australia,21,5539,4,4,,,1.84,2.16,3.12,1.84,2.69,1.94,1.54,1.32,1.04,4.01,1.59,1.28,1.09,1.5,1.23,2.43,2.28,3.01,1.9,2.11,2.16
C. Rayner,BFC,AFL,2018,GF,GF,Australia,19,5735,22,22,,,2.65,2.81,3.94,2.82,2.4,2.35,2.62,2.91,2.51,2.51,2.85,2.9,2.28,3.87,1.81,2.41,2.05,1.95,2.1,2.21,2.07
D. Beams,BFC,AFL,2018,M,M,Australia,28,6355,21,21,,,2.94,3.24,3.64,3.02,1.86,3.74,3.29,2.92,3.5,3.66,3.01,2.96,3.48,2.5,3.08,2.41,1.87,1.95,1.69,2.22,1.94
D. Gardiner,BFC,AFL,2018,KD,KD,Australia,23,6258,20,20,,,2.5,2.55,2.06,2.66,2.09,2.99,2.96,3.22,3.03,1.89,2.68,2.06,2.69,1.72,2.01,2.36,2.65,2.7,2.82,2.28,2.82
D. McStay,BFC,AFL,2018,KF,KF,Australia,23,6152,19,19,,,2.24,1.78,1.62,1.74,2.39,1.64,2.19,2.32,2.16,2.24,2.01,2.63,2.48,3.42,2.32,1.85,2.38,2.28,2.64,2.18,2.2
D. Rich,BFC,AFL,2018,GD,GD,Australia,28,5883,18,18,,,2.59,3.09,4.39,2.98,2.19,2.94,2.7,2.58,2.87,2.49,2.74,1.8,1.93,1.65,1.84,2.43,2.41,2.21,2.8,2.33,2.16
D. Zorko,BFC,AFL,2018,M,M,Australia,29,6182,22,22,,,2.81,2.66,2.84,2.99,2.83,1.96,2.96,1.34,3.32,4.46,2.83,1.72,1.79,1.81,1.39,2.4,3.65,3.98,4.11,1.85,2.3
E. Hipwood,BFC,AFL,2018,KF,KF,Australia,21,6267,22,22,,,2.17,2.1,1.81,1.67,3.23,2.33,2.41,0.71,1.85,2.94,2.71,2.08,2.57,1.82,2.16,1.89,1.73,1.6,1.52,1.88,2.2
H. Andrews,BFC,AFL,2018,KD,KD,Australia,22,6838,18,18,,,3.3,2.75,2.12,3.05,2.43,2.97,3.29,3.9,3.1,2.3,2.62,3.16,3.17,3.33,2.96,2.08,3.74,2.67,3.07,2.88,4.78
H. McCluggage,BFC,AFL,2018,W,W,Australia,20,5966,22,22,,,2.52,2.77,3.01,2.36,3.04,2.88,2.54,2.48,2.46,3.01,2.38,2.34,2.53,2.61,1.84,2.57,2.26,2.72,1.73,2.56,2.0
J. Allison,BFC,AFL,2018,GD,GD,Australia,20,5997,3,3,,,1.94,1.47,1.41,0.56,1.28,2.14,2.28,2.84,1.64,1.6,2.77,2.51,3.2,1.55,2.84,2.43,1.61,1.74,0.49,2.02,2.62
J. Barrett,BFC,AFL,2018,GF,GF,Australia,23,5368,5,5,,,2.3,2.08,1.12,1.61,1.88,2.96,2.56,3.25,2.81,2.18,2.17,2.33,2.3,2.06,2.97,2.41,2.1,2.11,2.11,1.97,2.17
J. Berry,BFC,AFL,2018,M,M,Australia,20,5750,21,21,,,2.46,2.34,2.4,2.28,2.57,2.17,2.47,2.49,2.45,2.49,2.46,2.36,2.94,2.06,2.04,2.4,2.73,2.94,2.77,1.47,2.95
J. Walker,BFC,AFL,2018,KD,KD,Australia,26,6540,14,14,,,2.64,2.75,3.62,3.06,2.08,2.14,2.68,2.14,3.05,3.66,2.4,3.11,3.65,3.32,2.48,2.57,2.17,2.35,1.79,1.8,2.5
L. Hodge,BFC,AFL,2018,GD,GD,Australia,34,6362,19,19,,,2.74,2.6,2.18,2.66,1.93,2.84,2.73,2.6,3.19,1.96,2.56,3.19,3.47,3.03,3.04,2.43,2.64,1.84,2.31,3.26,3.38
L. Taylor,BFC,AFL,2018,GF,GF,Australia,23,6018,22,22,,,2.78,3.01,2.14,2.43,1.7,4.21,3.16,3.65,3.76,2.5,2.83,2.38,2.96,1.57,3.17,2.41,1.94,1.76,1.79,2.62,2.32
M. Eagles,BFC,AFL,2018,KD,KD,Australia,28,5128,4,4,,,2.14,2.39,2.18,2.11,4.2,1.94,2.38,2.59,2.0,3.15,2.24,1.74,1.56,1.68,1.94,2.36,2.24,2.22,0.99,2.91,2.21
M. Robinson,BFC,AFL,2018,M,MF,Australia,29,5797,19,19,,,2.73,2.48,2.62,2.57,2.42,2.25,2.56,2.02,2.92,2.56,2.62,3.41,2.8,3.85,3.48,2.4,2.93,2.84,2.99,2.71,3.32
N. Robertson,BFC,AFL,2018,GD,GD,Australia,23,6272,21,21,,,2.49,2.54,2.78,2.22,2.45,2.7,2.62,2.97,2.46,2.45,2.39,2.54,3.02,2.24,2.32,2.43,2.22,2.63,2.22,1.8,2.21
O. McInerney,BFC,AFL,2018,KF,KF,Australia,24,5894,16,16,,,2.45,2.35,3.41,2.05,2.54,1.58,1.82,2.2,1.56,1.84,1.94,3.17,1.39,3.48,2.83,4.73,2.79,2.68,2.55,2.3,3.72
R. Bewick,BFC,AFL,2018,W,W,Australia,29,5282,3,3,,,2.61,2.99,2.58,3.09,2.66,3.2,2.64,2.06,2.96,2.17,2.78,1.84,1.97,1.48,1.86,2.57,2.55,1.72,2.72,2.39,3.16
R. Lester,BFC,AFL,2018,GD,GD,Australia,26,5928,15,15,,,2.58,2.85,3.74,3.26,2.5,2.36,2.54,3.08,2.18,2.14,2.42,1.97,2.67,1.45,1.75,2.43,2.72,2.02,3.34,2.26,3.26
R. Mathieson,BFC,AFL,2018,M,MF,Australia,21,5415,13,13,,,2.08,2.15,2.41,2.34,2.21,1.55,2.23,3.25,2.15,1.75,1.59,2.02,2.41,1.94,1.53,2.4,1.78,1.69,1.93,1.07,2.24
S. Martin,BFC,AFL,2018,R,R,Australia,32,6544,22,22,,,2.9,3.68,4.48,4.04,1.87,3.79,2.9,3.68,3.23,0.99,3.7,2.8,2.89,1.74,3.28,3.15,2.15,2.08,2.36,3.37,1.33
S. Mayes,BFC,AFL,2018,GD,GD,Australia,24,5950,6,6,,,2.11,2.35,3.49,1.92,1.71,2.39,2.23,2.59,1.9,2.16,2.23,1.92,2.39,1.95,1.35,2.43,1.83,2.44,2.01,1.06,1.78
T. Cutler,BFC,AFL,2018,W,W,Australia,23,6245,18,18,,,2.64,1.95,1.83,2.07,1.86,1.95,3.35,2.17,3.37,3.49,3.57,2.54,3.15,2.16,1.76,2.57,2.49,2.24,2.12,2.88,2.5
Z. Bailey,BFC,AFL,2018,M,MF,Australia,19,5850,12,12,,,1.78,1.41,1.06,1.11,2.3,1.67,2.07,1.8,2.22,2.48,1.72,2.18,3.09,1.91,1.19,2.4,1.7,2.0,1.27,1.73,2.17
A. Mullett,CFC,AFL,2018,GD,GD,Australia,26,5745,13,13,,,2.23,2.24,2.85,1.74,2.2,2.37,2.49,2.29,2.48,3.5,2.33,1.98,2.62,1.53,1.77,2.43,2.01,2.46,2.15,1.66,1.66
A. Phillips,CFC,AFL,2018,R,R,Australia,27,4999,5,5,,,1.99,1.38,1.25,0.74,1.63,1.96,2.08,0.92,1.73,3.48,2.18,2.16,2.35,1.63,2.0,2.54,2.21,1.62,2.04,2.48,2.52
C. Byrne,CFC,AFL,2018,GD,GD,Australia,24,5941,7,7,,,2.39,2.35,1.66,2.84,1.91,2.35,2.22,2.11,2.38,2.07,2.22,1.92,1.93,1.94,1.89,2.43,2.96,3.73,2.81,2.67,2.57
C. Curnow,CFC,AFL,2018,KF,KF,Australia,21,6540,20,20,,,2.73,2.75,1.82,3.33,2.78,2.85,2.74,1.6,2.75,2.9,2.92,2.82,3.63,3.24,1.95,1.95,2.42,2.56,2.49,1.62,2.68
C. Marchbank,CFC,AFL,2018,KD,KD,Australia,22,6354,12,12,,,2.34,2.21,2.32,1.99,1.9,2.55,2.49,2.47,2.55,2.2,2.61,2.11,2.39,2.02,2.02,2.36,2.56,3.3,2.95,1.74,2.81
C. O'Shea,CFC,AFL,2018,GD,GD,Australia,26,5789,11,11,,,1.91,1.6,1.84,1.3,1.91,1.64,1.44,1.61,0.85,1.6,2.08,2.06,2.4,1.96,1.79,4.17,2.8,3.9,3.14,1.51,2.55
C. Polson,CFC,AFL,2018,GF,GF,Australia,20,5636,12,12,,,1.75,1.78,1.38,1.66,2.87,1.8,1.61,1.77,1.71,1.31,1.95,1.35,0.68,1.53,2.12,2.41,2.55,2.5,2.82,3.3,1.46
D. Cuningham,CFC,AFL,2018,GD,GD,Australia,21,5567,5,5,,,2.08,2.25,2.36,2.23,2.76,2.12,2.19,2.36,2.11,2.63,1.83,1.48,1.23,1.51,1.75,2.43,2.12,3.07,1.84,1.8,1.75
D. Lang,CFC,AFL,2018,M,MF,Australia,23,5410,11,11,,,1.95,1.6,1.34,1.26,2.47,1.78,2.09,1.5,2.46,2.58,1.68,2.47,3.67,1.93,1.6,2.4,1.98,1.9,2.24,1.67,1.59
D. Thomas,CFC,AFL,2018,GD,GD,Australia,31,5921,20,20,,,2.9,3.34,3.72,3.54,1.94,3.39,2.96,3.08,2.84,2.71,3.09,2.98,3.95,2.32,2.62,2.5,2.32,3.06,2.05,1.95,2.28
E. Curnow,CFC,AFL,2018,M,M,Australia,29,6579,21,21,,,2.84,2.96,3.06,2.88,2.3,3.28,2.8,3.52,2.9,1.68,2.83,2.14,2.47,1.84,2.26,2.4,3.23,3.05,3.76,2.86,2.17
H. McKay,CFC,AFL,2018,KF,KF,Australia,21,5956,13,13,,,2.6,2.21,2.04,2.45,2.14,2.08,2.77,2.51,3.09,2.76,2.42,2.88,3.28,3.06,2.78,2.3,2.09,2.1,2.19,2.0,1.96
J. Garlett,CFC,AFL,2018,GF,GF,Australia,22,5619,11,11,,,2.16,2.28,2.69,1.62,2.26,2.57,1.93,1.5,2.39,1.71,1.83,2.19,2.26,1.85,2.84,2.41,2.41,2.26,2.79,2.23,1.85
J. Lamb,CFC,AFL,2018,GD,GD,Australia,26,6061,18,18,,,2.09,2.12,1.96,2.11,2.66,2.05,2.43,2.32,2.19,4.0,2.25,1.54,1.87,1.67,1.01,2.43,1.9,2.68,2.33,0.83,1.6
J. Pickett,CFC,AFL,2018,GF,GF,Australia,22,5869,7,7,,,1.99,1.93,2.76,1.84,3.18,1.26,1.81,1.5,1.92,1.36,2.93,1.82,1.65,2.08,1.51,2.41,2.76,3.14,2.49,2.0,3.09
J. Silvagni,CFC,AFL,2018,GF,GF,Australia,21,5725,15,15,,,2.23,1.84,2.24,1.49,1.82,1.9,1.98,2.95,1.95,1.54,2.08,2.93,2.91,2.76,3.35,2.45,2.69,2.19,2.51,3.79,3.6
J. Weitering,CFC,AFL,2018,KD,KD,Australia,21,6004,14,14,,,2.34,2.13,2.05,1.87,2.05,2.53,2.37,2.27,2.58,2.46,1.85,2.86,3.22,2.64,2.84,2.36,1.99,2.68,2.36,1.74,1.88
K. Simpson,CFC,AFL,2018,GD,GD,Australia,34,6718,21,21,,,3.19,3.75,3.54,4.11,2.36,3.89,3.32,2.92,3.8,2.74,3.48,2.9,2.71,3.22,2.75,2.43,2.63,2.14,2.38,3.42,2.64
L. Casboult,CFC,AFL,2018,KF,KF,Australia,28,6474,10,10,,,2.48,2.44,3.48,2.34,2.7,1.39,2.26,1.8,2.52,2.29,2.04,2.94,2.3,3.03,2.31,3.84,2.0,1.75,1.73,1.5,3.2
L. Jones,CFC,AFL,2018,KD,KD,Australia,27,6802,17,17,,,3.14,2.2,2.41,2.38,2.66,1.63,2.08,1.96,2.19,1.96,2.22,3.88,3.16,3.78,4.5,2.71,3.5,2.94,3.25,3.64,3.61
L. O'Brien,CFC,AFL,2018,W,W,Australia,19,5579,18,18,,,1.78,1.4,1.37,1.09,2.17,1.46,1.97,1.62,2.19,1.25,2.26,2.24,2.76,1.72,1.71,2.57,1.68,1.84,2.23,1.32,1.56
L. Plowman,CFC,AFL,2018,GD,GD,Australia,24,6179,13,13,,,2.1,1.6,1.62,1.72,2.02,1.41,2.2,2.03,2.57,1.72,2.09,2.57,2.88,2.8,1.93,2.43,2.19,1.02,1.86,2.54,3.72
M. Kennedy,CFC,AFL,2018,M,M,Australia,21,5333,12,12,,,2.05,2.1,2.52,2.05,1.55,1.88,1.81,2.28,1.56,1.69,1.76,2.25,2.51,2.05,2.25,2.1,2.19,2.36,2.09,1.32,2.76
M. Kreuzer,CFC,AFL,2018,R,R,Australia,29,5240,12,12,,,2.2,2.96,3.68,3.31,2.0,2.52,2.3,1.04,2.65,2.77,2.72,1.72,1.46,1.66,1.6,1.91,2.32,2.75,2.8,2.53,1.61
M. Lobbe,CFC,AFL,2018,R,R,Australia,29,6390,6,6,,,2.25,2.14,2.04,1.74,2.75,2.19,1.95,2.64,1.6,1.53,2.02,2.11,2.28,1.92,1.39,2.63,3.26,3.39,3.94,2.0,3.42
M. Murphy,CFC,AFL,2018,M,M,Australia,31,6570,13,13,,,2.59,2.64,2.15,2.33,2.3,3.85,2.94,2.98,3.12,2.16,3.38,2.26,3.03,1.69,2.22,2.42,2.24,1.91,2.26,2.77,2.95
M. Wright,CFC,AFL,2018,GF,GF,Australia,29,6208,21,21,,,2.64,2.66,2.64,2.69,2.24,2.74,2.6,2.16,2.89,2.63,2.3,3.01,2.86,2.4,4.64,2.41,2.18,2.07,1.93,3.01,2.58
N. Graham,CFC,AFL,2018,M,MF,Australia,24,5466,10,10,,,1.94,1.78,1.87,1.64,1.57,1.9,1.95,2.14,2.1,1.51,1.89,2.33,3.46,1.96,1.19,2.4,1.93,2.75,1.62,0.06,1.72
P. Cripps,CFC,AFL,2018,M,M,Australia,23,6576,22,22,,,3.55,4.22,5.0,5.0,2.68,2.58,2.89,3.05,2.95,2.71,2.75,3.76,2.63,4.87,3.24,2.44,3.2,3.33,3.43,2.42,2.53
P. Dow,CFC,AFL,2018,M,MF,Australia,19,5364,20,20,,,1.94,2.02,1.91,1.96,2.83,1.73,1.84,1.92,1.6,2.09,1.9,1.84,1.67,1.86,2.09,2.4,2.01,1.98,2.0,2.21,1.94
P. Kerr,CFC,AFL,2018,KF,KF,Australia,20,5225,4,4,,,1.72,1.54,1.81,0.9,1.62,2.13,1.9,2.76,1.97,1.55,2.41,1.75,3.22,0.44,1.49,2.27,1.43,1.6,1.54,1.11,1.24
S. Kerridge,CFC,AFL,2018,W,W,Australia,25,6009,10,10,,,2.84,3.25,3.4,3.2,2.78,3.33,2.51,2.6,2.61,2.78,2.28,3.07,3.61,2.59,2.49,2.57,2.63,2.8,2.61,2.18,2.99
S. Petrevski-Seton,CFC,AFL,2018,GF,GF,Australia,20,5539,22,22,,,2.74,3.16,3.97,2.93,2.27,3.16,2.29,2.81,3.06,1.22,2.48,2.46,2.36,2.09,3.47,2.41,3.31,3.43,3.75,2.98,2.08
S. Rowe,CFC,AFL,2018,KD,KD,Australia,31,6967,17,17,,,2.19,2.34,2.11,2.62,3.16,1.76,2.02,2.58,1.38,2.38,2.02,1.8,1.71,2.08,1.55,2.31,2.51,1.91,2.5,2.64,2.55
Z. Fisher,CFC,AFL,2018,M,MF,Australia,20,5560,17,17,,,2.09,2.26,2.01,1.98,3.29,2.29,2.26,2.44,2.09,2.29,2.3,1.35,0.93,1.64,1.45,2.4,2.07,2.14,2.09,1.76,1.98
A. Oxley,COFC,AFL,2018,GD,GD,Australia,26,10795,3,3,,,2.16,1.36,1.19,1.16,2.12,1.39,2.35,3.04,1.21,3.9,2.37,2.22,1.83,2.55,2.28,2.43,2.67,2.5,3.9,1.92,1.97
A. Treloar,COFC,AFL,2018,M,M,Australia,25,5784,17,17,,,2.87,3.13,3.24,2.72,2.53,3.76,3.17,3.59,2.74,3.29,3.26,1.88,1.83,1.76,2.25,2.4,2.69,2.78,2.8,2.89,1.73
B. Crocker,COFC,AFL,2018,GF,GF,Australia,21,11691,10,10,,,2.37,2.03,1.74,1.92,2.46,2.15,2.22,2.28,2.69,1.86,1.89,3.52,4.4,3.09,2.97,2.41,1.87,2.13,1.33,2.15,2.51
B. Grundy,COFC,AFL,2018,R,R,Australia,24,6404,26,26,,,3.39,4.38,4.98,4.77,3.2,4.22,3.35,4.43,3.06,2.4,3.51,3.06,2.51,2.83,2.44,3.72,3.04,3.74,3.95,3.22,1.9
B. Maynard,COFC,AFL,2018,GD,GD,Australia,22,6110,22,22,,,2.7,2.74,2.51,2.93,2.27,2.79,2.53,2.57,2.38,2.48,2.73,1.86,1.32,2.13,2.18,2.43,3.39,3.78,4.04,2.59,2.91
B. Mihocek,COFC,AFL,2018,KF,KF,Australia,25,12372,16,16,,,2.52,2.12,1.95,1.98,2.14,2.49,2.91,2.55,2.93,3.04,2.71,2.44,2.53,2.69,2.76,1.8,2.35,2.69,2.31,2.3,1.97
B. Reid,COFC,AFL,2018,KF,KF,Australia,29,11797,6,6,,,2.31,2.0,1.54,2.1,2.16,2.22,2.64,2.4,2.86,2.49,2.94,2.39,2.95,2.36,2.4,1.86,1.72,1.66,1.77,1.29,2.02
B. Sier,COFC,AFL,2018,M,M,Australia,21,9152,12,12,,,2.21,2.56,2.93,2.66,2.24,2.12,1.92,1.98,2.0,1.48,2.16,1.6,0.97,1.94,1.94,2.4,2.49,2.18,2.88,2.17,2.45
C. Brown,COFC,AFL,2018,M,MF,Australia,20,11439,8,8,,,1.77,1.48,1.12,1.75,1.41,1.75,1.71,1.63,1.78,1.41,1.99,1.66,1.04,2.1,1.75,2.4,2.44,2.54,2.78,1.99,1.09
C. Mayne,COFC,AFL,2018,W,W,Australia,30,12005,21,21,,,2.34,1.97,1.97,2.36,3.14,1.38,1.95,2.93,2.65,2.04,1.14,3.34,3.05,3.71,3.57,2.57,2.84,3.19,2.76,2.51,3.0
D. Moore,COFC,AFL,2018,KD,KD,Australia,22,8709,7,7,,,2.11,1.69,1.93,1.8,1.96,1.28,2.32,2.36,1.83,3.99,2.41,2.58,3.15,2.13,2.7,2.21,1.87,0.89,1.96,1.61,2.24
D. Wells,COFC,AFL,2018,GF,GF,Australia,33,9191,4,4,,,2.4,2.13,1.86,2.28,1.76,2.25,2.71,3.28,3.19,1.91,2.86,2.57,3.4,1.58,3.34,2.41,1.97,1.25,2.29,3.75,1.62
F. Appleby,COFC,AFL,2018,GD,GD,Australia,19,11854,9,9,,,2.22,2.07,1.98,2.12,2.32,2.01,2.12,2.29,2.33,1.75,1.64,2.34,2.56,2.28,2.14,2.43,2.42,2.71,1.59,2.45,3.25
J. Aish,COFC,AFL,2018,W,W,Australia,23,11773,13,13,,,2.5,2.24,1.66,2.0,2.63,2.62,2.22,2.36,1.81,2.47,2.38,2.96,2.34,3.53,3.63,2.57,3.03,2.38,3.14,4.1,2.32
J. Crisp,COFC,AFL,2018,GD,GD,Australia,25,6476,26,26,,,3.42,4.17,5.0,4.66,2.94,3.77,3.14,3.4,2.89,2.79,3.29,2.84,2.65,2.94,2.95,2.43,3.42,3.75,3.52,3.44,2.82
J. Daicos,COFC,AFL,2018,GF,GF,Australia,20,10589,10,10,,,2.45,2.65,2.65,2.3,2.09,3.06,2.4,3.5,2.57,1.75,2.44,1.94,2.28,1.86,1.51,2.41,2.82,3.05,3.07,2.32,1.94
J. De Goey,COFC,AFL,2018,GF,GF,Australia,22,11676,21,21,,,3.31,3.37,4.61,3.3,3.23,2.84,3.78,2.08,3.49,4.96,3.37,3.3,3.75,3.74,1.51,2.41,2.08,1.81,2.1,1.97,2.72
J. Howe,COFC,AFL,2018,GD,GD,Australia,28,6284,21,21,,,3.1,2.73,1.4,3.3,3.22,2.69,2.62,2.27,2.88,2.26,2.98,4.71,4.01,5.0,4.85,2.43,3.19,1.71,2.34,4.32,4.92
J. Madgen,COFC,AFL,2018,KD,KD,Australia,25,12524,4,4,,,2.07,3.24,3.07,2.59,3.51,3.97,2.57,3.5,1.98,1.89,1.92,1.59,1.13,1.92,1.54,2.36,1.59,2.42,2.15,2.31,0.75
J. Stephenson,COFC,AFL,2018,GF,GF,Australia,19,5737,26,26,,,2.56,2.08,1.45,1.76,2.21,2.59,2.88,2.35,2.56,3.53,2.65,2.81,3.19,2.6,2.63,2.41,2.46,2.36,2.47,2.2,2.87
J. Thomas,COFC,AFL,2018,GF,GF,Australia,27,5690,26,26,,,2.92,3.39,3.75,3.37,2.51,3.44,3.16,3.47,2.96,3.4,2.78,2.08,2.35,1.99,1.79,2.41,2.54,2.86,2.62,2.15,1.85
L. Dunn,COFC,AFL,2018,KD,KD,Australia,31,6392,14,14,,,2.01,2.26,2.05,2.21,2.42,2.37,2.46,2.18,2.78,1.89,2.89,1.61,2.05,1.47,1.46,2.36,2.03,2.57,2.87,2.0,1.66
L. Greenwood,COFC,AFL,2018,GD,GD,Australia,29,11231,16,16,,,2.21,2.24,2.73,2.57,2.48,1.81,1.76,1.26,1.83,2.64,2.08,2.26,1.83,2.73,2.2,2.43,2.79,3.2,3.89,1.23,2.59
M. Cox,COFC,AFL,2018,KF,KF,Australia,27,6179,24,24,,,2.7,2.39,2.7,2.82,2.64,1.33,2.09,2.71,2.06,2.06,1.84,3.78,2.79,4.97,3.08,3.54,2.36,2.17,1.91,2.0,3.69
M. Scharenberg,COFC,AFL,2018,GD,GD,Australia,23,6434,17,17,,,2.96,2.54,1.44,2.94,1.69,2.84,3.01,3.9,2.9,1.6,2.34,3.85,3.46,4.17,3.93,2.43,2.77,1.5,2.1,3.83,4.06
S. Murray,COFC,AFL,2018,GD,GD,Australia,21,12043,13,13,,,2.51,3.05,2.62,2.65,3.33,3.39,2.48,2.44,2.26,1.8,3.29,2.22,2.65,2.0,1.98,2.43,2.18,2.13,1.92,2.34,2.43
S. Pendlebury,COFC,AFL,2018,M,M,Australia,30,5866,25,25,,,2.85,2.99,3.32,2.69,2.3,3.23,2.96,4.0,2.81,1.92,2.95,1.77,1.26,1.78,2.62,2.39,3.23,3.17,3.32,3.31,3.05
S. Sidebottom,COFC,AFL,2018,M,M,Australia,27,6207,26,26,,,2.89,2.95,2.57,2.41,2.81,4.09,3.31,4.33,3.04,2.5,3.32,2.63,3.41,1.98,2.72,2.41,2.36,2.26,2.1,3.14,3.05
T. Adams,COFC,AFL,2018,M,M,Australia,25,5652,23,23,,,2.93,3.51,4.04,3.61,2.85,3.08,2.68,3.03,2.54,2.09,3.1,2.16,2.2,2.06,2.33,2.4,2.89,3.29,2.57,2.78,2.71
T. Goldsack,COFC,AFL,2018,KD,KD,Australia,31,12964,4,4,,,2.39,2.52,3.07,2.76,2.79,1.74,2.19,2.75,1.8,2.5,1.24,1.25,0.62,1.87,1.0,2.36,3.38,2.02,3.09,2.64,4.27
T. Langdon,COFC,AFL,2018,GD,GD,Australia,24,6349,23,23,,,3.14,3.17,2.24,4.2,2.65,2.9,2.75,3.48,2.54,1.9,2.26,3.58,2.96,3.88,3.95,2.43,3.38,2.39,2.81,4.46,4.14
T. Phillips,COFC,AFL,2018,W,W,Australia,22,6224,26,26,,,2.95,3.0,3.35,2.84,2.14,3.16,3.07,3.22,3.18,3.11,2.92,3.12,3.12,2.86,3.31,2.57,2.52,2.3,2.21,3.4,2.0
T. Varcoe,COFC,AFL,2018,GF,GF,Australia,30,10597,20,20,,,2.37,2.37,1.42,2.26,3.6,2.63,2.37,2.83,2.51,1.98,2.52,2.17,1.91,2.02,2.97,2.41,2.62,2.46,2.59,3.49,2.47
W. Hoskin-Elliott,COFC,AFL,2018,GF,GF,Australia,25,6022,26,26,,,2.88,2.33,1.58,2.05,2.23,2.94,3.27,2.45,3.52,3.67,2.55,3.71,4.28,3.49,3.19,2.41,1.94,1.53,1.63,2.33,3.48
A. Francis,EFC,AFL,2018,KD,KD,Australia,21,5786,5,5,,,3.38,2.79,1.93,3.84,2.51,2.27,2.61,2.29,2.7,2.92,3.24,4.55,3.3,5.0,4.54,2.36,3.05,3.74,2.45,4.3,2.26
A. McDonald-Tipungwuti,EFC,AFL,2018,GF,GF,Australia,25,5689,22,22,,,2.89,2.91,3.82,3.07,3.45,2.19,2.87,2.67,2.98,2.97,2.57,2.43,2.83,2.24,2.17,2.41,3.54,4.0,3.69,2.6,2.66
A. McGrath,EFC,AFL,2018,W,W,Australia,20,6047,20,20,,,2.4,2.68,1.97,2.29,2.41,3.4,2.15,3.21,2.33,2.2,1.73,2.47,2.61,2.29,2.37,2.57,2.34,2.2,2.67,2.5,2.05
A. Saad,EFC,AFL,2018,GD,GD,Australia,24,5838,22,22,,,2.5,2.5,1.66,2.33,3.1,2.75,2.87,3.24,2.63,1.88,3.13,1.48,1.04,1.64,1.79,2.43,2.6,2.18,2.8,2.19,3.32
B. Goddard,EFC,AFL,2018,GD,GD,Australia,33,6074,22,22,,,2.99,3.23,4.14,2.64,1.72,3.65,3.48,4.82,2.65,2.46,3.09,3.12,3.34,2.93,3.07,2.43,1.98,1.72,2.12,2.24,1.75
B. McNiece,EFC,AFL,2018,GD,GD,Australia,26,5886,8,8,,,2.21,2.0,1.84,1.8,2.2,2.15,2.39,2.88,2.38,1.6,1.96,1.96,1.68,1.93,2.32,2.43,2.3,1.75,2.28,2.44,2.83
C. Hooker,EFC,AFL,2018,KD,KD,Australia,30,6706,22,22,,,2.95,3.19,2.95,3.62,2.8,3.03,3.22,3.43,2.6,5.0,2.9,3.54,3.56,3.85,3.18,2.37,2.19,1.38,2.03,2.81,2.01
C. McKenna,EFC,AFL,2018,GD,GD,Australia,22,6122,18,18,,,2.41,2.48,2.17,2.01,3.24,2.73,2.89,2.42,2.8,4.22,3.19,1.83,1.5,2.16,1.82,2.43,2.0,1.85,2.01,1.93,2.28
D. Heppell,EFC,AFL,2018,M,M,Australia,26,6100,22,22,,,2.97,3.09,3.16,2.9,2.44,3.58,2.95,2.59,3.47,2.3,3.14,3.3,3.57,2.68,4.23,2.4,2.56,2.73,2.23,3.13,2.62
D. Myers,EFC,AFL,2018,M,M,Australia,29,5372,16,16,,,2.44,2.65,3.12,2.59,2.45,2.18,2.41,2.34,2.33,2.64,2.42,2.3,2.52,2.0,2.59,2.44,2.24,2.45,2.14,1.8,2.2
D. Parish,EFC,AFL,2018,M,MF,Australia,21,5784,15,15,,,2.34,2.32,2.05,2.01,2.48,2.93,2.66,3.06,2.75,2.15,2.51,1.98,2.37,1.89,1.49,2.4,2.15,2.48,2.06,1.53,1.79
D. Smith,EFC,AFL,2018,M,MF,Australia,25,6063,22,22,,,2.85,2.44,2.12,2.23,2.74,2.91,2.83,1.75,2.9,3.71,3.16,2.19,2.75,1.93,1.8,2.4,4.1,4.13,4.79,2.37,2.9
D. Zaharakis,EFC,AFL,2018,W,W,Australia,28,6005,17,17,,,2.85,3.0,3.78,2.38,1.69,3.39,3.11,3.84,3.13,2.79,3.06,2.42,2.51,2.41,2.26,2.11,2.5,2.69,3.51,2.17,2.02
J. Begley,EFC,AFL,2018,GF,GF,Australia,20,4665,5,5,,,1.93,1.95,1.75,2.1,3.22,1.61,1.97,2.35,1.9,1.94,1.84,2.04,2.04,2.28,1.51,2.41,1.63,2.05,1.5,1.14,1.31
J. Daniher,EFC,AFL,2018,KF,KF,Australia,24,6978,7,7,,,2.56,3.23,3.63,3.61,2.86,2.51,2.32,1.17,2.03,2.36,3.44,2.59,3.48,2.7,1.49,2.21,1.59,2.02,1.51,0.86,1.65
J. Green,EFC,AFL,2018,GF,GF,Australia,26,4924,7,7,,,2.27,2.34,2.16,2.66,3.05,2.02,2.5,2.34,2.39,2.93,1.94,1.74,1.54,2.0,1.51,2.41,2.32,2.54,2.28,3.2,1.31
J. Laverde,EFC,AFL,2018,GF,GF,Australia,22,5545,7,7,,,2.62,2.39,2.61,2.09,2.81,2.4,2.49,1.96,2.96,2.22,2.57,3.36,3.38,3.69,2.56,2.43,2.41,2.78,2.39,1.65,2.12
J. Ridley,EFC,AFL,2018,GD,GD,Australia,20,5977,3,3,,,2.03,1.69,1.6,1.17,2.09,1.97,2.41,2.24,2.96,1.6,2.14,2.56,2.9,2.46,2.28,2.43,1.53,1.31,1.72,1.02,2.17
J. Stewart,EFC,AFL,2018,KF,KF,Australia,24,6232,11,11,,,2.55,2.68,2.54,2.86,2.54,2.65,2.6,2.76,2.76,2.52,2.5,2.46,3.04,2.44,1.83,2.29,2.35,3.26,1.91,1.62,2.32
J. Stringer,EFC,AFL,2018,GF,GF,Australia,24,5956,20,20,,,3.09,3.59,4.9,3.86,4.05,2.61,2.82,2.84,1.97,3.72,2.68,3.43,2.91,4.38,2.2,3.42,2.26,1.8,2.5,2.3,2.64
K. Langford,EFC,AFL,2018,M,MF,Australia,22,5505,16,16,,,2.44,2.03,1.58,1.92,3.06,2.17,2.47,2.31,2.63,2.58,2.28,2.9,3.21,3.07,1.98,2.35,2.77,2.83,2.91,2.5,2.27
K. Mutch,EFC,AFL,2018,W,W,Australia,20,5346,3,3,,,2.24,1.58,1.29,1.21,1.34,2.06,2.18,1.87,2.17,2.69,2.02,3.84,2.4,5.0,5.0,2.57,2.13,1.39,2.29,2.1,2.54
M. Baguley,EFC,AFL,2018,GF,GF,Australia,31,6113,20,20,,,2.65,1.88,1.47,1.57,1.87,2.31,2.65,2.35,2.93,2.61,2.37,3.64,3.9,3.27,4.02,2.41,2.84,2.56,2.93,2.84,3.24
M. Brown,EFC,AFL,2018,KF,KF,Australia,28,6772,14,14,,,2.54,2.34,1.73,2.16,2.3,3.22,2.71,2.77,3.62,2.33,2.45,2.56,3.82,1.78,3.54,1.79,2.4,1.89,1.7,3.4,3.63
M. Dea,EFC,AFL,2018,GD,GD,Australia,27,5410,12,12,,,2.41,2.05,1.51,2.05,2.54,2.12,2.38,2.83,2.54,1.74,1.61,3.14,2.9,2.94,3.64,2.43,2.36,1.86,1.64,3.59,2.55
M. Guelfi,EFC,AFL,2018,W,W,Australia,21,5540,15,15,,,2.42,2.34,1.63,3.1,2.94,1.98,2.0,1.65,1.53,2.36,2.25,2.67,2.23,3.16,3.08,2.57,3.1,2.7,2.61,3.46,3.32
M. Hartley,EFC,AFL,2018,KD,KD,Australia,25,6548,4,4,,,2.48,1.54,1.64,0.88,1.63,2.2,2.24,1.54,3.11,1.89,1.93,2.96,2.68,2.9,3.24,2.36,2.71,1.94,2.07,1.96,3.6
M. Hurley,EFC,AFL,2018,KD,KD,Australia,28,6581,20,20,,,2.79,3.2,2.34,3.02,2.19,4.5,3.49,3.61,3.62,2.19,3.79,2.87,3.36,2.5,2.94,2.36,2.18,2.31,1.48,2.92,1.89
O. Fantasia,EFC,AFL,2018,GF,GF,Australia,23,5598,13,13,,,3.27,3.4,3.89,3.3,2.6,3.43,3.31,3.43,2.73,3.75,3.55,2.59,3.99,1.73,2.07,2.41,3.83,4.19,4.15,2.5,3.02
P. Ambrose,EFC,AFL,2018,KD,KD,Australia,27,5846,7,7,,,2.22,2.05,2.03,1.9,2.94,1.78,2.07,1.35,2.5,3.32,1.98,2.0,1.81,2.45,1.63,2.36,2.58,3.97,3.44,1.38,2.79
S. McKernan,EFC,AFL,2018,KF,KF,Australia,28,6105,10,10,,,2.81,2.93,4.21,2.78,1.89,2.49,2.7,1.66,2.76,2.8,2.94,3.04,3.03,2.72,2.41,3.88,2.17,2.16,2.43,1.28,2.41
T. Bellchambers,EFC,AFL,2018,R,R,Australia,29,6038,20,20,,,2.96,2.32,2.37,2.13,2.57,2.24,2.52,1.98,2.64,2.76,2.68,3.71,3.55,3.72,4.34,3.35,2.52,1.49,1.63,3.55,3.16
T. Colyer,EFC,AFL,2018,M,MF,Australia,27,5445,8,8,,,1.74,1.55,0.88,1.25,3.25,1.76,1.78,1.79,1.97,1.66,1.54,2.47,3.89,1.69,1.75,2.4,1.45,1.69,1.29,1.35,1.18
Z. Merrett,EFC,AFL,2018,M,M,Australia,23,5533,22,22,,,2.77,2.92,2.61,3.04,2.46,3.52,2.76,3.4,2.76,1.72,2.98,1.89,1.98,1.67,2.21,2.41,3.2,3.02,3.44,4.3,1.87
A. Brayshaw,FRFC,AFL,2018,M,M,Australia,19,4807,17,17,,,2.05,1.69,1.22,1.56,2.87,1.77,1.97,2.94,1.56,1.76,1.68,2.22,2.18,1.9,3.0,2.4,2.66,2.74,2.54,2.91,2.54
A. Cerra,FRFC,AFL,2018,M,MF,Australia,19,5468,21,21,,,2.02,1.55,1.27,1.43,2.38,1.58,1.99,1.52,2.39,1.8,2.06,2.97,3.07,2.58,3.69,2.4,2.2,2.2,2.0,2.39,2.8
A. Pearce,FRFC,AFL,2018,KD,KD,Australia,23,6522,21,21,,,2.21,2.5,2.08,2.76,3.48,1.99,2.06,2.48,1.75,1.98,1.74,1.85,1.79,2.01,1.7,2.36,2.43,2.56,2.56,2.55,2.27
A. Sandilands,FRFC,AFL,2018,R,R,Australia,36,5906,11,11,,,2.63,2.46,2.81,2.69,2.27,1.95,2.55,3.07,2.15,2.96,2.03,3.03,1.84,3.13,1.89,3.97,1.91,1.46,1.16,1.56,2.91
B. Banfield,FRFC,AFL,2018,M,MF,Australia,20,5822,20,20,,,2.07,1.75,1.4,1.86,2.6,1.61,1.9,2.19,1.87,1.62,1.88,2.69,2.72,2.44,3.18,2.41,2.41,2.14,2.45,2.79,2.94
B. Cox,FRFC,AFL,2018,KF,KF,Australia,20,6505,16,16,,,2.42,2.34,2.13,2.38,2.74,2.25,2.36,2.88,2.25,2.2,2.72,2.49,2.01,3.19,2.07,2.26,2.59,3.0,2.86,1.81,2.08
B. Grey,FRFC,AFL,2018,GF,GF,Australia,23,5623,4,4,,,2.18,2.5,2.76,2.87,3.47,1.84,2.05,1.84,2.51,1.38,2.78,1.41,1.22,1.51,1.51,2.41,2.84,2.97,2.43,3.02,3.5
B. Hill,FRFC,AFL,2018,W,W,Australia,25,5962,10,10,,,2.31,1.57,1.63,1.13,1.91,1.78,3.21,1.34,3.44,1.84,4.18,2.37,3.01,1.69,1.74,2.57,1.81,2.39,2.66,0.36,2.29
B. Matera,FRFC,AFL,2018,GF,GF,Australia,26,5767,18,18,,,2.43,2.81,2.8,2.57,1.75,3.25,2.51,2.62,2.63,2.18,2.89,2.01,2.26,1.68,2.32,2.41,2.04,1.76,2.13,2.49,2.17
C. Blakely,FRFC,AFL,2018,GD,GD,Australia,22,5753,13,13,,,3.03,3.67,4.94,3.44,1.72,3.83,3.09,3.95,2.8,1.8,2.76,2.67,3.57,2.4,1.94,2.43,2.53,3.11,2.96,1.71,2.17
C. McCarthy,FRFC,AFL,2018,KF,KF,Australia,23,6264,17,17,,,2.0,1.98,1.76,1.57,2.94,2.21,2.21,2.14,2.14,2.22,2.32,1.74,2.35,1.2,1.81,1.83,2.13,2.61,2.18,2.02,1.4
C. Sutcliffe,FRFC,AFL,2018,GF,GF,Australia,26,5779,4,4,,,2.17,1.94,1.51,1.91,1.22,2.37,2.11,2.65,2.14,1.8,2.23,2.45,3.22,2.27,1.51,2.41,2.4,2.21,1.74,4.17,3.44
D. Mundy,FRFC,AFL,2018,M,MF,Australia,33,6058,22,22,,,2.76,2.68,2.65,2.8,2.86,2.49,2.94,3.05,2.82,3.59,2.38,3.32,3.36,3.45,2.96,2.76,2.19,1.88,2.44,2.05,2.55
D. Pearce,FRFC,AFL,2018,GD,GD,Australia,32,5365,3,3,,,2.4,2.66,5.0,2.35,2.21,2.13,2.46,3.41,1.31,3.81,2.15,1.67,2.07,1.55,1.35,2.43,2.51,3.17,4.25,0.76,1.28
D. Tucker,FRFC,AFL,2018,W,W,Australia,21,5347,17,17,,,2.1,1.88,1.9,1.73,3.4,1.6,2.33,2.29,2.41,3.12,1.89,1.92,1.84,2.19,1.87,2.57,2.16,2.71,2.21,1.96,1.97
E. Hughes,FRFC,AFL,2018,GD,GD,Australia,24,5418,5,5,,,2.03,1.96,2.08,2.18,1.89,1.8,2.2,2.34,2.09,2.63,1.95,1.92,2.04,2.23,1.41,2.43,1.92,2.42,1.51,1.59,2.32
E. Langdon,FRFC,AFL,2018,W,W,Australia,22,5975,21,21,,,2.61,2.37,2.49,2.13,1.79,2.64,2.84,2.85,2.62,2.91,2.97,2.75,3.0,2.54,2.46,2.57,2.48,2.8,3.01,2.58,1.81
H. Ballantyne,FRFC,AFL,2018,GF,GF,Australia,31,5764,17,17,,,2.26,2.08,2.41,1.58,1.77,2.36,2.5,1.83,2.16,3.12,2.51,2.25,2.76,2.0,1.94,2.41,2.06,2.15,1.99,1.45,2.41
J. Hamling,FRFC,AFL,2018,KD,KD,Australia,25,6533,18,18,,,2.79,2.43,2.06,2.79,2.07,2.44,2.88,3.44,2.68,1.89,2.44,2.78,2.97,2.38,3.11,2.36,2.96,2.54,1.84,3.28,3.22
L. Neale,FRFC,AFL,2018,M,M,Australia,25,5791,22,22,,,3.15,3.84,4.4,3.97,2.54,3.69,2.98,4.32,2.63,2.26,2.62,2.67,2.11,3.03,2.86,2.41,2.58,2.72,2.22,3.97,2.05
L. Ryan,FRFC,AFL,2018,GD,GD,Australia,22,6046,20,20,,,2.87,2.6,2.16,2.51,2.36,2.87,2.7,2.22,3.28,2.3,2.74,3.68,3.81,2.7,4.66,2.5,2.89,2.41,2.45,3.6,3.24
M. Apeness,FRFC,AFL,2018,R,R,Australia,23,6201,5,5,,,2.21,2.22,1.93,2.22,2.19,2.58,2.56,2.88,2.34,3.07,1.94,1.81,2.59,2.11,2.0,1.3,2.67,2.67,3.2,1.77,2.8
M. Crowden,FRFC,AFL,2018,GF,GF,Australia,19,5775,9,9,,,2.1,2.1,2.78,1.61,2.37,2.06,1.85,2.99,2.08,1.0,2.17,1.9,1.64,1.55,3.13,2.41,2.95,3.38,2.89,1.98,2.73
M. Johnson,FRFC,AFL,2018,KD,KD,Australia,34,6298,13,13,,,2.15,2.48,2.5,2.29,2.12,2.87,2.76,2.37,3.02,3.22,2.81,2.35,3.29,2.31,1.71,2.48,1.53,2.18,2.51,1.67,0.97
M. Taberner,FRFC,AFL,2018,KF,KF,Australia,25,6083,9,9,,,2.81,2.91,2.68,3.23,2.26,3.07,2.5,3.03,2.98,2.18,2.39,3.27,2.45,3.73,4.27,2.86,2.23,2.13,1.74,3.55,2.24
M. Walters,FRFC,AFL,2018,M,MF,Australia,27,5830,18,18,,,2.47,2.28,1.89,2.9,2.08,2.31,3.06,2.51,2.99,4.6,2.33,2.43,2.68,2.46,1.94,3.28,1.95,2.06,1.88,1.82,1.9
N. Fyfe,FRFC,AFL,2018,M,M,Australia,27,5915,15,15,,,3.36,3.65,4.26,4.19,2.75,2.79,3.1,3.44,2.66,3.33,3.21,4.37,2.91,5.0,5.0,3.78,2.47,1.99,2.21,3.85,4.03
N. Wilson,FRFC,AFL,2018,GD,GD,Australia,25,6081,21,21,,,2.47,2.55,2.44,2.19,2.71,2.8,2.67,2.01,3.03,2.34,3.34,2.6,2.86,2.47,2.44,2.43,2.04,1.88,1.44,2.28,2.85
R. Nyhuis,FRFC,AFL,2018,GD,GD,Australia,22,6067,8,8,,,2.06,1.77,1.19,2.3,2.41,1.47,2.19,2.66,2.19,1.78,1.59,1.99,2.5,1.99,1.39,2.43,2.2,1.82,1.91,2.81,2.37
S. Darcy,FRFC,AFL,2018,R,R,Australia,20,6183,7,7,,,2.22,1.92,1.87,1.83,2.35,1.72,2.15,2.74,1.75,2.25,1.85,2.32,1.85,1.88,2.03,2.89,2.45,3.43,3.13,2.61,1.3
S. Giro,FRFC,AFL,2018,GF,GF,Australia,19,5627,10,10,,,2.09,2.34,2.57,1.83,1.42,2.83,1.95,3.84,1.72,1.37,1.97,1.52,1.46,1.58,1.51,2.41,2.65,3.24,2.81,1.89,1.37
S. Hill,FRFC,AFL,2018,GD,GD,Australia,28,6001,13,13,,,2.6,2.8,3.41,2.45,2.39,2.92,2.68,2.58,2.46,3.3,2.93,1.86,1.99,1.52,2.12,2.43,2.73,3.38,3.51,1.8,1.89
S. Jones,FRFC,AFL,2018,KF,KF,Australia,23,5996,5,5,,,2.22,1.82,2.49,1.72,2.2,1.05,1.66,2.75,1.81,1.26,1.99,2.84,1.54,2.02,3.14,5.0,3.37,2.68,3.42,3.41,4.27
S. Kersten,FRFC,AFL,2018,KD,KD,Australia,25,6192,9,9,,,2.16,2.51,2.27,2.4,1.91,3.09,2.72,2.52,2.55,4.01,2.89,2.05,3.06,1.68,1.74,2.36,1.81,1.86,1.82,1.98,1.69
T. Duman,FRFC,AFL,2018,GD,GD,Australia,20,6115,10,10,,,2.43,2.56,2.23,2.66,3.05,2.5,2.26,2.03,2.86,1.6,1.94,2.34,2.69,2.13,2.16,2.43,2.58,2.55,2.84,2.62,2.2
T. Sheridan,FRFC,AFL,2018,W,W,Australia,25,5382,13,13,,,2.03,1.66,1.47,1.84,1.84,1.57,2.37,2.67,2.36,3.9,1.54,2.03,2.28,1.98,1.64,2.57,1.98,2.62,2.69,1.17,1.89
A. Hall,GCFC,AFL,2018,W,W,Australia,28,5350,6,6,,,2.69,2.23,2.37,2.98,2.87,1.43,2.78,1.71,3.23,1.78,3.22,3.43,3.53,3.43,3.25,2.57,2.65,2.64,1.64,2.78,3.19
A. Sexton,GCFC,AFL,2018,GF,GF,Australia,25,6234,22,22,,,2.47,2.3,2.14,1.88,2.05,2.75,2.8,1.91,2.34,3.18,3.85,2.41,2.88,2.16,2.17,2.41,2.09,2.01,1.98,2.35,2.37
A. Young,GCFC,AFL,2018,GF,GF,Australia,26,6020,22,22,,,2.62,2.75,2.67,2.9,2.45,2.75,2.43,2.28,2.4,2.5,2.46,2.52,2.07,2.43,3.5,2.41,2.97,2.8,3.01,3.13,3.15
B. Ainsworth,GCFC,AFL,2018,M,MF,Australia,20,5388,16,16,,,1.92,1.75,1.44,1.41,2.71,1.93,1.86,1.09,2.12,2.48,1.75,2.11,2.35,2.08,1.75,2.4,2.19,2.39,2.1,1.38,2.58
B. Crossley,GCFC,AFL,2018,KF,KF,Australia,19,6083,10,10,,,2.05,2.41,3.12,2.43,1.99,1.94,1.69,3.21,1.74,1.42,1.49,2.05,1.12,1.62,2.31,3.44,2.42,1.76,2.53,2.83,2.89
B. Fiorini,GCFC,AFL,2018,M,M,Australia,21,5644,11,11,,,2.3,2.17,2.21,1.87,1.79,2.65,2.39,2.3,2.55,2.06,2.57,2.38,2.89,1.61,3.23,2.4,2.34,2.07,2.66,2.49,1.94
B. Scheer,GCFC,AFL,2018,M,MF,Australia,20,5836,6,6,,,1.99,1.46,1.25,1.61,2.1,1.23,1.84,1.7,2.11,1.6,1.8,2.63,2.77,2.82,1.94,2.4,2.68,2.81,2.66,1.92,2.98
C. Ah Chee,GCFC,AFL,2018,GD,GD,Australia,21,5900,14,14,,,2.25,2.44,2.9,2.58,2.67,2.15,2.0,1.53,2.03,3.53,2.02,2.18,2.25,2.53,1.68,2.43,2.47,3.62,2.77,1.28,2.08
C. Ballard,GCFC,AFL,2018,KD,KD,Australia,19,5973,11,11,,,1.93,2.33,2.53,2.19,2.87,2.1,1.64,1.46,1.52,2.79,1.64,2.16,2.19,2.41,1.86,2.36,1.62,2.66,2.08,1.7,1.19
D. Macpherson,GCFC,AFL,2018,GF,GF,Australia,21,5363,5,5,,,2.64,2.8,3.52,2.97,2.25,2.46,2.43,2.35,2.76,2.3,2.05,2.13,2.52,2.11,1.51,2.41,3.51,3.39,4.54,2.24,1.89
D. Swallow,GCFC,AFL,2018,M,M,Australia,26,5556,20,20,,,2.54,2.74,2.76,3.13,1.92,2.82,2.28,2.05,2.67,1.84,2.32,2.51,2.53,2.31,2.95,2.4,2.62,2.68,2.48,3.44,2.11
J. Bowes,GCFC,AFL,2018,W,W,Australia,20,5747,16,16,,,2.65,2.61,2.48,2.56,2.9,2.65,2.07,1.27,2.24,2.06,2.14,3.11,2.08,3.88,4.3,2.57,3.38,2.16,2.54,4.31,3.84
J. Dawson,GCFC,AFL,2018,M,M,Australia,19,5132,3,3,,,1.75,2.04,1.48,2.25,3.3,1.87,1.67,2.11,1.51,1.76,1.3,1.61,1.75,1.69,1.19,2.4,1.46,1.24,1.44,1.51,2.32
J. Harbrow,GCFC,AFL,2018,GD,GD,Australia,30,6326,22,22,,,2.57,3.16,3.19,2.91,2.57,3.44,2.44,1.81,2.86,2.07,2.98,2.03,2.02,1.89,2.19,2.43,2.49,2.52,2.23,2.98,2.21
J. Heron,GCFC,AFL,2018,GD,GD,Australia,19,6007,8,8,,,1.96,1.88,2.36,2.27,3.29,1.15,1.97,2.54,1.29,3.8,1.26,1.76,0.87,2.98,1.37,2.43,2.13,3.51,2.46,0.66,1.73
J. Joyce,GCFC,AFL,2018,GD,GD,Australia,21,6161,19,19,,,2.21,2.27,2.11,2.51,2.72,2.07,1.91,1.63,2.22,1.6,2.03,2.42,2.71,2.01,2.55,2.43,2.45,1.8,1.9,3.28,3.03
J. Leslie,GCFC,AFL,2018,KD,KD,Australia,23,6238,9,9,,,1.98,1.43,2.17,0.94,1.82,1.32,1.69,1.16,1.73,3.3,2.07,2.02,2.31,1.97,1.88,2.09,2.39,2.9,2.41,1.54,2.83
J. Lonergan,GCFC,AFL,2018,M,M,Australia,24,5661,5,5,,,2.22,2.31,2.8,2.75,2.12,1.28,1.76,2.06,1.81,1.46,1.59,1.46,1.43,1.6,1.19,2.4,3.34,3.33,3.59,2.25,3.45
J. Lyons,GCFC,AFL,2018,M,M,Australia,26,5599,19,19,,,2.77,3.42,4.24,3.61,2.51,2.63,2.33,2.31,2.09,2.56,2.55,1.84,1.64,2.07,1.66,2.4,2.98,2.87,3.29,2.74,2.37
J. Martin,GCFC,AFL,2018,M,MF,Australia,23,6151,15,15,,,2.63,2.05,1.7,2.43,2.32,1.98,2.47,1.65,2.38,3.81,2.31,4.4,3.62,4.77,4.92,2.4,2.58,2.22,2.87,3.02,2.39
J. Schoenfeld,GCFC,AFL,2018,W,W,Australia,21,5710,6,6,,,1.94,1.67,1.15,1.49,2.04,1.97,1.75,2.04,1.81,2.8,1.11,2.15,2.39,1.77,2.0,2.57,2.51,2.45,2.52,1.85,3.22
J. Witts,GCFC,AFL,2018,R,R,Australia,26,6131,22,22,,,2.53,3.11,3.83,3.13,2.27,2.88,2.18,2.29,2.21,1.49,2.73,2.42,1.52,1.49,2.53,3.16,2.62,2.73,3.14,2.58,2.2
K. Kolodjashnij,GCFC,AFL,2018,GD,GD,Australia,23,6316,8,8,,,2.52,2.09,1.79,1.92,2.53,2.21,2.04,1.71,1.89,2.49,2.64,3.47,3.15,2.73,4.7,2.43,3.05,2.19,2.37,4.17,3.72
L. Weller,GCFC,AFL,2018,W,W,Australia,22,6141,22,22,,,2.65,2.59,2.54,2.41,3.07,2.63,2.74,2.36,2.43,2.08,3.39,2.3,2.05,2.48,2.6,2.57,2.83,2.62,2.41,3.34,2.75
M. Barlow,GCFC,AFL,2018,W,W,Australia,31,6029,3,3,,,3.37,4.16,4.97,3.85,2.44,4.42,3.14,4.5,2.97,2.76,3.12,2.71,3.54,1.48,2.14,2.57,3.1,2.58,2.96,4.35,2.28
M. Rischitelli,GCFC,AFL,2018,GD,GD,Australia,32,5870,21,21,,,1.96,1.83,2.19,2.06,2.57,1.4,1.79,1.63,1.58,1.93,2.39,1.87,1.54,1.87,2.26,2.43,2.39,2.21,2.44,2.39,2.52
M. Rosa,GCFC,AFL,2018,W,W,Australia,32,5795,5,5,,,2.09,2.57,2.68,4.93,2.47,0.78,1.68,2.08,1.7,1.84,1.49,1.49,1.33,1.77,1.57,2.57,2.55,2.26,2.43,2.12,3.27
M. Spencer,GCFC,AFL,2018,KD,KD,Australia,21,6582,3,3,,,1.88,1.5,3.04,0.98,1.71,0.97,2.14,2.16,1.85,2.73,2.63,1.28,1.08,1.39,1.3,2.36,2.5,2.19,2.69,1.62,3.09
N. Holman,GCFC,AFL,2018,GF,GF,Australia,23,5934,22,22,,,2.85,2.95,3.19,3.68,2.82,2.32,2.25,2.41,2.49,1.99,2.15,2.89,2.11,3.23,3.47,2.41,4.02,3.99,4.51,3.23,3.32
P. Hanley,GCFC,AFL,2018,GD,GD,Australia,30,4194,3,3,,,2.23,2.53,3.25,2.6,3.76,1.98,2.29,2.64,1.81,2.16,2.56,1.92,2.42,1.48,1.84,2.43,2.02,2.08,2.48,2.36,0.84
P. Wright,GCFC,AFL,2018,KF,KF,Australia,22,5480,7,7,,,2.29,2.22,1.96,2.44,1.98,2.3,1.88,1.82,2.08,1.68,2.22,2.66,2.61,3.17,1.49,2.69,2.76,2.23,3.08,2.61,3.12
R. Thompson,GCFC,AFL,2018,KD,KD,Australia,27,6689,17,17,,,2.21,1.69,1.76,1.51,2.15,1.63,1.72,1.33,1.98,1.96,1.99,1.86,1.4,1.85,2.21,2.36,3.02,2.3,2.35,2.98,3.42
S. Day,GCFC,AFL,2018,KF,KF,Australia,26,6076,12,12,,,2.26,2.55,2.97,2.81,2.57,1.74,1.86,2.14,2.04,1.69,1.94,2.35,1.74,2.34,2.49,2.88,2.7,2.55,2.77,3.05,2.55
S. Lemmens,GCFC,AFL,2018,GF,GF,Australia,24,5644,10,10,,,2.17,2.31,1.81,2.12,3.43,2.43,1.8,2.88,1.74,1.08,2.53,2.04,1.8,1.82,2.97,2.41,2.92,3.35,2.86,2.96,2.05
S. May,GCFC,AFL,2018,KD,KD,Australia,26,6630,17,17,,,3.03,2.8,2.58,2.47,2.7,3.37,2.72,2.32,2.81,3.21,3.43,3.36,3.29,3.0,3.82,2.47,3.01,2.07,2.39,3.38,3.18
T. Lynch,GCFC,AFL,2018,KF,KF,Australia,26,6564,10,10,,,2.61,2.46,1.65,2.9,2.13,2.84,2.87,1.98,2.68,3.27,2.47,2.34,2.4,2.78,2.04,1.84,2.86,2.79,2.35,2.35,4.26
T. Miller,GCFC,AFL,2018,M,M,Australia,22,6157,22,22,,,2.64,2.86,3.01,3.33,2.42,2.43,2.22,2.16,2.19,1.71,2.86,2.3,2.37,2.14,2.55,2.4,3.15,3.05,3.12,4.02,2.78
W. Brodie,GCFC,AFL,2018,M,M,Australia,20,5217,8,8,,,1.99,2.34,3.19,2.2,1.69,1.7,1.5,1.53,1.11,1.41,2.23,1.66,1.48,2.01,1.19,2.4,2.36,2.79,2.39,0.63,2.24
W. Powell,GCFC,AFL,2018,GF,GF,Australia,19,5487,7,7,,,2.0,1.85,1.77,1.93,2.55,1.65,1.87,2.14,2.26,1.42,1.72,2.4,2.6,2.63,1.51,2.41,2.06,1.97,1.68,1.68,3.57
A. Black,GFC,AFL,2018,GD,GD,Australia,28,4981,3,3,,,2.37,2.12,1.82,2.03,2.34,2.23,2.22,2.48,2.2,1.6,2.13,2.81,3.88,2.61,1.78,2.43,2.56,2.11,3.44,1.78,2.78
B. Parfitt,GFC,AFL,2018,GF,GF,Australia,20,5941,19,19,,,2.87,3.68,3.58,3.89,3.35,3.65,2.67,3.98,2.58,2.25,2.53,1.67,1.77,1.66,1.51,2.41,3.32,3.53,3.68,2.87,2.16
C. Gregson,GFC,AFL,2018,GF,GF,Australia,22,5588,10,10,,,2.05,1.82,2.04,1.58,2.22,1.8,1.92,1.62,2.47,1.41,2.15,2.17,1.98,2.61,1.51,2.41,2.65,2.69,3.03,1.9,2.03
C. Guthrie,GFC,AFL,2018,GD,GD,Australia,26,5345,13,13,,,2.51,2.74,3.5,2.74,3.59,2.29,2.72,3.46,2.22,3.03,2.12,1.56,1.13,2.21,1.29,2.43,2.55,3.3,3.23,1.66,1.7
D. Menzel,GFC,AFL,2018,GF,GF,Australia,27,6162,13,13,,,2.74,1.79,1.37,1.77,2.39,1.87,3.26,1.69,3.08,4.61,2.08,4.37,3.87,5.0,3.69,2.41,1.27,0.86,1.13,1.37,2.52
E. Ratugolea,GFC,AFL,2018,KF,KF,Australia,20,5304,8,8,,,2.42,2.43,3.18,2.66,2.44,1.35,1.95,1.76,2.35,1.9,1.55,3.05,1.84,3.3,3.12,3.85,2.12,2.2,2.08,2.49,1.78
G. Ablett,GFC,AFL,2018,M,M,Australia,34,6011,19,19,,,2.9,3.15,2.96,3.03,2.38,4.0,3.37,3.15,3.16,3.66,3.7,2.37,2.91,2.05,2.14,2.41,2.18,2.32,2.03,2.49,1.92
G. Horlin-Smith,GFC,AFL,2018,M,M,Australia,26,4242,4,4,,,1.91,1.9,2.26,1.38,2.11,1.78,2.07,1.95,1.76,3.02,1.83,1.7,1.36,1.69,2.32,2.4,1.85,1.7,2.3,0.87,1.65
H. Taylor,GFC,AFL,2018,KD,KD,Australia,32,5049,8,8,,,2.31,2.78,3.43,2.79,2.21,2.62,2.86,3.05,2.33,5.0,1.92,2.19,2.02,2.77,1.64,2.9,1.91,2.14,2.58,1.37,2.0
J. Bews,GFC,AFL,2018,GD,GD,Australia,25,6238,21,21,,,2.07,1.91,2.39,1.75,2.85,1.65,1.9,2.16,1.79,2.26,1.46,2.42,2.39,2.35,2.52,2.43,2.27,3.01,1.94,2.02,2.16
J. Cunico,GFC,AFL,2018,W,W,Australia,22,6050,14,14,,,2.36,2.2,2.24,2.04,1.91,2.37,2.78,1.82,2.81,2.16,3.31,2.32,2.78,2.02,1.76,2.57,1.92,2.08,2.28,1.64,1.87
J. Henry,GFC,AFL,2018,GD,GD,Australia,20,5865,22,22,,,2.39,1.81,1.82,2.23,2.74,1.31,1.92,1.25,2.07,3.96,1.8,3.51,2.64,4.85,2.97,3.47,2.96,2.8,3.27,2.64,3.08
J. Jones,GFC,AFL,2018,GF,GF,Australia,20,5367,7,7,,,1.91,1.76,1.36,1.65,2.66,1.82,1.76,1.94,1.52,1.89,1.86,1.65,1.97,1.46,1.51,2.41,2.92,3.24,3.07,2.53,2.02
J. Kolodjashnij,GFC,AFL,2018,KD,KD,Australia,23,6226,23,23,,,2.29,2.43,2.6,2.21,2.51,2.52,2.36,2.41,2.43,2.04,2.18,2.34,2.1,2.66,2.16,2.36,2.15,2.36,2.71,2.14,1.92
J. Murdoch,GFC,AFL,2018,M,MF,Australia,26,5730,16,16,,,2.3,1.44,0.85,1.26,2.05,2.1,2.44,1.51,2.98,2.65,2.46,3.94,3.78,3.86,4.42,2.4,2.35,1.84,2.38,3.88,2.71
J. Parsons,GFC,AFL,2018,GF,GF,Australia,21,5847,11,11,,,2.21,2.24,1.88,1.87,2.12,2.72,2.43,2.75,2.48,2.34,2.19,1.98,2.08,1.81,2.17,2.41,1.92,1.87,1.83,2.91,1.64
J. Selwood,GFC,AFL,2018,M,M,Australia,30,5938,23,23,,,3.02,3.36,3.61,3.83,2.26,3.2,2.78,2.79,3.13,1.96,2.95,2.69,2.66,2.55,3.08,2.17,3.02,2.83,2.79,3.23,4.44
J. Thurlow,GFC,AFL,2018,W,W,Australia,24,5425,7,7,,,2.2,2.16,2.12,1.56,1.84,2.72,2.37,2.41,1.72,2.5,2.77,2.39,2.58,2.4,2.06,2.57,1.82,2.35,1.62,1.84,1.59
L. Fogarty,GFC,AFL,2018,GF,GF,Australia,19,5736,15,15,,,2.37,2.43,2.11,2.46,1.92,2.7,2.2,3.05,2.36,1.55,2.51,2.21,1.86,2.14,2.97,2.41,2.87,2.63,3.06,3.16,2.71
L. Henderson,GFC,AFL,2018,KD,KD,Australia,29,6711,7,7,,,2.78,2.52,2.35,2.81,2.22,2.46,2.86,2.48,3.17,2.17,3.8,2.55,2.17,2.7,2.66,2.36,3.08,3.17,3.29,3.32,2.84
M. Blicavs,GFC,AFL,2018,KD,KD,Australia,27,7022,23,23,,,2.91,3.46,4.02,3.69,2.53,3.27,3.11,4.3,2.2,2.5,2.58,2.0,1.91,2.2,1.83,3.4,3.29,4.3,4.51,2.68,3.07
M. Duncan,GFC,AFL,2018,M,M,Australia,27,6138,21,21,,,2.84,2.82,2.18,2.18,2.88,4.3,3.13,2.79,3.61,1.96,3.9,3.09,4.19,2.04,3.51,2.43,2.23,2.28,1.86,3.02,2.72
M. O'Connor,GFC,AFL,2018,GD,GD,Australia,21,6069,5,5,,,2.34,1.61,1.58,1.84,2.68,1.23,2.15,1.81,2.66,2.3,1.79,4.33,3.49,5.0,4.16,2.43,2.15,1.7,2.09,2.93,1.82
P. Dangerfield,GFC,AFL,2018,M,MF,Australia,28,6154,22,22,,,3.39,3.66,3.48,4.66,3.68,2.88,3.32,2.93,2.94,4.51,3.27,3.8,2.48,4.94,3.56,2.79,2.73,2.28,2.67,3.44,4.04
Q. Narkle,GFC,AFL,2018,GF,GF,Australia,21,5325,6,6,,,2.29,2.55,3.19,2.24,3.68,2.17,2.47,3.48,2.25,2.3,2.4,1.88,1.79,1.58,2.73,2.41,1.92,1.77,2.26,1.69,1.52
R. Abbott,GFC,AFL,2018,R,R,Australia,27,5986,4,4,,,2.27,2.43,1.93,1.72,3.25,3.1,2.51,2.2,1.78,4.23,1.83,1.81,2.4,1.65,1.03,2.26,2.9,4.24,4.45,0.79,2.24
R. Stanley,GFC,AFL,2018,R,R,Australia,28,5851,15,15,,,2.78,3.02,3.01,2.39,3.59,3.19,2.79,2.74,3.08,2.66,2.69,2.61,2.46,2.12,3.53,2.38,2.92,2.08,2.38,3.1,3.68
S. Crameri,GFC,AFL,2018,GF,GF,Australia,30,6121,4,4,,,2.49,2.12,1.38,1.9,1.41,2.83,2.78,1.86,3.04,3.07,2.44,2.89,4.53,2.23,1.51,2.41,2.0,1.2,2.18,1.73,3.58
S. Menegola,GFC,AFL,2018,M,MF,Australia,26,5880,23,23,,,2.73,2.53,1.79,2.32,2.72,3.65,2.97,2.58,2.91,3.61,2.9,3.0,3.83,2.81,1.97,3.45,2.5,2.28,2.61,2.88,2.55
S. Selwood,GFC,AFL,2018,W,W,Australia,28,5652,13,13,,,2.12,2.15,2.43,2.6,2.71,1.53,2.0,3.17,2.08,2.17,1.55,1.84,1.94,1.71,1.77,2.57,2.51,3.62,3.8,0.91,2.5
T. Hawkins,GFC,AFL,2018,KF,KF,Australia,30,6729,21,21,,,3.21,3.21,3.12,3.62,2.51,3.14,3.56,2.3,3.16,4.28,2.67,3.24,4.57,3.61,1.62,2.37,1.88,1.88,2.23,1.44,1.58
T. Kelly,GFC,AFL,2018,M,MF,Australia,24,6173,23,23,,,2.57,2.87,2.85,2.65,2.8,3.17,2.65,2.37,2.02,3.97,2.79,2.14,2.14,2.05,2.36,2.4,2.25,2.63,1.98,1.79,2.3
T. Stewart,GFC,AFL,2018,GD,GD,Australia,25,5918,22,22,,,2.96,2.65,2.12,2.94,2.4,2.68,2.75,2.36,3.2,1.99,3.05,3.71,3.2,4.19,3.74,2.43,3.11,2.5,2.54,3.92,3.73
W. Buzza,GFC,AFL,2018,KF,KF,Australia,22,5431,3,3,,,2.09,1.64,2.64,1.04,1.79,1.37,1.74,2.65,1.93,1.23,2.54,2.8,1.92,3.14,2.74,3.25,2.3,2.28,2.46,2.2,2.14
Z. Guthrie,GFC,AFL,2018,GD,GD,Australia,20,6084,7,7,,,1.83,1.6,1.76,1.7,1.72,1.45,1.63,1.54,1.69,1.6,1.72,2.41,2.2,2.54,2.51,2.43,2.0,1.9,2.1,2.26,1.63
Z. Smith,GFC,AFL,2018,R,R,Australia,28,5267,3,3,,,1.9,2.28,2.01,2.45,2.0,2.66,2.25,2.21,2.28,2.0,2.5,1.48,1.39,1.34,1.03,1.86,1.91,2.12,2.02,2.27,1.51
Z. Tuohy,GFC,AFL,2018,GD,GD,Australia,29,6799,23,23,,,2.64,3.09,2.91,2.88,2.6,3.39,3.0,2.32,3.46,3.97,2.88,2.19,2.61,1.99,1.93,2.43,1.97,1.45,1.68,2.53,2.35
A. Bonar,GWS,AFL,2018,GF,GF,Australia,19,5339,4,4,,,2.67,2.21,2.86,2.76,2.61,1.38,2.48,3.16,1.94,3.07,1.67,3.31,2.29,4.9,1.51,2.41,3.15,3.66,3.84,1.35,1.31
A. Corr,GWS,AFL,2018,KD,KD,Australia,24,6172,16,16,,,2.11,1.95,2.2,1.84,2.22,1.78,2.08,1.91,2.09,2.48,2.36,1.79,1.94,1.9,1.56,2.36,2.48,2.58,3.01,1.54,2.91
A. Kennedy,GWS,AFL,2018,GD,GD,Australia,26,6056,9,9,,,2.7,2.34,2.71,2.04,1.85,2.52,3.11,3.5,2.68,2.73,3.38,2.93,3.26,2.86,2.62,2.43,2.33,2.04,2.47,2.33,2.47
A. Tomlinson,GWS,AFL,2018,W,W,Australia,25,6535,24,24,,,2.7,2.5,3.34,2.74,2.55,1.89,2.6,1.88,2.73,3.17,2.4,3.51,3.54,3.55,3.45,1.43,2.57,2.38,2.85,2.18,2.89
B. Daniels,GWS,AFL,2018,GF,GF,Australia,19,5042,7,7,,,2.06,1.91,1.92,2.33,2.39,1.47,2.08,2.85,1.9,1.9,2.18,1.92,2.05,1.54,2.56,2.41,2.52,2.51,2.54,2.72,2.34
B. Deledio,GWS,AFL,2018,W,W,Australia,31,5236,11,11,,,2.85,2.78,2.1,2.84,2.13,3.23,2.45,3.04,2.7,2.3,2.18,3.65,3.28,3.92,4.08,2.89,3.07,2.59,3.18,4.1,2.3
C. Ward,GWS,AFL,2018,M,M,Australia,28,6171,24,24,,,3.08,3.53,4.06,3.74,2.8,3.01,3.2,3.9,3.56,2.1,2.82,2.84,2.51,2.81,3.47,3.24,2.31,1.93,2.43,3.6,2.06
D. Lloyd,GWS,AFL,2018,GF,GF,Australia,26,5588,14,14,,,2.42,2.34,2.32,2.59,2.26,2.17,2.41,2.57,2.55,2.33,2.08,2.05,2.41,1.78,2.03,2.41,3.11,3.08,3.65,2.2,2.32
D. Shiel,GWS,AFL,2018,M,M,Australia,25,5700,23,23,,,2.47,2.82,2.91,2.27,2.83,3.23,2.67,3.23,2.31,2.09,3.16,1.67,1.76,1.63,1.58,2.4,2.14,1.8,2.24,2.53,2.71
D. Simpson,GWS,AFL,2018,R,R,Australia,29,5030,9,9,,,2.25,2.38,2.38,2.36,3.53,1.48,1.82,2.02,2.49,0.76,2.0,2.51,1.33,2.05,2.3,3.23,2.07,2.52,2.83,3.07,0.71
H. Himmelberg,GWS,AFL,2018,KF,KF,Australia,22,6302,24,24,,,2.43,2.73,2.21,2.62,3.81,2.76,2.53,2.96,2.81,2.29,2.59,1.99,1.92,1.8,2.56,1.99,2.67,2.66,2.61,2.69,2.77
H. Perryman,GWS,AFL,2018,GD,GD,Australia,20,5137,9,9,,,2.42,2.57,3.54,3.12,2.29,1.95,2.37,2.97,2.13,2.4,1.73,1.83,1.6,2.07,1.83,2.43,2.69,3.67,2.78,1.85,2.37
H. Shaw,GWS,AFL,2018,GD,GD,Australia,33,6714,20,20,,,2.9,3.0,3.14,3.19,2.21,3.01,2.67,1.9,3.08,1.73,3.79,3.04,2.96,2.96,3.23,2.43,3.05,2.28,3.03,3.74,3.18
J. Cameron,GWS,AFL,2018,KF,KF,Australia,25,6578,18,18,,,2.86,2.77,1.95,3.12,2.54,3.24,3.44,2.48,2.85,4.06,3.02,2.53,3.46,2.24,2.82,1.84,2.07,1.6,1.86,2.74,2.65
J. Finlayson,GWS,AFL,2018,GD,GD,Australia,22,5532,14,14,,,2.42,2.16,1.37,2.14,2.48,2.36,2.57,1.97,2.84,3.27,2.8,2.94,2.14,3.81,2.85,2.53,2.17,1.95,1.37,2.83,2.84
J. Hopper,GWS,AFL,2018,M,M,Australia,21,5696,21,21,,,2.29,2.56,2.73,2.74,2.45,2.22,2.1,2.16,1.85,2.59,1.99,1.85,1.63,2.04,1.83,2.4,2.41,2.26,2.67,1.59,2.75
J. Kelly,GWS,AFL,2018,M,M,Australia,23,5865,16,16,,,2.81,2.59,2.37,2.4,2.26,3.27,3.33,2.65,3.57,3.23,3.85,2.31,2.19,1.93,3.39,2.4,2.8,2.53,3.07,2.96,2.59
J. Patton,GWS,AFL,2018,KF,KF,Australia,25,6276,12,12,,,2.88,3.69,5.0,3.62,2.4,3.05,2.4,3.75,2.79,1.86,2.65,2.77,2.35,1.99,4.1,3.47,2.84,2.5,2.98,3.43,2.66
L. Keeffe,GWS,AFL,2018,KD,KD,Australia,28,6363,8,8,,,1.65,2.62,5.0,2.4,2.06,1.52,1.44,1.39,1.16,2.57,1.65,1.28,1.04,1.46,1.25,3.63,1.49,3.18,1.53,0.64,1.66
L. Whitfield,GWS,AFL,2018,GD,GD,Australia,24,6450,24,24,,,3.4,3.98,4.77,3.61,2.66,4.26,3.77,4.11,3.6,3.73,3.47,2.54,3.53,1.84,2.19,2.43,2.81,3.63,3.4,1.88,2.05
M. Buntine,GWS,AFL,2018,GD,GD,Australia,25,5815,9,9,,,2.18,1.74,1.76,2.17,2.87,1.19,1.6,1.32,1.83,1.6,1.67,3.83,2.58,4.8,4.17,2.43,2.44,2.12,1.38,3.43,3.18
M. de Boer,GWS,AFL,2018,GF,GF,Australia,28,6144,15,15,,,3.03,3.59,3.75,4.25,2.25,3.34,2.93,4.51,2.7,2.48,2.95,2.35,2.09,2.09,3.4,2.41,3.04,3.14,3.19,3.29,2.25
N. Haynes,GWS,AFL,2018,GD,GD,Australia,26,6255,24,24,,,2.73,2.34,1.53,2.3,2.17,2.68,2.4,1.99,2.56,1.74,3.15,4.18,3.73,4.47,4.37,2.43,2.73,1.9,2.11,3.66,3.55
P. Davis,GWS,AFL,2018,KD,KD,Australia,28,6714,22,22,,,3.25,3.2,2.52,4.16,2.84,2.71,2.83,3.4,2.47,1.92,2.87,3.11,2.78,2.98,3.49,2.36,3.57,2.39,2.48,4.61,3.5
R. Griffen,GWS,AFL,2018,GF,GF,Australia,32,5568,16,16,,,2.71,2.92,2.7,3.19,2.8,2.85,2.51,2.77,2.17,2.69,2.62,3.13,2.2,3.61,3.69,2.41,2.19,2.08,1.88,3.61,2.33
R. Lobb,GWS,AFL,2018,R,R,Australia,25,6059,19,19,,,2.46,1.63,1.13,2.22,1.62,1.66,2.5,1.57,2.37,3.48,2.58,2.78,3.1,4.13,2.35,2.13,2.62,2.28,2.23,1.97,3.46
S. Coniglio,GWS,AFL,2018,M,M,Australia,25,6245,23,23,,,3.01,3.23,3.56,2.9,2.48,3.55,3.26,2.97,3.06,4.09,3.14,2.66,3.07,2.49,2.33,2.34,2.49,2.35,2.87,1.92,2.07
S. Reid,GWS,AFL,2018,GF,GF,Australia,29,5964,21,21,,,2.24,2.19,2.09,2.19,2.46,2.17,2.05,2.8,2.24,1.44,2.3,2.29,2.11,2.01,3.25,2.41,2.74,2.22,2.47,4.98,3.19
S. Taylor,GWS,AFL,2018,KD,KD,Australia,19,5715,8,8,,,2.11,2.21,2.25,2.6,3.06,1.31,2.15,2.38,2.15,1.89,1.54,1.36,1.01,1.75,1.16,2.36,2.67,3.27,3.85,1.99,2.6
T. Greene,GWS,AFL,2018,GF,GF,Australia,25,5420,9,9,,,2.89,2.73,1.63,2.9,3.13,3.06,3.28,1.98,2.79,4.17,3.64,3.54,3.67,3.62,3.13,2.43,1.44,1.64,0.92,1.54,2.31
T. Taranto,GWS,AFL,2018,M,M,Australia,20,6105,23,23,,,2.62,2.44,2.51,2.47,2.52,2.28,2.2,2.13,2.1,2.09,2.55,3.04,2.49,3.66,2.63,2.4,3.27,3.3,3.5,2.79,2.72
Z. Langdon,GWS,AFL,2018,GF,GF,Australia,23,5598,21,21,,,2.33,2.0,1.95,2.04,2.75,1.8,2.19,2.4,1.95,2.58,1.66,2.32,1.9,2.25,3.21,2.41,3.31,3.4,3.32,2.55,3.57
B. Hardwick,HFC,AFL,2018,GD,GD,Australia,21,6188,24,24,,,2.7,2.59,1.93,2.87,2.92,2.56,2.61,2.71,2.81,2.39,2.19,2.67,2.53,2.78,2.7,2.43,2.97,2.59,2.57,3.25,3.71
B. McEvoy,HFC,AFL,2018,R,R,Australia,29,5857,19,19,,,2.88,2.53,2.03,2.35,3.32,2.66,2.7,3.62,2.79,2.27,2.12,3.15,3.22,3.56,3.18,2.85,2.95,2.4,2.62,3.06,3.43
B. Stratton,HFC,AFL,2018,GD,GD,Australia,29,6786,23,23,,,2.42,1.89,2.21,2.21,2.46,1.45,2.13,2.11,2.49,1.6,1.81,3.12,2.58,3.39,3.42,2.43,2.92,1.99,2.3,3.27,4.55
B. Whitecross,HFC,AFL,2018,GF,GF,Australia,28,5178,6,6,,,2.46,2.36,2.05,2.03,2.53,2.72,2.43,3.06,2.82,1.82,2.33,2.88,3.41,3.07,1.51,2.41,2.18,2.06,2.67,1.37,1.7
C. Glass,HFC,AFL,2018,GD,GD,Australia,21,5845,4,4,,,1.8,1.83,2.87,1.52,1.87,1.68,1.43,0.69,1.95,1.6,1.71,1.42,1.35,1.34,1.6,2.43,2.52,3.16,3.02,2.12,1.46
C. Nash,HFC,AFL,2018,KF,KF,Australia,20,5309,5,5,,,1.91,2.1,1.76,2.04,3.38,1.74,1.65,2.59,1.71,1.33,2.01,1.48,1.47,1.24,1.49,1.84,3.66,4.14,3.89,4.26,2.11
C. Rioli,HFC,AFL,2018,GF,GF,Australia,29,5153,4,4,,,2.13,2.34,2.59,2.72,2.65,1.86,1.84,2.18,1.32,1.8,2.82,1.81,1.24,1.58,3.34,2.44,2.79,2.53,2.26,2.78,4.8
D. Howe,HFC,AFL,2018,M,M,Australia,23,5933,17,17,,,2.55,2.1,1.93,2.15,2.33,2.16,2.37,2.21,3.06,1.61,2.14,3.39,3.66,2.56,4.77,2.41,2.97,2.91,2.53,3.8,4.14
D. Mirra,HFC,AFL,2018,GD,GD,Australia,27,5821,7,7,,,2.55,2.5,2.33,2.58,2.51,2.51,2.43,2.06,2.94,1.6,2.61,3.23,3.63,2.74,3.33,2.43,2.37,1.87,1.68,2.88,3.41
H. Morrison,HFC,AFL,2018,M,MF,Australia,20,5512,21,21,,,2.1,1.68,0.94,1.27,3.19,2.24,2.09,2.18,2.4,1.66,1.86,3.2,4.52,2.44,2.61,2.4,2.03,1.54,2.0,2.75,3.39
I. Smith,HFC,AFL,2018,W,W,Australia,30,6257,24,24,,,2.64,2.23,2.52,1.69,1.94,2.56,3.28,2.9,2.89,4.76,2.93,2.62,3.49,1.88,1.68,2.57,2.16,2.36,2.2,1.47,2.7
J. Ceglar,HFC,AFL,2018,R,R,Australia,27,5478,11,11,,,2.39,1.76,1.66,2.0,1.62,1.76,2.44,2.65,2.07,2.86,2.16,2.62,3.1,3.13,2.75,2.09,2.52,1.75,1.72,1.78,3.96
J. Cousins,HFC,AFL,2018,M,MF,Australia,20,4812,4,4,,,1.53,1.2,1.09,0.86,1.74,1.39,1.56,1.5,2.18,1.11,1.01,1.95,2.72,1.69,1.19,2.4,1.73,1.84,1.54,1.77,2.05
J. Frawley,HFC,AFL,2018,KD,KD,Australia,30,6483,20,20,,,2.3,2.34,1.74,2.34,2.17,2.81,2.26,1.68,2.87,1.89,2.52,1.95,2.21,2.0,1.71,2.36,2.58,2.2,2.32,2.24,2.98
J. Gunston,HFC,AFL,2018,KF,KF,Australia,27,6548,23,23,,,2.88,3.11,2.33,2.87,2.64,4.5,3.58,3.51,3.78,3.55,3.41,1.95,2.55,1.53,2.22,1.78,2.68,2.47,2.32,3.66,2.91
J. Impey,HFC,AFL,2018,GD,GD,Australia,23,5842,24,24,,,2.58,2.76,3.19,2.93,2.99,2.46,2.53,1.83,2.48,4.76,2.72,1.86,1.96,1.84,1.78,2.43,2.9,4.03,3.63,1.4,2.28
J. O'Meara,HFC,AFL,2018,M,M,Australia,24,5911,21,21,,,2.75,2.85,3.17,2.49,2.8,2.78,2.93,2.96,2.92,3.15,2.67,2.07,2.44,1.89,1.83,2.41,2.83,3.31,2.78,2.02,1.95
J. O'Rourke,HFC,AFL,2018,W,W,Australia,24,4935,3,3,,,1.82,2.02,1.96,3.24,3.03,0.88,1.48,3.11,1.26,0.83,1.57,1.89,2.12,1.77,1.57,2.57,2.08,2.61,1.0,1.25,3.29
J. Roughead,HFC,AFL,2018,KF,KF,Australia,31,6367,22,22,,,2.85,3.64,4.7,3.65,2.19,3.44,2.81,3.78,2.75,2.72,2.54,2.23,1.83,2.31,1.99,2.65,2.86,3.16,2.75,2.8,2.66
J. Sicily,HFC,AFL,2018,GD,GD,Australia,23,6686,16,16,,,3.42,3.55,2.11,4.2,3.21,3.68,3.14,2.41,3.64,3.65,3.3,4.33,3.66,4.43,4.99,2.43,3.13,1.97,1.87,5.0,4.14
J. Worpel,HFC,AFL,2018,M,MF,Australia,19,5315,11,11,,,2.06,2.02,1.72,1.93,3.09,1.88,2.15,2.18,2.04,2.29,2.19,1.77,1.53,2.22,1.19,2.4,2.23,2.38,2.31,2.03,1.5
K. Brand,HFC,AFL,2018,KD,KD,Australia,24,6644,10,10,,,2.14,2.22,2.68,1.86,2.14,2.36,2.2,2.35,2.14,1.89,2.1,2.03,2.44,1.84,1.95,2.36,2.17,2.41,2.2,1.77,2.38
L. Breust,HFC,AFL,2018,GF,GF,Australia,28,6075,24,24,,,3.41,3.56,3.46,4.21,3.45,3.16,3.71,2.8,3.22,4.84,3.15,2.93,3.46,3.14,1.51,2.41,3.08,3.42,3.53,2.12,1.75
L. Shiels,HFC,AFL,2018,M,M,Australia,27,5886,23,23,,,2.61,2.48,2.7,1.82,2.09,3.07,2.47,2.46,2.61,1.99,2.7,2.35,2.56,2.03,2.69,2.42,3.23,3.18,3.74,2.89,1.75
P. Puopolo,HFC,AFL,2018,GF,GF,Australia,31,6043,20,20,,,2.49,2.6,2.87,2.98,2.56,2.19,2.53,2.46,2.63,2.59,2.22,1.75,2.0,1.51,1.87,2.41,3.14,3.66,3.39,1.85,2.14
R. Burton,HFC,AFL,2018,GD,GD,Australia,21,5762,23,23,,,2.4,2.5,2.61,2.31,2.19,2.67,2.48,2.42,2.59,2.07,2.61,2.29,2.4,2.23,2.23,2.43,2.26,2.24,2.03,2.49,2.34
R. Henderson,HFC,AFL,2018,W,W,Australia,30,5625,22,22,,,2.7,2.15,2.11,2.11,2.36,2.15,2.92,2.47,3.17,3.01,2.79,3.32,3.28,3.18,3.47,2.57,2.66,2.47,3.16,3.0,2.13
R. Schoenmakers,HFC,AFL,2018,KF,KF,Australia,28,5724,9,9,,,1.95,1.86,1.66,1.61,2.44,2.06,1.99,1.87,2.0,2.05,1.83,1.94,1.68,2.04,1.9,2.08,2.09,1.48,2.21,2.38,2.6
S. Burgoyne,HFC,AFL,2018,M,M,Australia,36,5253,17,17,,,2.55,2.32,2.34,2.35,2.73,2.03,2.68,2.95,2.83,2.43,2.33,2.8,2.8,2.59,3.26,2.4,2.56,2.15,2.62,3.58,2.98
T. Duryea,HFC,AFL,2018,GD,GD,Australia,27,6003,17,17,,,2.31,2.35,1.58,2.51,3.13,2.33,2.36,2.09,2.46,3.03,2.3,2.58,3.01,2.36,2.33,2.43,2.02,1.99,2.16,2.22,1.62
T. Miles,HFC,AFL,2018,GD,GD,Australia,22,5756,8,8,,,2.42,2.34,2.23,1.35,2.84,2.93,3.02,3.16,3.19,2.86,2.58,1.82,2.1,1.91,1.39,2.43,2.0,2.24,2.68,0.8,2.19
T. Mitchell,HFC,AFL,2018,M,M,Australia,25,6574,24,24,,,3.51,4.26,5.0,4.64,2.08,4.16,3.44,3.93,3.52,2.63,3.51,2.17,2.64,1.74,2.32,2.4,3.33,3.37,3.56,3.82,1.8
T. O'Brien,HFC,AFL,2018,KF,KF,Australia,24,5510,12,12,,,1.99,2.13,1.94,1.89,2.48,2.44,1.75,2.27,2.46,1.19,2.1,1.85,1.64,1.14,2.4,2.73,2.91,3.17,1.97,3.85,3.47
W. Langford,HFC,AFL,2018,GF,GF,Australia,26,4745,6,6,,,1.83,2.18,2.48,2.48,2.45,1.75,1.32,1.54,1.56,0.72,1.96,1.9,1.89,1.53,2.73,2.43,2.22,2.02,1.83,3.2,3.07
A. Brayshaw,MFC,AFL,2018,M,M,Australia,22,5684,22,22,,,2.84,2.96,2.93,2.78,2.47,3.49,2.82,2.08,2.94,2.94,3.41,3.09,3.17,3.0,3.17,2.4,2.46,2.18,2.58,2.74,2.86
A. Neal-Bullen,MFC,AFL,2018,GF,GF,Australia,22,5840,25,25,,,2.95,3.41,3.97,3.3,2.18,3.52,2.75,2.63,2.76,2.81,2.68,2.02,2.08,1.68,2.68,2.41,3.71,4.18,3.92,3.01,2.52
A. vandenBerg,MFC,AFL,2018,M,MF,Australia,26,5724,7,7,,,2.34,2.01,1.43,1.65,3.52,2.28,2.55,1.78,2.65,3.26,2.61,3.36,3.22,3.63,3.01,2.4,1.84,1.62,1.64,2.6,2.8
B. Fritsch,MFC,AFL,2018,M,MF,Australia,22,5779,23,23,,,2.55,1.66,0.86,1.67,2.57,2.21,2.71,1.59,3.36,3.04,2.66,4.73,4.4,4.83,5.0,2.4,2.24,1.76,1.77,4.31,3.94
B. Vince,MFC,AFL,2018,GD,GD,Australia,33,6166,17,17,,,2.24,2.66,3.6,2.68,2.41,2.39,2.16,1.86,2.46,2.01,2.24,1.47,1.09,1.77,1.56,2.43,2.39,2.24,2.87,2.09,2.25
C. Oliver,MFC,AFL,2018,M,M,Australia,21,6122,25,25,,,3.26,3.78,4.4,4.3,2.26,3.3,2.87,4.02,2.23,2.61,2.81,2.43,2.11,2.48,2.9,2.42,3.56,3.41,3.81,4.06,2.61
C. Pedersen,MFC,AFL,2018,KF,KF,Australia,31,6224,4,4,,,2.26,2.07,2.55,1.67,2.32,2.01,1.98,2.7,1.9,1.66,2.72,2.35,0.83,2.75,3.12,2.85,3.43,3.25,3.28,3.59,3.82
C. Petracca,MFC,AFL,2018,M,MF,Australia,22,6124,24,24,,,2.33,2.32,2.05,2.48,2.68,2.33,2.41,1.66,2.31,3.6,2.34,2.7,3.0,2.97,1.56,2.77,1.95,1.75,1.82,2.49,2.68
C. Salem,MFC,AFL,2018,GD,GD,Australia,23,5989,24,24,,,2.97,3.35,4.57,3.58,2.76,2.93,2.97,2.58,3.21,3.48,2.97,2.03,1.66,2.34,2.11,2.43,3.14,4.57,3.47,2.15,2.08
C. Spargo,MFC,AFL,2018,GF,GF,Australia,19,5444,18,18,,,2.31,2.21,2.11,1.86,1.87,2.6,2.53,3.08,2.66,2.24,2.37,2.0,2.72,1.48,1.91,2.41,2.43,2.85,2.56,1.69,1.58
D. Kent,MFC,AFL,2018,GF,GF,Australia,24,4208,5,5,,,2.38,2.1,1.86,2.49,2.49,1.83,2.72,2.11,2.57,3.29,2.32,2.06,3.16,1.46,1.51,2.41,2.6,2.3,2.46,2.75,3.57
D. Tyson,MFC,AFL,2018,W,W,Australia,25,5354,17,17,,,2.61,3.38,4.08,3.62,3.05,2.92,2.09,3.18,1.87,1.71,2.17,1.96,2.2,1.77,1.67,2.57,2.84,2.44,2.69,3.14,2.89
J. Garlett,MFC,AFL,2018,GF,GF,Australia,29,5969,11,11,,,2.61,2.68,2.65,2.83,2.65,2.59,2.89,1.92,2.6,3.84,2.34,2.37,2.07,2.72,2.1,2.41,2.13,1.62,2.58,2.62,1.8
J. Harmes,MFC,AFL,2018,M,M,Australia,23,5860,25,25,,,2.63,2.47,2.39,2.51,2.53,2.49,2.64,2.23,2.77,2.82,2.74,2.53,2.33,2.85,2.15,2.48,2.96,2.89,3.12,2.53,3.04
J. Hogan,MFC,AFL,2018,KF,KF,Australia,23,6550,20,20,,,3.04,3.61,3.2,4.03,2.08,4.34,3.42,3.77,3.06,3.64,3.07,2.34,2.86,2.14,2.36,2.08,2.34,2.27,2.52,2.29,2.18
J. Hunt,MFC,AFL,2018,GD,GD,Australia,23,5962,6,6,,,2.22,2.28,2.73,1.79,4.34,2.0,2.04,1.32,2.34,2.54,2.5,2.77,2.26,4.15,1.76,2.43,2.1,2.88,2.33,1.24,1.85
J. Kennedy Harris,MFC,AFL,2018,W,W,Australia,23,5370,6,6,,,2.23,2.28,1.71,3.5,1.82,1.76,1.76,2.07,2.06,2.15,1.25,2.51,1.78,3.43,3.1,2.57,2.78,4.07,2.18,3.41,1.68
J. Lever,MFC,AFL,2018,KD,KD,Australia,22,6419,11,11,,,2.74,2.75,1.64,3.19,2.7,2.99,2.34,1.86,2.72,2.07,3.03,2.85,2.27,2.92,3.18,2.36,2.82,1.61,2.54,3.82,2.51
J. Lewis,MFC,AFL,2018,GD,GD,Australia,32,6591,24,24,,,2.98,3.8,5.0,4.0,2.39,3.49,3.01,3.28,2.79,2.87,2.99,2.59,2.39,2.29,3.17,2.43,2.36,1.78,1.98,3.31,2.46
J. Melksham,MFC,AFL,2018,GF,GF,Australia,27,5987,23,23,,,2.92,2.82,2.51,2.91,2.37,3.03,3.11,1.82,3.2,3.45,3.41,3.52,3.4,3.95,2.75,2.41,1.88,1.88,1.53,2.13,2.62
J. Smith,MFC,AFL,2018,GD,GD,Australia,22,6044,8,8,,,2.59,2.19,1.99,2.92,3.71,1.43,1.79,1.78,1.36,2.92,2.0,3.37,2.31,4.16,3.7,2.43,3.64,3.17,4.23,3.49,3.51
J. Viney,MFC,AFL,2018,M,M,Australia,24,5500,10,10,,,2.89,3.8,4.54,4.12,3.84,2.41,2.37,3.24,2.16,1.55,2.48,1.81,1.7,1.97,1.64,2.42,2.87,3.05,3.26,1.7,1.74
J. Wagner,MFC,AFL,2018,GD,GD,Australia,24,6215,5,5,,,2.65,2.76,2.11,3.69,3.12,2.27,2.16,2.45,2.03,1.95,2.01,2.09,1.38,2.89,1.97,2.43,3.58,4.34,4.16,2.84,2.68
M. Gawn,MFC,AFL,2018,R,R,Australia,27,6273,25,25,,,3.56,2.71,2.61,3.02,1.92,3.17,3.09,2.65,3.15,3.2,3.36,4.55,3.54,4.79,5.0,4.37,2.81,1.81,2.07,4.93,2.69
M. Hannan,MFC,AFL,2018,GF,GF,Australia,24,5738,15,15,,,2.45,2.06,1.7,1.85,2.11,2.39,2.96,2.13,2.74,3.55,2.96,2.4,2.65,2.6,1.51,2.41,2.08,2.37,1.99,2.07,1.67
M. Hibberd,MFC,AFL,2018,GD,GD,Australia,28,6224,21,21,,,2.56,2.77,2.14,2.74,2.6,3.03,2.45,2.14,2.59,2.01,2.98,2.64,1.97,3.1,2.89,2.43,2.45,1.89,2.08,2.92,3.11
N. Jetta,MFC,AFL,2018,GD,GD,Australia,28,5857,25,25,,,2.49,2.07,1.62,2.95,3.38,1.35,2.18,2.54,2.22,1.59,1.78,2.68,1.77,3.18,3.15,2.43,3.24,2.95,3.4,3.67,2.8
N. Jones,MFC,AFL,2018,M,M,Australia,30,6107,25,25,,,2.35,2.47,2.66,2.22,2.32,2.55,2.65,2.89,2.45,2.73,2.62,1.81,1.64,1.98,1.73,2.4,2.09,2.13,2.21,1.48,2.11
O. McDonald,MFC,AFL,2018,KD,KD,Australia,22,7089,25,25,,,2.24,2.15,1.89,1.81,2.62,2.49,2.15,1.88,2.4,1.97,2.42,2.14,1.93,2.44,1.96,2.36,2.41,1.82,1.84,2.45,2.7
S. Frost,MFC,AFL,2018,KD,KD,Australia,25,6504,13,13,,,2.52,2.74,2.9,2.88,3.14,2.26,2.12,2.08,2.01,2.04,2.79,2.37,1.75,2.68,2.47,2.18,2.69,3.46,2.98,2.79,2.35
S. Weideman,MFC,AFL,2018,KF,KF,Australia,21,5747,10,10,,,2.4,2.34,3.0,2.07,2.2,2.14,2.14,3.18,1.9,2.01,2.25,2.71,1.86,3.47,2.24,2.76,2.51,2.51,2.87,2.13,2.16
T. Bugg,MFC,AFL,2018,GF,GF,Australia,25,6003,3,3,,,2.78,3.07,3.37,3.61,2.04,2.77,2.85,2.13,2.23,3.77,2.88,2.03,1.97,2.31,1.51,2.41,3.05,2.38,3.78,3.06,2.64
T. McDonald,MFC,AFL,2018,KF,KF,Australia,26,6291,20,20,,,3.2,3.0,2.8,2.92,2.64,3.54,3.64,3.29,3.35,3.94,3.34,2.95,3.33,2.95,3.05,2.52,2.96,2.88,2.75,3.32,3.18
T. Smith,MFC,AFL,2018,KF,KF,Australia,27,5510,4,4,,,2.59,3.0,3.73,3.01,2.15,2.75,2.07,3.45,1.84,1.73,2.65,2.28,1.44,1.77,3.8,2.91,4.35,4.27,4.62,3.63,4.54
B. Brown,NMFC,AFL,2018,KF,KF,Australia,26,7019,22,22,,,2.74,2.51,1.94,3.3,2.58,1.94,3.24,1.52,2.9,4.1,2.08,2.67,2.85,3.13,2.29,2.09,1.8,1.29,1.69,2.49,2.26
B. Cunnington,NMFC,AFL,2018,M,M,Australia,27,5630,22,22,,,3.11,3.68,4.3,4.03,3.2,2.73,2.48,3.29,2.14,2.19,2.35,3.29,2.34,3.91,3.54,2.4,2.9,2.75,2.81,4.47,2.31
B. Jacobs,NMFC,AFL,2018,M,M,Australia,26,5969,13,13,,,2.5,2.28,2.38,2.62,2.08,1.92,2.21,2.68,2.08,2.07,1.99,2.04,1.58,2.22,2.46,2.4,3.64,3.91,3.68,2.91,3.14
C. Zurhaar,NMFC,AFL,2018,GF,GF,Australia,20,5201,5,5,,,1.94,2.33,2.35,2.28,3.73,2.01,1.73,2.35,1.26,1.7,2.25,1.35,1.04,1.52,1.51,3.72,2.43,2.26,2.42,2.88,2.56
E. Vickers-Willis,NMFC,AFL,2018,GD,GD,Australia,22,5778,7,7,,,2.4,2.04,2.02,2.6,2.75,1.52,1.8,1.72,1.99,1.6,1.72,2.61,1.7,2.91,3.33,2.43,3.48,2.76,3.65,3.55,4.05
J. Anderson,NMFC,AFL,2018,M,M,Australia,24,5090,21,21,,,2.39,2.6,3.16,2.99,2.26,1.62,2.02,2.57,1.6,2.03,2.06,1.93,1.39,2.49,1.62,2.4,2.92,3.23,2.88,1.75,3.02
J. Macmillan,NMFC,AFL,2018,GD,GD,Australia,27,6235,22,22,,,2.67,2.66,1.81,2.87,2.36,2.87,2.6,2.43,2.67,2.31,2.91,2.6,2.73,2.2,2.91,2.43,2.81,2.72,2.36,3.25,3.07
J. Simpkin,NMFC,AFL,2018,M,MF,Australia,20,5498,22,22,,,2.06,1.97,2.04,2.06,2.35,1.54,1.94,1.68,1.79,2.55,1.94,2.44,1.84,2.76,2.79,2.4,2.12,2.21,2.07,2.09,2.04
J. Waite,NMFC,AFL,2018,KF,KF,Australia,35,6563,13,13,,,2.93,2.94,2.6,2.94,2.45,3.59,3.24,2.2,2.85,3.83,2.65,2.76,2.94,2.88,3.34,2.05,2.35,2.42,2.38,3.67,1.2
J. Ziebell,NMFC,AFL,2018,GF,GF,Australia,27,6430,22,22,,,3.3,3.4,2.95,3.9,2.49,3.48,3.12,1.36,3.2,3.89,2.9,3.83,3.37,4.44,3.24,2.41,2.81,2.38,2.83,3.06,3.58
K. Turner,NMFC,AFL,2018,GF,GF,Australia,23,5595,22,22,,,2.3,2.35,2.04,2.91,2.68,2.01,1.97,2.84,2.01,1.51,2.06,2.34,1.73,2.6,2.8,2.41,2.91,2.7,2.79,4.11,2.89
L. Davies-Uniacke,NMFC,AFL,2018,M,M,Australia,19,4842,7,7,,,1.55,1.45,1.23,1.14,3.45,0.88,1.41,0.94,1.96,1.33,1.11,2.16,1.85,2.83,1.19,2.4,1.46,1.71,1.49,0.09,1.73
L. McDonald,NMFC,AFL,2018,GD,GD,Australia,23,6035,22,22,,,2.41,2.67,3.0,2.23,2.17,2.97,2.53,2.43,2.03,3.7,2.97,2.07,2.25,2.09,1.84,2.43,2.18,2.68,2.6,1.42,1.87
M. Daw,NMFC,AFL,2018,KD,KD,Australia,27,6242,18,18,,,3.12,3.27,4.43,3.43,4.14,1.88,2.55,2.06,2.45,5.0,2.45,3.95,3.12,4.88,3.48,3.96,2.56,2.99,3.32,2.49,2.25
M. Williams,NMFC,AFL,2018,GD,GD,Australia,25,6094,22,22,,,2.27,2.18,2.05,2.31,2.26,2.12,2.29,2.24,2.42,1.92,2.33,2.07,1.53,2.6,2.08,2.43,2.47,2.37,2.58,2.59,2.29
M. Wood,NMFC,AFL,2018,GF,GF,Australia,25,5668,13,13,,,2.77,2.26,1.3,2.23,2.89,2.61,3.02,2.26,2.76,4.0,2.1,3.69,3.38,4.15,3.19,2.41,1.97,1.85,1.89,1.92,2.52
N. Hrovat,NMFC,AFL,2018,GF,GF,Australia,24,5213,12,12,,,2.19,2.37,1.62,2.36,2.98,2.6,2.2,2.17,2.57,1.88,2.13,1.8,1.6,2.09,1.51,2.41,2.35,2.29,2.2,3.28,2.24
P. Ahern,NMFC,AFL,2018,M,M,Australia,22,4936,11,11,,,2.07,2.44,2.56,2.49,1.74,2.64,2.17,2.07,2.2,1.71,2.72,1.73,1.21,1.65,2.82,2.4,1.51,1.1,1.59,2.27,2.07
R. Clarke,NMFC,AFL,2018,GD,GD,Australia,21,5747,19,19,,,2.33,2.82,3.07,2.51,1.76,3.18,2.48,2.48,2.28,2.61,2.75,1.68,2.21,1.53,1.25,2.43,2.0,2.24,2.14,1.9,1.64
R. Tarrant,NMFC,AFL,2018,KD,KD,Australia,29,6688,21,21,,,2.45,2.33,1.97,1.95,1.69,3.33,2.82,2.92,2.7,2.53,3.19,2.51,2.89,1.97,2.86,2.36,2.31,2.6,2.42,2.15,2.31
S. Atley,NMFC,AFL,2018,GF,GF,Australia,26,6010,22,22,,,2.56,2.72,1.98,2.47,2.55,3.31,2.95,4.17,3.17,2.18,3.04,1.85,1.85,1.73,2.14,2.41,2.3,2.64,2.19,2.2,1.87
S. Higgins,NMFC,AFL,2018,M,M,Australia,30,6197,20,20,,,2.83,3.18,3.25,3.0,3.11,3.31,3.3,3.33,3.09,3.34,3.6,2.07,2.06,2.17,1.86,2.4,2.08,2.5,1.77,1.71,1.96
S. Thompson,NMFC,AFL,2018,KD,KD,Australia,32,6760,22,22,,,2.72,2.92,2.13,3.29,3.34,2.8,2.36,2.02,2.66,2.07,2.83,2.74,2.75,2.35,3.17,2.11,2.73,2.72,2.97,3.51,2.14
S. Wright,NMFC,AFL,2018,GD,GD,Australia,28,5982,16,16,,,2.51,2.43,2.17,2.54,2.22,2.5,2.56,2.88,2.4,2.49,2.34,3.28,2.88,2.87,4.22,2.43,2.06,1.45,1.73,3.3,1.75
T. Dumont,NMFC,AFL,2018,W,W,Australia,23,5922,22,22,,,2.73,2.93,3.2,3.52,3.26,2.28,2.48,2.64,2.36,2.43,2.56,2.37,2.46,2.18,2.34,2.57,3.14,2.81,3.18,3.17,3.3
T. Goldstein,NMFC,AFL,2018,R,R,Australia,30,6295,22,22,,,2.87,2.82,2.75,2.46,2.53,3.51,3.1,3.24,2.86,3.05,3.26,2.9,2.66,2.61,2.68,3.27,2.48,2.65,2.21,3.24,2.14
T. Murphy,NMFC,AFL,2018,GD,GD,Australia,20,4716,4,4,,,1.77,1.76,1.94,1.42,2.33,1.81,2.02,2.13,2.06,1.6,1.98,1.35,1.25,1.55,1.23,2.43,1.7,1.83,2.35,1.44,0.89
W. Hartung,NMFC,AFL,2018,W,W,Australia,23,5556,13,13,,,2.15,2.1,1.94,2.53,2.05,1.87,2.19,2.34,1.56,2.62,2.4,2.04,1.68,2.27,2.48,2.57,2.25,2.7,2.41,2.26,1.82
W. Walker,NMFC,AFL,2018,GF,GF,Australia,19,3971,4,4,,,2.18,2.12,2.5,1.56,1.84,2.41,2.45,2.01,2.31,2.81,2.38,1.8,2.25,1.58,1.51,2.41,2.19,2.16,1.98,2.78,2.41
A. Johnson,PAFC,AFL,2018,GF,GF,Australia,21,5468,5,5,,,1.95,1.54,1.12,1.45,2.64,1.54,2.39,2.47,2.12,2.86,1.84,1.27,0.81,1.52,1.51,2.41,2.66,2.78,2.56,1.27,3.58
B. Ebert,PAFC,AFL,2018,M,M,Australia,28,5885,22,22,,,2.75,2.18,2.04,2.15,1.76,2.65,2.31,2.48,2.47,1.72,2.4,4.03,3.57,3.81,5.0,2.45,3.45,3.08,3.45,4.53,3.81
C. Dixon,PAFC,AFL,2018,KF,KF,Australia,28,6870,20,20,,,2.94,3.67,4.19,4.56,3.32,2.12,2.47,2.68,2.3,2.49,2.55,3.01,2.15,3.41,2.22,3.79,2.5,2.44,2.79,2.1,2.4
C. Wingard,PAFC,AFL,2018,M,MF,Australia,25,6444,21,21,,,2.44,2.45,2.26,2.74,2.75,2.23,2.66,1.9,2.36,4.3,2.51,2.59,1.94,3.38,1.94,2.4,1.97,1.76,2.08,1.72,2.6
D. Barry,PAFC,AFL,2018,W,W,Australia,24,5632,5,5,,,1.91,2.05,2.0,1.53,2.25,2.42,2.02,2.1,1.78,1.15,2.61,1.51,1.37,1.77,1.57,2.57,1.82,1.74,2.75,1.35,1.71
D. Byrne-Jones,PAFC,AFL,2018,GD,GD,Australia,23,6180,21,21,,,2.63,3.18,4.84,3.28,2.21,2.77,2.32,2.19,2.42,2.58,2.24,2.05,2.27,2.08,1.75,2.43,2.86,3.2,3.43,2.37,2.19
D. Houston,PAFC,AFL,2018,GD,GD,Australia,21,5896,22,22,,,2.73,2.63,2.29,2.58,2.74,2.75,2.5,2.29,2.78,2.12,2.56,2.93,3.07,2.64,3.09,2.43,3.04,2.92,2.98,3.32,2.93
D. Howard,PAFC,AFL,2018,KD,KD,Australia,22,6608,20,20,,,2.76,2.2,2.35,1.99,2.2,2.35,2.05,1.64,2.5,1.89,2.09,2.5,2.38,2.35,2.76,3.11,3.6,1.64,2.22,2.86,4.99
H. Hartlett,PAFC,AFL,2018,GD,GD,Australia,28,5948,5,5,,,2.99,3.36,4.78,3.58,2.43,2.94,2.57,2.45,2.84,2.29,2.44,3.44,4.67,2.15,3.5,2.43,2.92,2.36,2.9,3.39,3.04
J. Hombsch,PAFC,AFL,2018,KD,KD,Australia,25,6375,14,14,,,1.94,1.68,2.11,1.06,2.29,1.82,1.79,0.97,2.54,1.89,1.97,2.03,2.73,1.8,1.79,2.36,2.09,2.3,2.54,1.17,2.5
J. Lienert,PAFC,AFL,2018,KD,KD,Australia,24,5916,6,6,,,2.43,3.31,4.06,2.99,1.77,3.97,2.82,2.2,3.6,1.89,3.06,2.15,2.84,1.6,2.29,2.36,1.99,3.47,2.95,2.23,1.18
J. Neade,PAFC,AFL,2018,GF,GF,Australia,24,5442,8,8,,,2.08,1.75,1.12,2.38,2.43,1.42,2.1,2.59,2.09,1.8,2.32,1.89,1.49,2.37,1.51,2.41,2.94,3.11,3.12,2.76,2.16
J. Pittard,PAFC,AFL,2018,GD,GD,Australia,27,5939,11,11,,,2.39,2.17,2.01,1.79,2.44,2.41,2.14,1.77,2.21,1.6,2.92,2.65,2.74,2.4,2.84,2.43,2.8,2.42,3.3,2.37,3.06
J. Polec,PAFC,AFL,2018,W,W,Australia,26,6301,22,22,,,3.17,3.61,4.08,2.75,3.25,4.12,3.11,2.5,3.47,2.16,3.47,2.57,2.29,2.81,2.87,2.57,3.08,2.74,2.35,3.64,3.24
J. Trengove,PAFC,AFL,2018,GD,GD,Australia,27,5906,3,3,,,2.54,2.04,2.03,2.22,1.94,1.95,2.68,2.85,3.08,1.6,2.2,2.88,4.38,1.41,2.84,2.43,2.63,3.33,3.21,2.62,0.89
J. Watts,PAFC,AFL,2018,KF,KF,Australia,27,5788,19,19,,,2.28,2.48,1.9,1.77,3.25,3.61,2.45,4.31,2.86,1.91,2.33,1.78,2.4,1.18,1.77,2.01,2.69,3.22,2.96,2.08,1.87
J. Westhoff,PAFC,AFL,2018,KF,KF,Australia,32,6443,22,22,,,3.34,4.35,5.0,4.42,2.12,4.44,2.74,4.43,2.93,2.12,3.37,2.87,1.82,1.96,4.72,4.08,4.37,4.13,4.68,4.85,3.85
K. Amon,PAFC,AFL,2018,W,W,Australia,23,5373,6,6,,,1.99,2.09,3.06,1.63,2.39,1.88,2.39,2.34,2.31,2.69,2.31,1.56,1.64,1.33,1.57,2.57,1.46,2.04,1.32,0.92,1.7
K. Farrell,PAFC,AFL,2018,GF,GF,Australia,19,5042,5,5,,,2.09,1.54,1.41,1.22,1.6,1.83,2.5,1.45,2.67,2.93,2.16,2.51,2.5,2.97,1.51,2.41,1.66,1.52,1.72,1.13,2.16
L. Thomas,PAFC,AFL,2018,GF,GF,Australia,30,5161,7,7,,,2.1,1.93,1.33,2.27,1.82,2.01,1.89,1.6,1.71,2.06,2.19,2.02,2.39,1.95,1.51,2.41,3.03,3.2,3.43,1.23,2.77
O. Wines,PAFC,AFL,2018,M,M,Australia,24,5573,22,22,,,2.87,3.19,3.8,3.46,2.35,2.56,2.53,3.41,2.46,1.68,2.38,2.99,1.86,3.88,2.96,3.15,2.74,2.63,2.74,2.97,2.93
P. Ryder,PAFC,AFL,2018,R,R,Australia,30,5230,16,16,,,2.7,2.2,2.41,2.03,2.55,1.84,2.72,2.81,2.43,3.34,2.3,3.12,3.11,4.08,2.4,2.98,2.2,2.29,2.28,1.81,2.31
R. Bonner,PAFC,AFL,2018,GD,GD,Australia,21,5952,19,19,,,2.17,2.57,2.44,2.2,2.47,2.88,2.33,2.06,2.45,2.5,2.53,1.82,2.46,1.62,1.32,2.43,1.75,1.43,1.49,1.98,2.26
R. Gray,PAFC,AFL,2018,M,MF,Australia,30,6680,21,21,,,2.67,2.58,2.6,2.82,2.68,2.27,3.03,3.1,2.15,5.0,2.28,3.09,2.88,3.81,1.83,2.4,1.97,1.65,1.88,2.11,3.51
S. Gray,PAFC,AFL,2018,GF,GF,Australia,26,6067,19,19,,,2.77,2.95,2.45,3.22,2.78,3.03,2.65,3.39,2.14,2.89,2.53,2.85,3.08,2.43,3.39,2.41,2.59,2.49,2.42,3.34,2.77
S. Motlop,PAFC,AFL,2018,M,MF,Australia,27,5865,21,21,,,1.99,1.6,1.2,1.01,2.27,2.34,2.63,2.14,2.83,2.48,3.02,1.8,2.17,1.6,1.62,2.4,1.84,2.16,1.79,1.15,1.45
S. Powell-Pepper,PAFC,AFL,2018,M,M,Australia,20,5508,16,16,,,2.35,2.46,2.58,2.36,3.15,1.97,2.06,2.18,1.61,2.22,2.56,1.89,1.63,2.04,2.03,2.4,2.95,3.18,3.2,1.84,2.12
T. Boak,PAFC,AFL,2018,GF,GF,Australia,30,6152,22,22,,,3.38,4.58,5.0,5.0,3.0,4.25,2.97,4.22,2.78,2.44,3.4,2.22,2.68,2.02,1.84,2.41,3.5,3.72,3.67,4.05,2.17
T. Clurey,PAFC,AFL,2018,KD,KD,Australia,24,6800,19,19,,,2.25,2.06,2.1,1.65,2.44,2.32,2.26,1.77,2.74,1.89,2.71,2.16,2.78,1.72,2.22,2.36,2.44,2.33,3.02,2.23,2.42
T. Jonas,PAFC,AFL,2018,KD,KD,Australia,27,6919,18,18,,,3.08,2.69,1.87,2.97,1.93,3.28,2.76,2.47,3.26,1.89,2.83,2.99,3.78,1.92,3.65,2.36,3.51,2.19,2.92,3.95,3.7
T. Marshall,PAFC,AFL,2018,KF,KF,Australia,20,4574,7,7,,,1.98,1.98,1.8,1.87,2.39,2.07,2.49,1.95,2.25,2.73,2.46,1.44,1.39,1.0,1.88,1.83,1.85,1.91,2.07,2.05,1.21
T. Rockliff,PAFC,AFL,2018,M,M,Australia,28,5237,18,18,,,2.31,2.45,2.75,2.25,2.02,2.47,2.12,1.62,2.27,2.06,2.52,2.02,2.53,1.78,1.68,2.4,2.56,2.75,2.72,2.1,1.59
A. Rance,RFC,AFL,2018,KD,KD,Australia,29,7059,24,24,,,3.32,3.11,1.64,4.08,3.01,3.0,3.09,3.74,2.81,1.89,2.82,3.11,2.45,2.6,4.16,2.36,3.73,2.33,2.14,4.99,3.74
B. Ellis,RFC,AFL,2018,GD,GD,Australia,25,11538,18,18,,,2.78,2.83,2.5,2.56,2.16,3.26,3.04,3.34,2.82,3.14,2.83,2.71,2.55,2.42,3.22,2.43,2.4,2.76,2.38,2.77,1.5
B. Houli,RFC,AFL,2018,GD,GD,Australia,30,10652,15,15,,,2.6,2.89,2.59,2.23,1.9,3.65,3.03,3.28,2.53,3.74,3.09,2.16,2.48,1.52,2.54,2.43,1.96,1.87,2.01,2.12,1.82
C. Ellis,RFC,AFL,2018,GD,GD,Australia,22,10776,4,4,,,2.26,2.36,3.33,2.37,2.83,1.93,2.33,3.94,1.16,2.07,1.67,1.29,1.18,1.44,1.23,2.43,2.66,2.62,3.29,2.55,1.91
C. Menadue,RFC,AFL,2018,GD,GD,Australia,22,10409,5,5,,,2.05,1.83,1.43,1.12,2.33,2.33,2.21,1.81,2.17,3.84,2.16,1.96,2.08,1.51,2.34,2.43,2.1,3.49,1.83,1.97,0.94
C. Moore,RFC,AFL,2018,KF,KF,Australia,22,11834,6,6,,,2.12,2.14,1.54,1.72,2.88,2.88,2.08,2.88,2.02,1.78,2.67,1.92,2.18,1.76,1.95,1.87,2.77,2.49,2.8,3.29,2.74
D. Astbury,RFC,AFL,2018,KD,KD,Australia,27,6869,22,22,,,2.55,2.69,2.29,2.4,2.55,3.37,2.62,2.58,2.79,1.89,2.8,2.72,2.8,2.56,2.85,2.11,2.3,2.37,1.68,2.93,2.08
D. Butler,RFC,AFL,2018,GF,GF,Australia,22,11620,15,15,,,2.32,1.93,1.43,1.74,2.34,2.22,2.56,1.44,2.4,3.02,2.97,2.14,1.94,2.14,2.48,2.41,2.76,2.91,2.9,2.65,2.12
D. Grimes,RFC,AFL,2018,GD,GD,Australia,27,6207,23,23,,,2.65,1.97,1.5,2.56,3.95,1.29,2.03,2.23,2.21,1.6,1.57,3.03,1.88,4.16,3.07,2.43,3.97,3.36,3.83,4.21,4.62
D. Martin,RFC,AFL,2018,M,M,Australia,27,6003,23,23,,,2.87,3.19,3.35,3.06,3.73,2.79,3.33,2.53,2.74,5.0,3.66,3.17,2.79,4.2,1.54,2.66,1.42,1.49,1.23,1.17,2.2
D. Prestia,RFC,AFL,2018,M,M,Australia,26,5281,13,13,,,2.47,2.81,2.71,2.57,3.02,3.06,2.6,2.14,2.79,2.42,3.0,1.97,1.91,1.91,2.22,2.4,2.05,1.99,2.06,2.82,1.46
D. Rioli,RFC,AFL,2018,GF,GF,Australia,21,11644,12,12,,,2.62,2.56,1.82,2.61,2.39,2.93,2.75,3.34,2.42,2.87,2.66,2.29,2.05,2.28,2.73,2.19,2.86,2.76,3.2,2.79,2.24
J. Caddy,RFC,AFL,2018,GF,GF,Australia,26,6320,22,22,,,3.36,3.58,4.53,3.76,3.04,3.1,3.45,2.62,3.05,4.49,2.81,3.44,2.66,4.2,3.1,2.71,2.58,2.41,2.85,2.55,2.27
J. Castagna,RFC,AFL,2018,GF,GF,Australia,22,5958,22,22,,,2.35,1.95,1.59,2.12,2.77,1.79,2.52,1.79,2.29,3.13,2.39,2.65,2.43,3.33,1.51,2.33,2.37,2.47,2.51,1.41,2.4
J. Graham,RFC,AFL,2018,M,M,Australia,27,5192,18,18,,,1.99,1.4,1.39,1.44,1.31,1.43,2.03,1.49,2.5,1.94,1.95,1.59,1.38,1.59,1.94,2.4,3.26,3.78,3.35,2.34,1.72
J. Higgins,RFC,AFL,2018,GF,GF,Australia,19,5181,20,20,,,2.91,3.55,3.73,4.07,2.31,3.38,2.57,3.24,2.58,2.24,2.63,2.74,1.85,2.7,4.39,2.41,2.63,2.74,2.2,3.95,2.62
J. Riewoldt,RFC,AFL,2018,KF,KF,Australia,30,6743,24,24,,,3.04,2.67,2.41,2.84,2.16,2.99,3.47,1.66,2.78,4.39,2.78,2.96,3.89,3.36,2.06,2.03,2.73,2.89,2.96,2.17,2.49
J. Short,RFC,AFL,2018,GD,GD,Australia,22,5734,24,24,,,2.63,2.85,2.08,2.32,2.61,3.51,3.1,2.56,3.08,4.31,3.45,2.03,2.14,1.89,2.08,2.43,2.1,2.26,1.97,2.6,1.48
J. Townsend,RFC,AFL,2018,GF,GF,Australia,25,12184,10,10,,,2.22,1.82,1.49,2.06,3.3,1.44,2.36,1.38,2.26,3.02,2.02,2.38,2.35,2.79,1.51,3.29,2.46,2.89,2.36,0.77,2.85
K. Lambert,RFC,AFL,2018,GF,GF,Australia,27,6183,22,22,,,3.35,4.66,5.0,4.57,2.46,4.87,3.01,4.75,2.84,2.09,3.81,2.3,2.07,1.81,3.8,2.41,2.9,2.9,2.6,4.26,2.76
K. McIntosh,RFC,AFL,2018,W,W,Australia,24,10821,21,21,,,2.23,1.8,1.24,1.76,3.65,1.65,2.38,0.72,2.39,2.34,2.8,1.89,1.54,2.08,2.34,2.57,2.85,2.37,2.43,2.76,3.54
L. Baker,RFC,AFL,2018,GF,GF,Australia,20,10459,3,3,,,1.89,1.83,1.42,1.6,1.94,2.19,1.9,2.32,1.55,1.69,2.78,1.77,0.9,1.48,3.94,2.41,2.12,2.55,1.48,1.74,3.08
N. Broad,RFC,AFL,2018,GD,GD,Australia,25,11843,18,18,,,2.17,1.67,1.47,1.66,2.72,1.52,1.74,1.58,1.99,1.6,1.66,2.81,2.02,3.51,2.92,4.0,2.9,1.95,2.55,3.0,4.47
N. Vlastuin,RFC,AFL,2018,GD,GD,Australia,24,6269,21,21,,,3.06,2.64,1.72,3.1,3.1,2.53,2.6,2.18,2.87,3.22,2.55,4.11,3.83,3.68,4.93,2.47,3.49,2.69,2.91,4.8,3.71
R. Conca,RFC,AFL,2018,M,M,Australia,26,10474,18,18,,,2.19,2.04,1.53,1.95,3.08,2.2,1.98,1.76,2.35,1.31,2.3,2.01,1.6,2.03,2.68,2.4,2.92,2.66,2.87,4.27,2.84
S. Bolton,RFC,AFL,2018,GF,GF,Australia,20,10667,3,3,,,1.86,1.93,2.49,1.82,2.24,1.66,1.53,2.19,1.32,1.53,1.39,2.24,1.9,2.83,1.51,2.91,1.99,2.73,1.23,0.04,3.56
S. Edwards,RFC,AFL,2018,M,MF,Australia,30,5838,24,24,,,2.3,2.33,1.9,2.13,3.08,2.68,2.54,2.47,2.35,2.56,2.95,2.21,1.42,2.39,3.19,2.42,1.96,1.52,1.74,3.92,2.68
S. Grigg,RFC,AFL,2018,W,W,Australia,30,5987,22,22,,,2.74,2.95,3.62,2.67,2.27,3.0,2.68,2.89,2.74,1.73,3.06,2.56,2.51,2.67,2.56,1.49,2.64,2.75,2.27,2.88,2.59
S. Lloyd,RFC,AFL,2018,W,W,Australia,28,10632,7,7,,,2.75,3.22,2.4,2.95,3.6,3.75,2.68,1.67,2.57,3.57,2.56,2.34,1.94,2.7,2.76,2.57,2.47,2.52,2.99,2.27,2.29
T. Cotchin,RFC,AFL,2018,M,M,Australia,28,5571,22,22,,,2.59,2.97,3.25,3.0,3.17,2.43,2.27,1.79,2.6,1.89,2.69,2.09,1.35,2.27,2.96,2.25,2.78,2.69,2.58,3.84,2.84
T. Nankervis,RFC,AFL,2018,R,R,Australia,24,6045,23,23,,,3.02,3.24,3.63,3.38,2.04,3.61,2.65,2.22,3.21,2.12,3.04,2.99,2.82,2.76,4.45,2.27,3.45,3.61,2.49,4.31,3.56
B. Acres,SKFC,AFL,2018,M,MF,Australia,23,5610,12,12,,,2.59,2.37,1.94,2.49,2.24,2.92,2.64,3.09,2.52,2.17,2.76,2.99,2.7,2.53,4.55,2.91,2.62,2.27,2.18,3.91,4.46
B. Long,SKFC,AFL,2018,GF,GF,Australia,21,5868,10,10,,,2.44,2.63,2.72,2.7,2.55,2.56,2.26,2.45,2.26,2.08,2.47,2.34,2.68,2.12,2.24,2.41,2.6,2.67,2.0,3.9,3.16
B. Longer,SKFC,AFL,2018,R,R,Australia,25,5699,5,5,,,1.69,1.57,1.58,0.88,3.05,1.06,1.39,1.91,1.45,0.89,1.3,1.75,0.99,0.89,2.0,2.31,2.2,2.67,1.66,1.46,2.74
B. Paton,SKFC,AFL,2018,GF,GF,Australia,20,4701,3,3,,,2.37,2.19,1.12,2.23,3.1,2.46,2.75,2.34,3.2,2.64,2.38,2.53,1.7,2.79,3.39,2.41,1.64,0.78,1.72,2.83,2.64
B. Rice,SKFC,AFL,2018,GD,GD,Australia,21,5479,11,11,,,2.11,1.95,2.01,1.85,2.04,1.98,2.06,1.54,2.52,1.71,2.34,2.31,2.24,2.39,2.3,2.43,2.23,1.99,1.72,2.34,3.18
B. White,SKFC,AFL,2018,GD,GD,Australia,21,5368,6,6,,,2.0,1.84,1.53,2.37,1.99,1.56,1.87,1.2,2.43,1.88,2.05,1.72,1.86,1.92,1.32,2.43,2.5,2.01,2.78,2.48,2.71
D. Armitage,SKFC,AFL,2018,M,MF,Australia,30,5513,15,15,,,2.41,1.99,1.63,2.1,1.91,2.42,2.81,2.99,2.67,2.8,2.83,3.05,3.44,2.52,3.54,2.4,2.06,2.13,1.68,2.82,2.57
D. McKenzie,SKFC,AFL,2018,GD,GD,Australia,22,6065,13,13,,,2.66,2.28,2.14,3.0,2.91,1.71,2.62,3.18,2.41,2.05,2.27,2.85,2.65,2.96,2.96,2.43,2.97,2.73,3.01,3.04,3.13
D. Roberton,SKFC,AFL,2018,GD,GD,Australia,27,5034,4,4,,,2.23,1.84,1.89,2.13,1.39,1.73,2.3,1.7,2.65,2.86,2.45,3.16,3.24,2.2,4.17,2.43,1.97,1.04,2.08,2.64,2.13
E. Phillips,SKFC,AFL,2018,W,W,Australia,20,6009,7,7,,,1.89,1.5,1.25,1.92,1.22,1.37,1.8,3.03,2.05,0.65,1.88,2.1,2.38,1.65,1.93,2.57,2.48,2.66,2.74,2.02,2.65
H. Clark,SKFC,AFL,2018,GD,GD,Australia,19,5067,15,15,,,2.29,2.34,2.64,1.76,2.12,2.67,2.5,3.09,1.76,3.46,2.28,1.7,1.51,1.95,1.62,2.43,2.3,3.01,3.07,0.96,1.91
J. Battle,SKFC,AFL,2018,KF,KF,Australia,20,4672,6,6,,,2.01,1.99,1.96,1.88,2.13,2.09,2.11,1.11,2.34,2.19,2.1,1.69,1.33,1.28,2.86,1.92,2.63,3.02,2.38,3.68,1.69
J. Billings,SKFC,AFL,2018,GF,GF,Australia,23,6160,21,21,,,3.04,3.47,2.67,3.28,1.5,4.51,3.06,4.01,3.22,2.17,3.8,2.8,2.94,2.03,4.29,2.41,2.45,2.47,2.46,2.53,2.31
J. Bruce,SKFC,AFL,2018,KF,KF,Australia,26,6353,3,3,,,2.9,3.4,4.7,3.05,2.45,3.16,2.75,4.73,2.65,2.29,3.11,2.73,2.47,2.24,4.49,2.61,2.69,2.93,2.94,4.41,0.62
J. Carlisle,SKFC,AFL,2018,KD,KD,Australia,27,6443,17,17,,,2.89,2.77,2.89,2.72,2.1,3.07,2.94,3.26,2.71,2.61,2.86,3.96,4.02,3.64,4.28,3.02,2.02,1.67,1.95,3.19,1.34
J. Geary,SKFC,AFL,2018,GD,GD,Australia,30,5977,20,20,,,2.85,3.15,2.95,3.56,2.39,3.12,3.02,4.0,2.32,2.8,2.62,1.98,1.94,1.92,2.09,2.43,2.84,3.1,2.71,3.16,2.3
J. Gresham,SKFC,AFL,2018,GF,GF,Australia,21,6053,22,22,,,3.11,3.74,4.96,3.75,2.86,3.33,3.46,3.22,3.12,3.73,3.86,2.36,2.45,2.38,2.14,2.41,2.02,1.9,2.32,1.83,1.6
J. Lonie,SKFC,AFL,2018,GF,GF,Australia,22,5842,11,11,,,2.64,2.45,2.15,2.4,1.49,2.88,3.23,2.96,3.09,3.5,3.17,2.43,2.97,1.82,2.84,2.41,1.94,2.19,1.86,2.02,1.49
J. Newnes,SKFC,AFL,2018,M,MF,Australia,25,5887,22,22,,,2.19,1.59,1.08,1.16,2.66,2.08,2.66,1.92,2.72,3.42,2.74,3.28,4.07,2.81,2.96,2.4,1.73,1.65,1.38,2.25,2.95
J. Sinclair,SKFC,AFL,2018,W,W,Australia,23,6003,20,20,,,2.7,3.09,2.73,2.39,2.11,4.04,2.45,3.12,1.93,2.52,2.64,2.06,2.18,1.99,1.91,2.57,3.04,2.77,2.74,2.63,3.83
J. Steele,SKFC,AFL,2018,M,M,Australia,23,5667,21,21,,,2.91,2.53,2.55,2.8,1.76,2.7,2.82,3.87,2.73,1.78,2.69,3.12,2.65,3.46,3.19,2.34,3.56,3.76,3.57,3.24,3.07
J. Steven,SKFC,AFL,2018,M,M,Australia,28,5768,22,22,,,2.69,3.14,3.26,2.85,2.91,3.41,2.92,3.15,2.67,2.63,3.36,2.0,2.55,1.94,1.19,2.4,2.08,2.3,2.07,1.54,1.76
J. Webster,SKFC,AFL,2018,GD,GD,Australia,25,5590,17,17,,,2.81,2.97,2.32,2.58,2.06,3.64,3.04,3.42,3.0,1.6,3.14,2.37,2.38,1.81,3.02,2.43,2.6,2.19,2.27,2.95,3.19
L. Austin,SKFC,AFL,2018,KD,KD,Australia,23,6561,7,7,,,2.57,2.8,3.03,2.07,1.61,4.09,3.43,3.8,3.45,2.2,3.12,2.41,3.36,2.14,2.05,2.37,2.22,1.48,2.58,1.88,2.5
L. Dunstan,SKFC,AFL,2018,M,M,Australia,23,5125,16,16,,,2.48,2.56,2.68,2.56,1.92,2.79,2.5,3.02,2.29,1.94,2.76,2.16,2.23,1.94,2.55,2.4,2.56,2.77,2.5,2.78,1.72
L. Pierce,SKFC,AFL,2018,R,R,Australia,24,5497,3,3,,,2.05,2.03,2.21,1.72,1.62,2.47,2.17,3.52,2.37,0.77,2.02,2.22,2.15,2.16,2.56,2.07,1.45,2.17,1.84,1.15,0.93
M. Weller,SKFC,AFL,2018,GF,GF,Australia,26,5959,13,13,,,2.62,2.51,2.37,2.09,2.07,3.01,2.41,3.86,2.49,1.57,2.72,2.86,3.25,2.69,2.57,2.41,3.0,3.05,3.14,1.67,3.43
N. Brown,SKFC,AFL,2018,KD,KD,Australia,30,6076,15,15,,,1.94,1.69,2.39,1.24,2.73,1.23,2.28,3.0,1.8,1.89,1.67,1.58,1.31,1.8,1.51,2.36,2.25,2.32,2.43,1.48,2.69
N. Coffield,SKFC,AFL,2018,GD,GD,Australia,19,5532,10,10,,,2.19,1.85,1.44,1.42,2.31,2.18,2.71,3.12,2.73,2.33,2.17,2.41,2.77,2.11,2.33,2.5,1.68,1.78,1.69,1.8,1.4
P. McCartin,SKFC,AFL,2018,KF,KF,Australia,22,5427,13,13,,,2.04,1.83,1.54,1.72,2.26,2.01,2.07,1.72,2.25,2.08,1.98,2.37,3.25,2.41,1.78,1.79,1.51,1.47,1.55,1.02,1.88
R. Marshall,SKFC,AFL,2018,KF,KF,Australia,23,5874,12,12,,,2.55,2.59,2.7,2.59,1.93,2.87,2.07,3.71,2.27,1.51,2.54,2.93,2.55,2.25,3.18,4.12,3.04,2.95,2.8,3.57,3.2
S. Gilbert,SKFC,AFL,2018,KD,KD,Australia,32,6121,11,11,,,2.1,3.1,2.92,3.0,3.29,3.25,2.02,2.11,1.51,3.03,2.73,1.31,1.35,1.48,1.08,2.38,2.25,4.4,4.32,1.9,1.32
S. Ross,SKFC,AFL,2018,M,M,Australia,25,6146,21,21,,,2.85,2.96,2.76,2.38,2.18,4.3,3.21,4.07,3.28,1.36,3.87,2.69,3.22,2.19,2.87,2.4,2.26,1.85,2.32,3.42,2.45
S. Savage,SKFC,AFL,2018,GD,GD,Australia,27,6236,18,18,,,2.72,2.78,2.31,2.16,1.45,3.65,3.28,3.09,3.63,2.89,3.22,2.15,2.81,1.77,1.84,2.43,2.22,2.91,2.19,1.77,1.97
T. Hickey,SKFC,AFL,2018,R,R,Australia,27,5949,13,13,,,2.75,3.52,3.94,3.72,3.01,3.22,2.83,3.56,2.43,2.15,3.17,2.51,2.38,2.34,2.83,2.45,2.26,2.18,2.38,3.23,1.68
T. Membrey,SKFC,AFL,2018,KF,KF,Australia,24,6336,20,20,,,2.55,2.19,1.74,1.76,2.52,3.03,2.82,2.45,3.02,2.98,2.2,2.7,4.4,2.4,2.09,1.78,2.1,1.96,1.71,1.92,3.14
A. Aliir,SYFC,AFL,2018,KD,KD,Australia,24,6295,12,12,,,3.15,2.99,2.4,3.13,3.08,3.19,3.11,3.46,2.91,2.51,3.11,3.98,3.54,3.78,4.52,2.92,2.56,2.07,1.74,3.84,2.08
B. Ronke,SYFC,AFL,2018,GF,GF,Australia,21,5368,18,18,,,2.56,2.46,2.0,2.69,3.01,2.38,2.54,1.24,2.47,3.21,2.41,2.4,1.99,2.58,2.73,2.41,3.01,3.29,2.99,3.14,2.31
C. Mills,SYFC,AFL,2018,GD,GD,Australia,21,6387,9,9,,,2.77,2.97,2.94,3.44,2.3,2.81,2.55,2.49,2.83,1.75,2.55,2.92,2.57,3.14,3.07,2.43,2.78,2.55,2.97,3.06,2.42
C. O'Riordan,SYFC,AFL,2018,GD,GD,Australia,23,5494,3,3,,,2.87,2.49,1.19,2.81,2.4,2.74,2.79,3.68,1.95,2.26,2.96,3.48,3.35,2.53,4.74,2.43,3.01,2.88,2.39,4.22,2.58
C. Sinclair,SYFC,AFL,2018,R,R,Australia,29,6371,23,23,,,2.87,2.92,2.7,3.24,2.61,3.1,2.66,1.37,3.25,3.14,2.89,2.93,3.0,3.0,3.55,2.47,3.02,2.55,2.43,4.01,3.13
D. Hannebery,SYFC,AFL,2018,W,W,Australia,27,5205,15,15,,,2.25,2.9,3.44,2.86,2.16,2.85,1.79,2.68,1.36,1.71,1.93,2.2,2.27,2.03,2.19,2.57,2.14,2.08,2.85,1.45,2.39
D. Rampe,SYFC,AFL,2018,KD,KD,Australia,28,6903,23,23,,,2.45,2.62,2.12,2.42,2.3,3.35,2.9,3.15,2.69,2.09,3.5,1.81,2.36,1.35,1.95,2.36,2.72,2.99,3.08,2.4,2.75
D. Robinson,SYFC,AFL,2018,GF,GF,Australia,24,5324,9,9,,,2.3,2.5,2.83,2.75,2.4,2.16,1.95,2.9,2.21,1.11,2.34,2.61,2.44,3.23,1.51,2.4,2.32,2.02,2.24,3.92,2.18
D. Towers,SYFC,AFL,2018,GF,GF,Australia,28,5348,8,8,,,2.5,2.74,3.05,3.05,2.37,2.45,2.25,2.77,2.31,1.92,2.38,2.39,2.14,2.56,2.42,3.68,2.75,2.92,2.52,2.52,3.11
G. Hewett,SYFC,AFL,2018,M,M,Australia,23,6000,23,23,,,2.4,2.82,3.1,3.41,2.58,1.97,2.11,2.69,2.48,1.23,1.6,1.99,1.61,2.13,2.33,2.41,2.42,2.6,2.21,2.89,2.02
G. Rohan,SYFC,AFL,2018,GF,GF,Australia,27,5412,11,11,,,2.29,1.62,1.28,1.64,3.5,1.31,1.99,0.71,2.23,2.0,2.69,3.54,2.6,3.62,5.0,3.97,2.65,2.37,2.33,4.49,2.92
H. Cunningham,SYFC,AFL,2018,W,W,Australia,25,6077,23,23,,,2.31,1.97,2.07,2.41,2.15,1.55,2.66,2.71,3.17,2.44,2.37,2.3,2.16,2.41,2.45,2.57,2.21,2.96,2.47,1.79,1.95
H. Grundy,SYFC,AFL,2018,KD,KD,Australia,32,6359,18,18,,,2.73,2.63,2.27,2.51,2.08,3.28,3.38,3.97,3.16,2.24,3.08,3.24,2.89,3.51,3.19,2.36,2.06,1.7,1.84,2.95,1.63
H. Marsh,SYFC,AFL,2018,GD,GD,Australia,24,5636,9,9,,,2.18,1.94,1.56,1.59,1.76,2.35,2.41,2.71,2.24,1.6,2.57,1.87,1.86,1.79,1.99,3.06,2.27,1.9,2.12,2.29,2.91
I. Heeney,SYFC,AFL,2018,M,MF,Australia,22,6092,22,22,,,2.87,2.57,2.35,2.68,2.85,2.59,2.64,2.74,2.32,3.51,2.21,3.94,3.44,4.59,3.34,2.0,2.92,2.64,2.97,3.05,3.69
J. Dawson,SYFC,AFL,2018,GF,GF,Australia,21,5057,4,4,,,2.85,2.34,2.85,2.25,1.94,2.26,2.44,0.77,3.13,2.66,2.02,4.59,3.71,5.0,5.0,4.31,2.51,2.59,2.47,2.52,2.41
J. Kennedy,SYFC,AFL,2018,M,M,Australia,30,5802,23,23,,,2.67,3.43,4.42,3.87,2.35,2.25,2.33,2.91,1.87,2.34,2.41,1.78,1.38,2.26,1.38,2.53,2.53,2.55,2.82,1.85,1.97
J. Lloyd,SYFC,AFL,2018,GD,GD,Australia,25,6430,23,23,,,3.16,3.67,3.78,2.99,1.94,4.48,3.69,3.5,4.05,2.65,3.92,2.65,3.14,2.23,2.56,2.43,2.2,2.09,2.03,2.42,2.33
J. McVeigh,SYFC,AFL,2018,GD,GD,Australia,33,5955,19,19,,,2.74,3.09,3.58,2.39,2.16,3.59,3.22,3.66,3.16,2.03,3.14,1.92,2.48,1.83,1.38,2.43,2.23,2.55,2.65,1.51,2.09
K. Jack,SYFC,AFL,2018,M,MF,Australia,31,5106,19,19,,,1.78,1.72,1.42,1.48,3.16,1.5,1.73,0.99,1.81,2.26,1.98,1.46,1.2,1.57,1.66,2.4,2.19,2.43,2.09,2.03,1.78
L. Franklin,SYFC,AFL,2018,KF,KF,Australia,31,6710,19,19,,,3.2,2.92,1.72,3.11,4.01,3.2,3.94,1.71,3.35,4.64,4.08,2.93,4.13,3.34,1.92,1.78,2.16,2.28,2.31,1.58,2.16
L. Melican,SYFC,AFL,2018,KD,KD,Australia,22,6750,3,3,,,2.16,1.89,1.64,1.81,1.86,2.18,2.61,2.39,3.13,1.89,2.14,1.5,1.37,1.39,1.72,2.36,2.69,2.46,2.35,2.37,3.06
L. Parker,SYFC,AFL,2018,M,M,Australia,26,6408,22,22,,,2.98,3.19,3.74,3.31,2.72,2.59,2.66,2.07,2.45,4.08,2.33,3.07,2.8,3.52,2.55,2.92,3.05,3.12,3.05,2.46,3.38
N. Newman,SYFC,AFL,2018,GD,GD,Australia,25,5287,11,11,,,2.58,2.85,3.34,2.94,2.67,2.67,2.21,1.75,2.3,2.27,2.82,2.46,3.08,2.09,2.18,2.49,2.88,3.52,3.35,2.27,2.12
N. Smith,SYFC,AFL,2018,GD,GD,Australia,30,6412,20,20,,,2.57,2.28,1.78,2.53,2.71,2.19,2.42,3.35,1.84,1.62,2.22,2.97,2.62,3.18,3.15,2.43,2.83,2.96,3.0,2.98,2.24
O. Florent,SYFC,AFL,2018,W,W,Australia,20,5791,23,23,,,2.51,3.01,2.68,2.98,4.37,2.85,2.08,1.61,1.89,2.6,2.09,2.52,1.74,3.73,3.02,2.57,2.51,2.38,2.33,2.63,2.59
R. Fox,SYFC,AFL,2018,GF,GF,Australia,25,5482,10,10,,,2.12,2.1,2.6,2.01,2.34,1.85,1.99,1.95,2.43,1.52,2.12,1.89,1.76,2.16,1.51,2.33,2.8,2.39,2.2,3.57,4.86
T. McCartin,SYFC,AFL,2018,KF,KF,Australia,19,5665,15,15,,,1.95,1.94,1.59,2.06,2.57,1.74,1.68,1.91,1.9,1.43,1.99,2.09,1.81,2.48,2.11,1.83,2.53,2.9,2.46,2.25,2.3
T. Papley,SYFC,AFL,2018,GF,GF,Australia,22,5866,20,20,,,2.91,3.16,3.99,3.27,3.09,2.67,3.02,2.3,3.22,3.14,3.02,2.65,2.78,2.43,2.93,2.41,2.5,2.49,2.49,1.94,2.89
W. Hayward,SYFC,AFL,2018,GF,GF,Australia,20,5713,23,23,,,2.53,2.31,2.32,2.23,2.53,2.3,2.57,1.73,2.66,3.07,2.01,2.88,3.48,3.03,1.51,2.41,2.44,2.25,2.46,1.93,3.18
Z. Jones,SYFC,AFL,2018,GD,GD,Australia,23,5901,19,19,,,2.7,3.25,3.72,2.98,3.3,3.27,3.03,3.32,2.63,3.54,2.95,1.9,1.96,1.88,1.87,2.43,2.17,2.61,2.01,1.59,2.6
A. Naughton,WBFC,AFL,2018,KD,KD,Australia,19,5990,18,18,,,2.6,2.43,2.22,3.12,2.43,1.78,2.0,2.05,1.69,2.71,2.3,3.19,2.43,3.76,3.09,2.11,2.45,2.75,2.86,2.94,1.91
B. Dale,WBFC,AFL,2018,M,MF,Australia,22,5779,10,10,,,1.95,1.43,1.06,1.32,1.73,1.89,2.25,1.83,2.19,3.2,1.91,2.97,3.37,2.69,2.91,2.4,1.63,1.99,0.56,1.99,4.13
B. Gowers,WBFC,AFL,2018,GF,GF,Australia,22,5907,20,20,,,2.65,2.63,2.62,2.49,2.28,2.82,2.66,1.64,2.44,3.31,2.66,3.34,3.67,3.43,2.57,2.08,1.73,1.47,1.66,2.08,2.32
B. Lynch,WBFC,AFL,2018,GD,GD,Australia,21,5332,9,9,,,2.0,1.99,1.47,1.49,3.59,2.14,2.26,1.82,2.43,3.37,2.18,1.69,2.16,1.5,1.35,2.43,1.84,2.67,1.43,1.68,1.61
B. Williams,WBFC,AFL,2018,GD,GD,Australia,21,5958,14,14,,,2.87,3.23,3.95,3.66,2.99,2.75,2.6,1.78,2.45,5.0,3.05,3.26,2.66,3.54,3.63,2.48,2.67,2.36,2.69,3.14,2.46
C. Daniel,WBFC,AFL,2018,GF,GF,Australia,22,5756,20,20,,,2.97,3.57,2.91,2.7,1.9,4.96,2.77,4.72,3.41,1.17,3.07,2.48,2.44,1.67,4.39,2.41,2.88,2.59,2.8,4.6,2.64
D. Morris,WBFC,AFL,2018,KD,KD,Australia,36,6628,11,11,,,2.38,2.18,1.89,2.17,2.39,2.28,2.44,3.1,1.93,2.24,1.99,2.33,1.93,1.93,3.08,2.36,2.52,2.6,2.92,2.67,2.28
E. Richards,WBFC,AFL,2018,GD,GD,Australia,19,5656,21,21,,,2.15,2.38,2.79,2.45,2.79,2.11,2.16,1.74,2.02,4.09,2.19,1.63,1.42,1.92,1.54,2.43,2.21,2.3,2.75,1.59,2.04
E. Wood,WBFC,AFL,2018,GD,GD,Australia,29,5958,12,12,,,2.43,1.77,1.57,2.2,2.81,1.32,2.23,2.31,2.42,1.6,2.08,4.08,3.27,5.0,3.64,2.43,2.39,1.83,1.72,3.54,2.68
F. Greene,WBFC,AFL,2018,GF,GF,Australia,21,5390,5,5,,,2.01,1.29,1.3,0.81,1.53,1.58,1.98,2.46,1.13,2.89,1.39,3.09,4.08,3.03,1.51,2.41,2.1,2.14,2.44,0.4,2.22
H. Crozier,WBFC,AFL,2018,GD,GD,Australia,25,5914,17,17,,,2.74,2.5,1.75,2.64,2.2,2.72,2.64,2.3,2.78,2.31,3.13,3.02,2.75,3.21,3.12,2.43,2.96,2.89,2.88,2.64,3.58
J. Dunkley,WBFC,AFL,2018,M,MF,Australia,21,5856,19,19,,,2.72,2.28,1.8,2.24,2.67,2.77,2.74,2.98,2.72,2.89,2.3,3.11,3.39,3.24,2.33,4.24,3.19,3.3,3.37,2.26,2.97
J. Johannisen,WBFC,AFL,2018,GD,GD,Australia,26,6068,22,22,,,2.85,3.27,3.58,3.0,2.54,3.51,3.43,3.58,2.94,4.63,3.41,1.76,2.06,1.74,1.45,2.43,2.28,3.12,2.44,1.6,1.86
J. Macrae,WBFC,AFL,2018,M,M,Australia,24,6175,19,19,,,3.37,3.73,3.86,4.19,2.04,4.1,3.42,3.62,3.91,2.1,3.62,3.0,3.48,2.65,2.97,2.42,2.94,2.64,3.16,3.48,2.77
J. Roughead,WBFC,AFL,2018,R,R,Australia,28,5657,12,12,,,2.38,2.13,1.81,1.78,2.71,2.42,2.87,2.51,2.93,3.33,2.71,2.11,3.87,2.36,2.82,1.06,2.59,2.55,2.62,1.88,3.01
J. Schache,WBFC,AFL,2018,KF,KF,Australia,21,5796,13,13,,,2.01,2.01,1.77,1.67,1.7,2.9,2.38,2.66,2.38,2.42,2.05,1.69,1.86,1.57,1.49,1.81,1.64,1.66,1.77,1.89,1.22
J. Trengove,WBFC,AFL,2018,KD,KD,Australia,28,6460,16,16,,,2.51,3.56,5.0,3.76,2.56,2.53,2.82,3.63,1.82,3.69,2.66,2.09,2.53,1.86,2.05,3.79,2.14,3.53,3.51,1.71,1.66
L. Dahlhaus,WBFC,AFL,2018,M,MF,Australia,26,5663,17,17,,,2.36,2.34,2.1,2.37,2.28,2.7,2.4,3.69,2.09,1.52,2.21,2.26,2.68,2.17,1.72,2.4,2.39,2.33,2.63,2.17,1.84
L. Hunter,WBFC,AFL,2018,W,W,Australia,24,6500,21,21,,,3.24,3.66,3.52,3.28,2.82,4.22,3.38,4.43,3.56,2.47,3.43,2.56,2.86,1.95,2.46,2.57,2.9,2.48,1.98,4.55,2.13
L. Jong,WBFC,AFL,2018,M,MF,Australia,25,4844,10,10,,,2.11,1.49,1.2,1.51,2.32,1.39,2.24,2.48,1.87,2.93,1.9,3.47,3.56,3.52,3.22,2.45,1.99,1.9,1.7,1.65,3.84
L. Webb,WBFC,AFL,2018,GF,GF,Australia,22,5581,5,5,,,2.18,2.56,3.96,2.51,2.02,2.03,1.99,2.6,2.35,1.19,2.38,1.77,1.41,1.52,2.97,2.41,2.44,2.55,2.7,1.38,2.21
M. Adams,WBFC,AFL,2018,KD,KD,Australia,25,6749,6,6,,,2.65,2.47,2.1,2.63,1.9,2.81,2.6,2.1,3.21,1.89,2.91,2.82,2.96,2.02,3.63,2.71,2.63,2.75,2.4,2.92,2.49
M. Bontempelli,WBFC,AFL,2018,M,M,Australia,23,6195,19,19,,,2.83,2.79,2.87,2.94,2.47,2.73,3.23,2.82,3.03,4.26,3.08,2.54,2.17,2.91,2.37,2.93,2.52,2.42,2.13,2.27,4.7
M. Honeychurch,WBFC,AFL,2018,M,MF,Australia,23,5861,13,13,,,2.06,1.57,1.09,1.89,1.84,1.77,2.07,2.19,2.14,1.89,1.97,3.04,3.54,2.73,2.86,2.4,2.17,1.96,2.43,1.91,2.22
M. Suckling,WBFC,AFL,2018,GD,GD,Australia,30,5834,11,11,,,2.94,3.16,2.87,2.51,2.02,3.94,3.77,4.35,3.05,5.0,3.33,2.14,2.96,1.49,1.94,2.43,2.03,2.13,1.72,1.88,2.58
M. Wallis,WBFC,AFL,2018,M,MF,Australia,26,5794,18,18,,,2.5,2.56,2.69,3.06,1.81,2.31,2.77,3.08,2.3,3.84,2.13,2.06,2.17,2.25,1.44,2.4,2.3,2.48,2.44,1.17,2.14
P. Lipinski,WBFC,AFL,2018,M,MF,Australia,20,5522,17,17,,,1.94,1.62,0.92,1.39,3.24,1.87,2.37,2.88,2.21,2.82,1.58,2.42,2.4,2.29,2.77,2.4,1.5,1.37,1.51,1.77,1.71
R. Smith,WBFC,AFL,2018,GD,GD,Australia,22,5015,10,10,,,2.03,2.26,2.07,2.33,2.72,2.18,1.96,2.41,1.68,1.9,1.69,1.83,0.93,2.59,1.99,2.43,2.03,2.35,1.67,1.97,2.23
S. Biggs,WBFC,AFL,2018,GD,GD,Australia,27,6104,5,5,,,1.9,1.65,1.71,0.98,1.36,2.14,2.09,1.88,2.0,3.32,1.98,1.78,2.14,1.46,1.75,2.43,1.95,2.38,3.29,0.4,1.36
T. Boyd,WBFC,AFL,2018,R,R,Australia,23,5942,12,12,,,2.16,2.12,1.7,2.39,2.07,2.38,2.5,1.96,2.61,3.21,2.23,1.74,2.15,2.18,2.02,1.19,2.75,2.14,2.24,1.92,3.95
T. Dickson,WBFC,AFL,2018,GF,GF,Australia,31,4609,8,8,,,1.99,1.64,1.64,1.39,2.02,1.72,2.16,1.5,2.19,2.55,1.82,2.46,3.06,2.42,1.51,2.41,1.64,1.48,1.85,1.88,1.32
T. English,WBFC,AFL,2018,R,R,Australia,21,5851,7,7,,,2.06,2.31,1.93,2.16,1.9,3.23,2.31,1.71,3.13,1.85,2.54,1.78,4.46,2.27,1.38,1.06,2.03,2.72,1.59,1.3,2.38
T. McLean,WBFC,AFL,2018,M,MF,Australia,22,5850,22,22,,,2.76,2.75,2.62,2.69,2.5,3.15,2.84,3.6,2.43,2.59,2.86,2.24,2.63,1.96,2.21,2.4,3.03,3.04,3.18,2.98,2.4
Z. Cordy,WBFC,AFL,2018,KD,KD,Australia,22,6296,18,18,,,2.3,2.41,2.52,2.31,2.78,2.27,2.09,1.8,2.18,2.71,2.27,2.47,2.18,2.86,2.22,2.42,2.19,2.84,2.79,1.58,2.26
A. Gaff,WCFC,AFL,2018,W,W,Australia,26,6491,19,19,,,3.21,3.74,5.0,3.2,1.74,3.8,3.53,4.12,4.07,3.52,2.98,2.56,2.71,2.34,2.46,2.57,2.33,2.66,1.95,2.7,1.99
B. Ah Chee,WCFC,AFL,2018,GF,GF,Australia,25,5354,8,8,,,2.79,2.93,3.1,3.47,2.84,2.46,2.08,2.55,2.7,1.32,1.92,3.72,2.74,4.28,4.15,2.41,2.9,2.45,2.83,3.63,3.66
B. Ainsworth,WCFC,AFL,2018,M,MF,Australia,20,5092,3,3,,,1.92,1.59,1.46,1.24,2.14,1.78,2.07,2.4,2.0,1.97,1.9,2.06,3.04,1.69,1.19,2.4,2.19,2.46,2.35,0.58,2.1
B. Sheppard,WCFC,AFL,2018,GD,GD,Australia,27,6282,23,23,,,2.59,1.97,1.39,2.05,1.57,2.2,2.61,2.35,3.28,1.6,2.38,3.45,3.87,3.41,3.02,2.43,2.67,2.44,2.56,2.71,3.05
C. Masten,WCFC,AFL,2018,W,W,Australia,29,6324,24,24,,,2.44,2.19,1.47,2.04,2.73,2.53,2.65,2.59,3.05,2.48,2.46,2.75,3.37,2.04,2.2,2.57,2.22,2.07,2.1,2.79,1.82
D. Sheed,WCFC,AFL,2018,M,M,Australia,23,5798,18,18,,,2.41,2.73,2.81,2.46,2.5,3.01,2.63,2.76,2.79,2.3,2.54,2.11,2.53,1.85,1.94,2.42,1.75,2.08,1.11,2.85,1.91
D. Venables,WCFC,AFL,2018,GF,GF,Australia,20,5133,15,15,,,2.21,2.32,2.48,2.57,3.47,1.76,2.04,2.26,2.09,1.96,1.86,2.4,2.21,2.51,2.48,2.41,2.11,2.25,2.09,1.75,2.1
E. Yeo,WCFC,AFL,2018,M,M,Australia,25,6403,25,25,,,3.15,3.05,2.94,3.48,2.75,2.96,2.58,1.54,2.87,2.78,3.17,3.92,3.49,4.19,4.08,2.41,3.62,3.62,3.47,4.33,3.46
F. McInnes,WCFC,AFL,2018,KF,KF,Australia,25,4595,3,3,,,2.08,1.62,1.78,1.52,2.29,1.19,1.61,3.33,1.36,1.28,2.0,2.69,1.67,3.73,2.74,2.23,3.01,2.71,3.19,2.08,3.84
J. Cripps,WCFC,AFL,2018,GF,GF,Australia,26,6234,25,25,,,3.0,3.09,3.11,2.87,2.06,3.51,3.24,2.64,3.06,3.58,3.49,2.48,3.6,1.78,2.09,2.41,2.94,2.78,3.32,3.06,2.23
J. Darling,WCFC,AFL,2018,KF,KF,Australia,26,6245,21,21,,,2.96,2.56,1.75,3.29,2.7,2.27,3.21,2.15,3.16,3.6,2.68,3.13,3.27,4.42,1.88,1.93,2.54,2.66,2.8,1.52,2.66
J. Kennedy,WCFC,AFL,2018,KF,KF,Australia,31,6067,14,14,,,2.71,2.27,1.57,2.53,2.65,2.39,3.37,1.54,2.53,4.53,2.11,2.48,3.02,2.97,1.49,1.83,2.16,2.63,2.46,2.07,1.02
J. McGovern,WCFC,AFL,2018,KD,KD,Australia,26,6073,24,24,,,3.4,3.24,2.19,4.19,4.2,2.34,2.5,1.52,3.14,3.42,2.96,4.47,3.6,5.0,4.16,2.36,2.95,2.31,1.96,4.24,2.56
J. Nelson,WCFC,AFL,2018,GD,GD,Australia,22,6270,10,10,,,1.81,1.66,1.69,1.47,3.03,1.47,1.98,1.52,2.39,1.95,2.1,1.91,2.59,1.49,1.6,2.43,1.65,1.66,1.14,1.82,2.18
J. Petruccelle,WCFC,AFL,2018,GF,GF,Australia,19,5202,3,3,,,1.53,1.14,1.12,0.88,2.82,0.92,1.83,2.37,1.32,1.97,2.13,1.36,0.98,1.58,1.51,2.41,1.83,2.62,0.75,4.21,1.31
J. Redden,WCFC,AFL,2018,M,M,Australia,28,6208,25,25,,,2.88,2.94,3.07,2.71,2.09,3.48,2.88,3.18,3.12,2.06,2.92,2.88,3.57,2.05,3.53,2.6,2.8,2.7,2.78,3.26,2.83
J. Waterman,WCFC,AFL,2018,GF,GF,Australia,20,5746,16,16,,,2.39,1.88,1.43,1.65,2.16,2.2,2.45,2.25,2.72,2.36,2.24,3.54,3.76,3.09,4.15,2.41,1.72,1.73,1.35,2.08,2.41
L. Duggan,WCFC,AFL,2018,GD,GD,Australia,22,6165,24,24,,,2.48,2.76,2.77,2.84,2.68,2.73,2.39,2.04,2.57,2.25,2.77,2.3,2.69,2.29,1.87,2.43,2.45,2.59,2.28,2.67,2.27
L. Jetta,WCFC,AFL,2018,GD,GD,Australia,29,6057,20,20,,,2.2,2.34,2.79,1.69,2.35,2.61,2.52,2.19,2.77,2.11,2.85,1.9,2.54,1.66,1.44,2.43,1.79,2.64,1.85,1.03,1.6
L. Ryan,WCFC,AFL,2018,GF,GF,Australia,22,5521,13,13,,,2.71,2.44,1.68,3.06,3.84,2.01,2.82,1.62,2.38,3.81,2.71,3.42,2.15,5.0,2.07,2.41,2.04,1.95,1.75,2.65,2.6
L. Shuey,WCFC,AFL,2018,M,M,Australia,28,5796,20,20,,,2.81,3.18,3.77,2.95,3.5,2.39,2.81,2.83,3.04,1.9,3.28,1.99,2.02,1.81,2.32,2.4,2.76,3.17,2.62,2.11,2.35
M. Hutchings,WCFC,AFL,2018,M,M,Australia,27,6068,20,20,,,2.16,1.89,2.1,1.72,1.67,1.91,2.05,1.79,2.06,2.2,2.2,2.46,2.76,2.02,2.95,2.4,2.55,3.03,2.43,1.98,1.68
M. LeCras,WCFC,AFL,2018,GF,GF,Australia,32,6470,23,23,,,2.79,2.86,3.54,2.7,2.07,2.83,2.9,2.3,2.61,3.44,2.92,2.67,3.08,2.16,3.1,2.41,2.55,2.82,2.44,2.34,2.33
N. Naitanui,WCFC,AFL,2018,R,R,Australia,28,4196,15,15,,,2.64,2.83,3.24,3.43,3.46,1.23,2.52,2.45,2.33,2.87,2.41,2.51,1.32,2.89,2.26,2.73,2.92,3.03,3.48,1.97,3.0
N. Vardy,WCFC,AFL,2018,R,R,Australia,27,5311,10,10,,,2.17,1.71,1.3,2.29,2.4,1.07,2.46,2.23,2.08,3.64,1.9,2.29,3.06,3.27,2.19,1.54,1.99,2.16,2.54,2.15,1.4
S. Hurn,WCFC,AFL,2018,GD,GD,Australia,31,6490,25,25,,,2.95,2.24,1.58,1.9,2.0,2.75,3.21,2.2,4.45,2.14,3.36,4.24,4.39,3.69,4.72,2.43,2.53,2.16,2.1,3.64,2.24
S. Lycett,WCFC,AFL,2018,R,R,Australia,26,5600,25,25,,,2.4,2.87,2.68,3.27,3.14,2.48,2.72,2.47,2.78,2.86,2.75,1.81,2.45,1.88,1.87,1.56,2.79,2.82,2.63,2.87,2.84
T. Barrass,WCFC,AFL,2018,KD,KD,Australia,23,6594,19,19,,,2.95,2.35,1.9,2.51,2.91,2.19,2.49,1.83,3.32,1.89,2.36,3.73,3.55,3.87,3.69,2.94,2.82,1.34,1.45,3.18,3.36
T. Cole,WCFC,AFL,2018,GD,GD,Australia,21,6108,21,21,,,2.43,2.32,1.86,2.92,3.2,1.87,2.31,2.38,2.6,1.69,1.98,2.18,2.05,2.14,2.38,2.43,2.87,3.01,2.47,3.68,2.29
W. Schofield,WCFC,AFL,2018,KD,KD,Australia,29,6160,12,12,,,1.87,1.63,2.05,1.14,3.37,1.06,2.15,2.23,2.14,2.06,2.0,1.76,2.3,2.14,0.94,2.15,1.97,2.09,2.12,0.86,2.64
