Player,Team,Age,Age_Decimal,Position,Matches,RatingPoints_Avg,Supercoach_Avg,DreamTeamPoints_Avg,CoachesVotes_Total,CoachesVotes_Avg,CoachesVotes_MatchesPolled,TimeOnGround,Kicks,Handballs,Disposals,DisposalEfficiency,KickingEfficiency,HandballEfficiency,DisposalRetentionPercentage,KicksIntoF50,KickIntoF50RetentionPercentage,KickPercentage,Inside50s,Rebound50s,Clangers,DisposalsPerClanger,Turnovers,DisposalsPerTurnover,MetresGained,MetresGainedPerDisposal,AssistedMetresGained,NetMetresGained,KickMetresGained,RetainedMetresGained,KickMetresGainedPerKick,HandballMetresGained,HandballMetresGainedPerHandball,Equity_PreClearance,Equity_PostClearance,Equity_Possession,Equity_BallUse,xThreatPerKick,ThreatRating,xRetainPerKick,RetentionRating,ContestedPossessions,UncontestedPossessions,TotalPossessions,ContestedPossessionRate,Intercepts,GroundBallGets,GroundBallGetsForward50,HardBallGets,LooseBallGets,PostClearanceContestedPossessions,PostClearanceGroundBallGets,GathersFromHitout,CrumbingPossessions,HandballReceives,AverageFieldPosition,Defensive50Possessions,DefensiveMidfieldPossessions,AttackingMidfieldPossessions,Forward50Possessions,CentreBounceAttendances,CentreBounceAttendancePercentage,CentreClearances,CentreClearanceRate,StoppageClearances,TotalClearances,FirstPossessions,FirstPossessionToClearance,Marks,ContestedMarks,MarksInside50,InterceptMarks,MarksOnLead,FreesFor,FreesAgainst,FreesDiff,RuckContests,RuckContestPercentage,Hitouts,HitoutsWinPercentage,HitoutsToAdvantage,HitoutsToAdvantagePercentage,RuckHardBallGets,HitoutToFirstPossession,HitoutToClearance,Tackles,TacklesInside50,ContestDefensiveOneOnOnes,ContestDefensiveLossPercentage,ContestOffensiveOneOnOnes,ContestOffensiveWinPercentage,Goals_Total,Goals_Avg,Behinds,ShotsAtGoal,GoalAssists,ScoreAssists,ScoreboardImpact,GoalAccuracy,ScoreInvolvements,ScoreInvolvementPercentage,ScoreLaunches,xScoreShots,xScorePerShot,xScoreRatingPerShot,xScoreShots_Set,xScorePerShot_Set,xScoreRatingPerShot_Set,xScoreShots_General,xScorePerShot_General,xScoreRatingPerShot_General,KickIns,KickInPercentage,KickInsPlayOnPercentage,Bounces,OnePercenters,PressureActs,PressureActsDefensiveHalf,Spoils
Harry McKay,Carlton,29,29.01,Key Forward,1,4.8,50,49,0,0,0,96,10,3,13,61.538,70,33.333,46.154,3,33.333,76.923,3,0,5,2.6,6,2.167,321,24.692,54.8,375.8,385.67,179.74,38.567,-4.73,-1.577,-2.209,4.707,7.059,-2.284,25.131,-2.909,43.291,-21.069,7,6,13,53.846,3,4,2,2,2,7,4,0,1,2,22.316,0,5,4,4,0,0,0,,0,0,0,,5,2,0,1,1,1,3,-2,0,0,0,,0,,0,,,0,0,0,,6,33.333,1,1,0,1,0,1,7,100,5,26.316,2,1,5.395,0.605,0,,,1,5.395,0.605,0,0,,0,3,5,1,1
Lachie Fogarty,Carlton,27,27.75,Gen. Forward,1,4.9,58,36,0,0,0,66,5,9,14,64.286,40,77.778,64.286,0,,35.714,0,1,1,14,1,14,212,15.143,26.88,238.88,139,85.77,27.8,16.77,1.863,1.887,0.945,5.889,-0.81,22.418,-22.418,56.608,-16.608,7,8,15,46.667,0,6,4,3,3,5,5,0,2,6,20.119,1,4,3,7,0,0,0,,0,0,0,,1,0,0,0,1,0,0,0,0,0,0,,0,,0,,,0,0,0,,1,0,0,0,0,0,0,0,0,,1,5.263,0,0,,,0,,,0,,,0,0,,0,3,4,1,1
Sam Walsh,Carlton,26,26.49,Midfielder,1,15.7,114,99,3,3,1,77,16,16,32,65.625,62.5,68.75,78.125,7,85.714,50,9,0,4,8,4,8,696,21.75,253.28,949.28,562.18,545.37,35.136,78.79,4.924,4.633,3.891,7.659,0.621,25.184,24.816,41.196,1.661,13,20,33,39.394,3,9,2,6,3,3,3,1,0,15,-7.388,1,22,8,2,27,84.375,3,11.111,3,6,7,71.429,3,0,0,1,0,2,0,2,0,0,0,,0,,0,,,2,0,0,,0,,0,0,0,1,0,2,2,0,8,42.105,2,1,2.581,-2.581,0,,,1,2.581,-2.581,0,0,,1,3,19,11,0
Brodie Kemp,Carlton,25,25.66,Key Forward,1,5.4,68,56,0,0,0,92,8,7,15,66.667,50,85.714,66.667,1,0,53.333,2,0,5,3,5,3,132,8.8,98.09,230.09,151.34,33.75,18.917,-10.06,-1.437,0,1.987,7.097,-3.202,30.05,-10.05,51.6,8.4,6,10,16,37.5,1,3,2,0,3,6,3,0,3,5,35.965,0,3,4,9,0,0,0,,0,0,0,,3,2,1,0,1,1,1,0,0,0,0,,0,,0,,,1,0,0,,1,100,1,1,1,3,0,1,8,33.333,3,15.789,0,3,2.586,-0.253,1,3.602,-2.602,2,2.078,0.922,0,0,,0,1,10,1,1
Elijah Hollands,Carlton,24,24.68,Gen. Forward,1,5.9,61,63,0,0,0,79,12,7,19,52.632,41.667,71.429,57.895,3,0,63.158,3,2,6,3.167,9,2.111,216,11.368,83.37,299.37,227.61,58.37,18.967,9.47,1.353,-1.33,6.592,7.742,-0.658,27.157,-27.157,57.49,-27.49,8,11,19,42.105,5,4,2,0,4,8,4,0,3,4,-2.012,5,5,5,4,0,0,0,,0,0,0,,1,0,0,0,0,3,1,2,0,0,0,,0,,0,,,1,0,0,,0,,1,1,0,1,1,1,12,100,2,10.526,0,1,2.009,3.991,0,,,1,2.009,3.991,0,0,,0,2,12,8,0
Campbell Chesser,Carlton,23,23.67,Midfielder,1,3.7,63,60,0,0,0,75,8,9,17,76.471,75,77.778,64.706,0,,47.059,0,2,3,5.667,3,5.667,274,16.118,159.12,433.12,229.23,103.18,28.654,10.54,1.171,2.175,0.852,4.463,0.427,17.347,-17.347,54.567,-11.71,5,12,17,29.412,3,5,1,4,1,2,2,0,2,5,-20.882,5,7,3,2,0,0,0,,0,0,3,33.333,5,0,0,2,0,1,2,-1,0,0,0,,0,,0,,,2,1,0,,0,,0,0,0,1,0,0,0,0,2,10.526,2,1,2.319,-2.319,0,,,1,2.319,-2.319,0,0,,0,0,12,7,0
Ashton Moir,Carlton,21,21.71,Gen. Forward,1,6.8,57,59,0,0,0,78,7,3,10,80,71.429,100,70,0,,70,0,0,0,,1,10,105,10.5,168.61,273.61,106.99,85.16,15.284,2.81,0.937,2.469,2.941,1.525,3.738,20.587,29.412,74.89,0.11,3,5,8,37.5,0,1,0,0,1,2,1,1,1,2,22.225,0,4,1,3,1,3.125,0,0,2,2,1,100,3,0,1,0,0,1,0,1,0,0,0,,0,,0,,,4,0,0,,1,0,1,1,0,2,0,0,6,50,5,26.316,0,2,3.206,-0.206,1,4.448,1.552,1,1.964,-1.964,0,0,,0,0,9,3,0
Liam Reidy,Carlton,26,26.54,Ruck,1,1.8,31,40,0,0,0,61,3,2,5,40,0,100,40,0,,60,1,0,1,5,2,2.5,83,16.6,18.66,101.66,75.26,16.07,25.087,10.09,5.045,-0.443,-0.223,4.291,-1.191,39.21,-39.21,39.95,-39.95,4,0,4,100,0,2,1,0,2,4,2,0,0,0,40.778,0,0,2,2,7,21.875,1,14.286,0,1,1,100,1,1,1,0,0,1,1,0,32,33.684,17,53.125,2,11.765,0,35.294,35.294,2,1,0,,3,66.667,0,0,1,1,0,0,1,0,2,10.526,1,1,2.393,-1.393,1,2.393,-1.393,0,,,0,0,,0,2,14,6,2
Oliver Hollands,Carlton,22,22.95,Gen. Defender,1,7.5,73,69,0,0,0,82,12,6,18,77.778,66.667,100,66.667,2,50,66.667,4,4,3,6,4,4.5,336,18.667,342.82,678.82,316.19,124.83,26.349,15.37,2.562,4.807,1.653,4.231,2.767,22.322,-4.14,56.594,-11.139,6,10,16,37.5,2,4,0,1,3,3,2,1,1,4,-11.565,3,7,4,2,2,6.25,2,100,1,3,2,100,4,0,0,0,0,1,0,1,0,0,0,,0,,0,,,2,1,1,0,1,0,0,0,0,1,2,2,12,0,3,15.789,0,1,2.758,-2.758,1,2.758,-2.758,0,,,1,9.091,100,0,1,13,10,1
Jagga Smith,Carlton,20,20.92,Midfielder,1,6,65,82,0,0,0,79,11,16,27,74.074,45.455,93.75,70.37,3,0,40.741,4,1,4,6.75,6,4.5,347,12.852,423.13,770.13,255.29,177.7,23.208,75.42,4.714,2.342,2.561,2.862,1.967,24.472,-24.472,48.105,-2.651,5,21,26,19.231,2,4,0,0,4,2,2,1,2,16,-11.874,3,16,6,1,17,53.125,1,5.882,2,3,3,66.667,3,0,0,0,1,0,0,0,0,0,0,,0,,0,,,2,0,0,,0,,0,0,0,0,0,0,0,,4,21.053,0,0,,,0,,,0,,,0,0,,3,1,5,4,1
Cooper Lord,Carlton,21,21.78,Midfielder,1,11.3,85,76,0,0,0,74,11,15,26,76.923,63.636,86.667,76.923,5,80,42.308,7,3,2,13,3,8.667,408,15.692,320.62,728.62,343.47,212.19,31.225,41.06,2.737,1.906,4.85,6.117,0.439,33.517,-13.517,51.335,-1.335,7,20,27,25.926,4,5,1,3,2,5,3,0,0,12,5.806,3,8,13,3,7,21.875,0,0,1,1,0,,3,0,0,0,0,3,0,3,0,0,0,,0,,0,,,0,0,0,,0,,0,0,1,1,1,2,8,0,5,26.316,1,1,2.516,-1.516,0,,,1,2.516,-1.516,0,0,,0,2,14,6,1
Harry Dean,Carlton,19,19.13,Key Defender,1,11.2,59,48,0,0,0,80,7,7,14,57.143,42.857,71.429,78.571,0,,50,1,4,2,7,3,4.667,220,15.714,135.69,355.69,184.9,123.08,26.414,28.85,4.121,-0.352,7.198,6.501,-1.816,16.374,-16.374,54.33,-11.473,7,8,15,46.667,6,4,0,0,4,6,3,0,1,6,-31.528,8,4,3,0,0,0,0,,0,0,0,,1,0,0,0,0,2,0,2,0,0,0,,0,,0,,,2,0,2,0,0,,0,0,0,0,0,0,0,,1,5.263,1,0,,,0,,,0,,,0,0,,0,7,14,11,5
George Hewett,Carlton,31,31,Midfielder,1,2.8,70,75,0,0,0,65,9,10,19,52.632,44.444,60,52.632,1,0,47.368,1,1,5,3.8,6,3.167,181,9.526,80.09,261.09,148.29,31.7,16.477,15.52,1.552,0.02,-0.69,6.574,-5.602,24.163,-24.163,59.74,-37.518,7,13,20,35,1,4,1,3,1,4,2,0,1,10,5.822,1,7,8,4,17,53.125,0,0,2,2,3,33.333,2,1,0,0,0,1,1,0,0,0,0,,0,,0,,,6,2,0,,1,100,0,0,0,0,0,0,0,,2,10.526,0,0,,,0,,,0,,,0,0,,0,3,25,9,1
Zac Williams,Carlton,32,32.27,Gen. Forward,1,14.9,82,50,0,0,0,79,10,6,16,62.5,40,100,75,2,100,62.5,3,4,3,5.333,4,4,257,16.062,183.47,440.47,237.75,118.61,23.775,-2.55,-0.425,4.822,8.166,10.16,4.753,17.411,4.811,46.276,-12.942,12,7,19,63.158,7,9,0,1,8,6,4,0,0,6,-30.4,9,8,2,0,5,15.625,1,20,5,6,4,100,1,0,0,1,0,1,3,-2,0,0,0,,0,,0,,,3,0,1,100,0,,0,0,1,1,0,0,1,0,3,15.789,2,1,2.026,-1.026,0,,,1,2.026,-1.026,1,9.091,0,1,3,21,14,0
Adam Saad,Carlton,32,32.44,Gen. Defender,1,12.2,83,30,0,0,0,64,5,6,11,81.818,60,100,72.727,0,,45.455,0,5,0,,2,5.5,221,20.091,112.49,333.49,166.46,140.53,33.292,31.82,5.303,0.207,9.177,4.84,3.025,8.367,16.632,40.452,9.547,5,3,8,62.5,3,5,1,0,5,4,4,0,0,2,-24.95,2,5,0,1,0,0,0,,0,0,1,0,1,0,0,0,0,0,0,0,0,0,0,,0,,0,,,0,0,0,,0,,0,0,0,0,0,0,0,,3,15.789,2,0,,,0,,,0,,,3,27.273,100,10,5,8,4,4
Mitch McGovern,Carlton,32,32.22,Gen. Defender,1,10,58,59,0,0,0,79,12,4,16,87.5,83.333,100,68.75,2,50,75,2,5,3,5.333,2,8,421,26.312,83.81,504.81,333.83,191.56,27.819,23.38,5.845,-0.874,10.961,3.917,2.262,17.374,-9.041,53.938,-3.938,3,10,13,23.077,5,3,0,0,3,3,3,0,0,4,-38.927,8,1,4,0,0,0,0,,0,0,0,,5,0,0,2,0,0,0,0,0,0,0,,0,,0,,,0,0,1,0,0,,0,0,0,0,0,0,0,,1,5.263,0,0,,,0,,,0,,,1,9.091,100,2,7,9,7,7
Marc Pittonet,Carlton,30,30.57,Ruck,1,26,108,92,0,0,0,67,8,10,18,88.889,75,100,72.222,1,0,44.444,1,1,3,6,3,6,175,9.722,275.17,450.17,155.29,40.8,19.411,-18.23,-1.823,16.55,7.256,8.35,15.303,19.097,-19.097,59.15,7.517,12,6,18,66.667,2,6,1,3,3,4,2,0,1,4,-5.489,2,10,4,2,25,78.125,2,8,6,8,9,88.889,3,1,1,1,0,2,2,0,62,65.263,17,27.419,4,23.529,3,47.059,47.059,2,0,1,0,2,50,3,3,0,3,0,0,18,100,5,26.316,3,3,2.985,3.015,1,4.027,1.973,2,2.464,3.536,0,0,,0,1,11,5,1
Patrick Cripps,Carlton,31,31.78,Midfielder,1,8.9,60,57,0,0,0,80,8,11,19,73.684,50,90.909,73.684,2,100,42.105,2,0,4,4.75,1,19,186,9.789,202.71,388.71,223.78,107.28,27.972,-29.55,-2.686,4.841,-1.027,5.109,1.457,33.008,0.325,58.105,-24.772,10,9,19,52.632,0,7,3,2,5,3,2,2,2,6,9.691,1,7,7,4,20,62.5,3,15,1,4,6,83.333,2,0,0,0,0,1,3,-2,1,1.053,0,0,0,,0,,,3,0,0,,1,0,0,0,1,2,0,0,1,0,4,21.053,1,2,1.599,-1.099,1,1.424,-1.424,1,1.775,-0.775,0,0,,0,2,20,8,2
Jacob Weitering,Carlton,29,29.1,Key Defender,1,5.8,73,58,0,0,0,95,12,3,15,86.667,83.333,100,73.333,1,0,80,1,4,1,15,1,15,214,14.267,205.22,419.22,202.8,46.81,16.9,-1.24,-0.413,0,4.758,3.721,-0.35,18.014,-18.014,69.537,3.19,4,9,13,30.769,7,3,0,1,2,4,3,0,1,2,-38.265,7,5,1,0,0,0,0,,0,0,0,,5,0,0,1,0,1,0,1,0,0,0,,0,,0,,,0,0,6,0,0,,0,0,0,0,0,0,0,,0,0,0,0,,,0,,,0,,,0,0,,0,5,3,3,5
Will Hayward,Carlton,28,28.18,Gen. Forward,1,6,53,58,0,0,0,75,9,2,11,54.545,55.556,50,60,1,100,81.818,1,0,2,5.5,1,11,223,20.273,22.48,245.48,220.94,135.26,27.617,8.45,4.225,0,4.12,2.301,2.085,25.126,-5.126,59.176,20.824,3,8,11,27.273,0,3,2,1,2,3,3,0,3,5,21.878,0,2,6,3,0,0,0,,0,0,0,,3,0,1,0,3,1,1,0,0,0,0,,0,,0,,,3,0,0,,0,,1,1,2,3,0,0,8,33.333,4,21.053,0,3,2.765,-0.099,1,2.858,-1.858,2,2.719,0.781,0,0,,0,0,9,5,0
Lewis Young,Carlton,28,28.03,Key Defender,1,3.6,60,41,0,0,0,100,6,5,11,72.727,83.333,60,72.727,0,,54.545,0,4,3,3.667,0,,138,12.545,111.66,249.66,115.5,99.26,19.25,23.92,4.784,0,3.577,3.88,0.041,13.83,-13.83,69.892,13.442,5,6,11,45.455,6,2,0,0,2,5,2,0,0,2,-42.079,7,2,2,0,0,0,0,,0,0,0,,4,0,0,0,0,0,1,-1,0,0,0,,0,,0,,,1,0,6,16.667,0,,0,0,0,0,0,0,0,,0,0,0,0,,,0,,,0,,,2,18.182,100,0,11,9,7,7
Oliver Florent,Carlton,28,28.44,Midfielder,1,12.1,95,85,0,0,0,84,16,6,22,59.091,56.25,66.667,63.636,2,50,72.727,2,5,1,22,6,3.667,464,21.091,108.36,572.36,443,269.47,27.687,20.77,3.462,1.372,8.266,8.996,0.641,18.607,-5.273,53.769,-7.102,9,11,20,45,11,8,0,1,7,6,5,0,4,4,-35.689,8,10,2,0,0,0,0,,2,2,2,100,7,1,0,4,0,0,0,0,0,0,0,,0,,0,,,1,0,1,0,0,,0,0,0,0,0,0,0,,3,15.789,1,0,,,0,,,0,,,3,27.273,66.667,0,0,9,8,0
Ben Ainsworth,Carlton,28,28.88,Gen. Forward,1,16.3,62,60,0,0,0,74,7,7,14,85.714,85.714,85.714,78.571,1,0,50,3,0,2,7,2,7,287,20.5,160.17,447.17,243.89,183.67,34.841,17.41,2.487,1.764,11.863,4.715,8.912,37.768,12.232,61.098,13.902,3,11,14,21.429,1,3,1,0,3,2,2,0,0,7,21.101,0,3,6,5,0,0,0,,1,1,1,100,3,0,0,0,1,0,0,0,0,0,0,,0,,0,,,1,0,0,,0,,2,2,0,3,1,1,18,66.667,5,26.316,1,3,2.476,1.524,2,2.11,0.89,1,3.207,2.793,0,0,,0,1,10,2,0
Malcolm Rosas,Sydney,25,25.51,Gen. Forward,1,11.3,68,40,0,0,0,67,4,6,10,90,75,100,100,1,100,40,1,0,1,10,1,10,124,12.4,181.11,305.11,87.1,117.09,21.775,15.28,2.547,0,9.7,5.224,4.918,25.487,7.847,66.86,33.14,4,8,12,33.333,1,2,0,0,2,4,2,0,1,6,10.032,0,6,3,3,0,0,0,,0,0,0,,0,0,0,0,0,1,1,0,0,0,0,,0,,0,,,3,0,0,,0,,1,1,0,1,2,2,18,100,5,15.625,0,1,2.347,3.653,0,,,1,2.347,3.653,0,0,,1,3,11,4,0
Nick Blakey,Sydney,26,26.84,Gen. Defender,1,13,71,61,0,0,0,88,12,9,21,76.19,58.333,100,71.429,5,40,57.143,5,4,6,3.5,4,5.25,569,27.095,157.2,726.2,379.84,322.38,31.653,66.45,7.383,1.642,9.345,4.474,8.184,25.644,1.629,50.035,4.51,5,15,20,25,6,4,0,0,4,4,3,0,2,10,-14.316,3,11,6,0,0,0,0,,0,0,0,,3,0,0,0,0,0,2,-2,0,0,0,,0,,0,,,1,0,0,,0,,0,0,0,0,1,1,6,,8,25,2,0,,,0,,,0,,,1,12.5,100,4,4,8,5,3
James Rowbottom,Sydney,26,26.28,Midfielder,1,17.2,95,92,0,0,0,77,11,9,20,70,54.545,88.889,65,3,33.333,55,3,4,3,6.667,3,6.667,311,15.55,117.53,428.53,322.39,106.43,29.308,-6.32,-0.702,3.889,7.541,6.953,4.879,19.821,10.179,46.221,-26.221,12,9,21,57.143,3,9,0,3,6,3,2,1,1,8,-11.119,6,6,7,2,16,50,3,18.75,4,7,7,71.429,1,0,0,1,0,2,2,0,0,0,0,,0,,0,,,9,2,0,,0,,1,1,0,1,0,0,6,100,6,18.75,2,1,1.922,4.078,0,,,1,1.922,4.078,0,0,,0,1,33,9,0
Sam Wicks,Sydney,27,27.29,Gen. Defender,1,4.5,29,37,0,0,0,84,5,4,9,77.778,60,100,66.667,2,50,55.556,2,2,3,3,4,2.25,263,29.222,56.51,319.51,177.75,89.26,35.55,16.67,4.167,1.077,1.245,1.73,2.753,26.605,23.395,55.282,-30.283,2,7,9,22.222,1,2,0,0,2,1,1,0,0,4,-29.403,3,4,2,0,0,0,1,,0,1,0,,3,0,0,0,0,0,1,-1,0,0,0,,0,,0,,,2,0,2,50,0,,0,0,0,0,0,0,0,,3,9.375,0,0,,,0,,,0,,,0,0,,3,0,17,14,0
Joel Amartey,Sydney,27,27.32,Key Forward,1,6.6,58,59,0,0,0,75,6,1,7,57.143,50,100,57.143,1,0,85.714,2,0,2,3.5,2,3.5,203,29,3.78,206.78,219.27,116.84,36.545,18.37,18.37,0.514,4.969,5.603,3.488,32.29,-32.29,42.77,-42.77,3,4,7,42.857,1,1,0,1,0,3,1,0,0,0,51.236,0,0,2,5,6,18.75,0,0,0,0,0,,4,0,3,0,2,2,0,2,6,6.316,2,33.333,1,50,0,100,100,1,1,0,,5,20,3,3,1,5,0,0,19,60,4,12.5,0,5,3.613,0.187,5,3.613,0.187,0,,,0,0,,0,3,11,2,2
Tom McCartin,Sydney,27,27,Key Defender,1,11.2,66,49,3,3,1,94,3,14,17,82.353,66.667,85.714,82.353,0,,17.647,0,3,3,5.667,3,5.667,67,3.941,219.14,286.14,56.7,33.07,18.9,3.72,0.266,1.88,8.225,5.426,1.728,13.487,19.847,67.98,-1.313,5,12,17,29.412,6,4,0,1,3,3,3,1,1,6,-29.001,7,7,3,0,0,0,1,,1,2,1,100,4,0,0,1,0,0,0,0,0,0,0,,0,,0,,,0,0,4,0,0,,0,0,0,0,0,0,0,,1,3.125,0,0,,,0,,,0,,,0,0,,0,11,7,6,11
Riley Bice,Sydney,26,26.26,Gen. Defender,1,11.6,78,65,0,0,0,86,11,5,16,93.75,90.909,100,87.5,1,100,68.75,1,1,5,3.2,2,8,284,17.75,277.44,561.44,266.75,207.26,24.25,25.26,5.052,0.749,11.166,6.883,3.701,20.064,-1.882,68.446,13.372,6,8,14,42.857,7,4,0,0,4,5,3,0,0,3,-21.899,4,6,4,0,0,0,0,,0,0,1,0,5,0,0,2,0,1,2,-1,0,0,0,,0,,0,,,3,0,1,0,0,,0,0,0,0,1,1,6,,3,9.375,2,0,,,0,,,0,,,3,37.5,100,3,4,10,7,3
Justin McInerney,Sydney,26,26.36,Mid-Forward,1,23.7,142,122,10,10,1,88,16,15,31,83.871,81.25,86.667,83.871,4,75,51.613,6,0,3,10.333,2,15.5,461,14.871,789.49,1250.49,416.34,382.26,26.021,39.91,2.661,3.201,18.359,9.164,14.079,29.887,11.779,60.482,22.852,7,23,30,23.333,4,5,3,1,4,3,2,1,2,16,6.514,3,10,10,7,11,34.375,0,0,2,2,2,50,5,1,1,1,0,1,1,0,0,0,0,,0,,0,,,3,0,0,,0,,3,3,1,4,2,6,35,75,14,43.75,2,4,3.616,1.134,2,4.343,-0.843,2,2.89,3.11,0,0,,0,1,9,5,1
Chad Warner,Sydney,25,25.61,Midfielder,1,16.6,91,76,1,1,1,83,16,4,20,65,62.5,75,55,6,33.333,80,8,1,2,10,7,2.857,563,28.15,187.9,750.9,451.28,158.09,28.205,28.1,7.025,4.534,11.817,6.75,10.222,33.882,-0.548,55.806,2.528,9,12,21,42.857,3,6,2,2,4,4,4,2,2,8,11.755,1,6,9,5,12,37.5,2,16.667,2,4,4,100,3,0,1,1,0,0,2,-2,0,0,0,,0,,0,,,2,0,0,,1,0,1,1,3,4,1,1,15,25,7,21.875,2,4,3.024,-0.774,1,3.158,2.842,3,2.979,-1.979,0,0,,6,1,9,3,0
Matt Roberts,Sydney,23,23.41,Gen. Defender,1,20.7,112,80,0,0,0,80,12,6,18,77.778,83.333,66.667,77.778,1,100,66.667,4,3,0,,1,18,483,26.833,260.98,743.98,418.39,276.28,34.866,20.75,3.458,4.804,13.07,5.97,11.94,15.012,7.21,49.221,17.446,7,11,18,38.889,4,7,1,1,6,4,4,0,3,6,-17.881,6,5,6,1,0,0,0,,1,1,1,100,5,0,0,0,1,0,0,0,0,0,0,,0,,0,,,1,1,0,,0,,2,2,1,3,0,0,13,66.667,8,25,1,3,2.135,2.199,1,2.095,-1.095,2,2.155,3.845,0,0,,0,2,15,8,1
Errol Gulden,Sydney,24,24.45,Midfielder,1,10.2,113,126,8,8,1,82,16,11,27,66.667,43.75,100,70.37,7,28.571,59.259,8,2,6,4.5,5,5.4,549,20.333,458.02,1007.02,476.09,269.19,29.756,25.27,2.297,5.335,0.206,4.82,2.34,30.608,15.546,45.165,8.682,8,17,25,32,2,5,1,0,5,2,2,2,0,12,4.424,3,9,9,4,19,59.375,2,10.526,3,5,7,71.429,3,0,0,0,0,1,0,1,0,0,0,,0,,0,,,11,1,0,,1,0,0,0,2,2,3,3,20,0,10,31.25,4,2,2.856,-1.856,0,,,2,2.856,-1.856,1,12.5,100,1,0,21,8,0
Logan McDonald,Sydney,24,24.74,Key Forward,1,3.5,52,45,0,0,0,69,4,7,11,81.818,50,100,72.727,1,0,36.364,1,0,4,2.75,3,3.667,94,8.545,196.22,290.22,109.01,10.08,27.253,4.97,0.71,1.703,-0.867,5.263,-2.082,23.28,-23.28,41.475,-41.475,4,7,11,36.364,1,1,0,1,0,2,0,0,0,3,17.605,1,3,3,4,0,0,0,,2,2,2,100,2,1,1,0,1,2,1,1,12,12.632,0,0,0,,0,,,2,1,1,0,5,20,1,1,0,1,0,1,7,100,2,6.25,0,1,5.934,0.066,1,5.934,0.066,0,,,0,0,,0,0,8,3,0
James Jordon,Sydney,26,26.03,Midfielder,1,7.9,52,56,0,0,0,79,7,9,16,75,71.429,77.778,62.5,1,0,43.75,1,3,3,5.333,2,8,138,8.625,256.3,394.3,133.44,34.43,19.063,6.11,0.679,0.965,4.239,5.18,0.51,24.47,-7.803,66.6,0.067,5,10,15,33.333,2,5,1,2,3,2,2,0,1,5,-0.175,4,2,7,2,2,6.25,1,50,0,1,2,50,4,0,0,1,1,0,1,-1,0,0,0,,0,,0,,,2,0,0,,0,,0,0,0,1,0,1,1,0,4,12.5,1,1,2.936,-2.936,0,,,1,2.936,-2.936,0,0,,1,0,16,6,0
Jai Serong,Sydney,23,23.87,Key Defender,1,8.5,77,72,0,0,0,84,10,9,19,73.684,70,77.778,68.421,3,66.667,52.632,3,2,4,4.75,5,3.8,373,19.632,311,684,319.63,218,31.963,25.67,2.852,1.392,4.65,2.073,3.898,16.999,3.001,49.431,0.569,5,13,18,27.778,3,4,0,2,2,3,3,1,1,9,-21.054,2,12,4,0,0,0,0,,2,2,2,100,2,0,0,0,0,1,1,0,0,0,0,,0,,0,,,5,0,2,50,0,,0,0,0,0,1,2,7,,4,12.5,1,0,,,0,,,0,,,0,0,,0,4,18,14,2
Angus Sheldrick,Sydney,23,23.14,Midfielder,1,10.5,48,70,0,0,0,56,13,10,23,39.13,15.385,70,56.522,4,50,56.522,6,2,5,4.6,6,3.833,413,17.957,132.54,545.54,344.54,219.23,26.503,22,2.2,-0.139,6.697,5.639,1.034,21.984,3.016,40.979,-15.979,6,15,21,28.571,2,5,0,0,5,3,3,1,1,14,2.41,2,9,9,1,13,40.625,2,15.385,1,3,3,100,1,0,0,1,0,1,1,0,0,0,0,,0,,0,,,1,0,1,100,0,,1,1,0,2,0,0,6,50,5,15.625,0,2,2.912,0.088,0,,,2,2.912,0.088,0,0,,0,1,14,6,1
Dane Rampe,Sydney,36,36.58,Gen. Defender,1,14.3,85,44,0,0,0,81,6,8,14,85.714,83.333,87.5,71.429,0,,42.857,0,3,1,14,2,7,155,11.071,116.83,271.83,127.36,87.02,21.227,6.7,0.837,-0.637,12.794,8.471,2.934,16.087,17.247,58.23,8.437,9,8,17,52.941,8,5,0,1,4,9,5,0,3,6,-34.865,8,7,2,0,0,0,0,,1,1,0,,0,0,0,0,0,1,1,0,0,0,0,,0,,0,,,3,0,0,,0,,0,0,0,0,0,0,0,,5,15.625,3,0,,,0,,,0,,,0,0,,1,5,12,12,2
Brodie Grundy,Sydney,32,32.71,Ruck,1,18.1,112,106,0,0,0,79,5,11,16,62.5,40,72.727,56.25,1,0,31.25,3,2,5,3.2,3,5.333,224,14,162.05,386.05,154.44,39.76,30.888,49.25,4.477,9.881,3.983,4.963,4.197,28.753,-28.753,32.86,-32.86,6,10,16,37.5,3,2,1,1,1,3,1,0,0,7,9.307,0,5,8,3,26,81.25,1,3.846,2,3,3,100,2,2,0,2,0,1,2,-1,77,81.053,46,59.74,14,30.435,1,41.304,41.304,4,2,3,66.667,1,0,1,1,0,1,0,0,6,100,7,21.875,6,1,3.643,2.357,0,,,1,3.643,2.357,0,0,,0,5,9,3,4
Jake Lloyd,Sydney,33,33.27,Midfielder,1,8.5,59,62,0,0,0,82,8,10,18,77.778,50,100,83.333,2,50,44.444,2,2,2,9,2,9,301,16.722,325.31,626.31,230.52,185.38,28.815,37.1,3.71,0,5.318,3.146,2.038,26.996,33.004,49.1,10.9,5,12,17,29.412,2,4,1,0,4,5,4,0,3,5,9.935,1,5,6,5,0,0,0,,0,0,0,,6,0,2,0,0,0,0,0,0,0,0,,0,,0,,,0,0,0,,1,0,0,0,0,2,1,2,7,0,5,15.625,1,2,2.771,-2.771,2,2.771,-2.771,0,,,1,12.5,100,0,2,12,2,1
Isaac Heeney,Sydney,30,30.65,Midfielder,1,18.6,89,98,5,5,1,77,10,10,20,60,50,70,75,4,75,50,5,0,6,3.333,3,6.667,290,14.5,211.78,501.78,305.7,227.16,30.57,-5.98,-0.598,6.212,9.22,7.162,9.285,34.06,40.94,40.092,9.907,10,8,18,55.556,4,4,0,0,4,3,2,4,0,5,5.047,3,2,11,2,23,71.875,3,13.043,3,6,8,75,3,0,1,1,0,1,2,-1,0,0,0,,0,,0,,,8,1,0,,0,,2,2,0,2,0,0,12,100,6,18.75,1,2,3.385,2.615,1,4.167,1.833,1,2.602,3.398,0,0,,0,1,18,4,0
Callum Mills,Sydney,29,29.74,Gen. Defender,1,4.5,66,67,0,0,0,72,10,15,25,64,40,80,60,1,0,40,2,4,4,6.25,6,4.167,429,17.16,223.29,652.29,345.19,134.98,34.519,29.13,1.942,0,2.026,3.628,-3.604,20.221,-9.11,54.434,-21.101,5,17,22,22.727,6,5,0,1,4,5,5,0,1,10,-13.833,4,11,7,0,0,0,0,,0,0,0,,3,0,0,0,0,0,1,-1,0,0,0,,0,,0,,,0,0,1,0,0,,0,0,1,1,1,1,7,0,6,18.75,1,1,2.541,-1.541,1,2.541,-1.541,0,,,2,25,100,1,3,7,5,3
Charlie Curnow,Sydney,29,29.9,Key Forward,1,14.5,65,66,0,0,0,77,10,0,10,60,60,,50,1,0,100,1,0,2,5,3,3.333,270,27,45.23,315.23,314.94,125.42,31.494,0,,0,12.235,6.737,5.733,30.1,-5.1,44.83,5.17,4,6,10,40,2,1,1,0,1,4,1,0,1,1,45.005,0,1,2,7,0,0,0,,0,0,0,,3,1,2,0,2,2,1,1,0,0,0,,0,,0,,,2,2,0,,3,0,3,3,2,6,0,0,20,50,5,15.625,1,6,3.172,0.161,4,2.977,0.523,2,3.561,-0.561,0,0,,0,2,8,1,0
Lewis Melican,Sydney,30,30.15,Key Defender,1,4.6,37,27,0,0,0,85,4,3,7,100,100,100,100,1,100,57.143,2,0,1,7,0,,91,13,172.51,263.51,66.99,61.21,16.747,-1.19,-0.397,0,4.307,2.046,1.633,21.977,44.69,77.36,-10.693,3,4,7,42.857,3,1,0,1,0,3,1,0,0,3,-15.731,1,5,1,0,0,0,0,,0,0,0,,1,0,0,0,0,2,0,2,0,0,0,,0,,0,,,1,0,2,100,0,,0,0,0,0,0,0,0,,1,3.125,1,0,,,0,,,0,,,0,0,,0,4,8,6,4
Tom Papley,Sydney,30,30.46,Gen. Forward,1,5.6,46,41,0,0,0,57,4,5,9,77.778,50,100,77.778,1,100,44.444,1,1,2,4.5,2,4.5,114,12.667,56.42,170.42,85.6,35.24,21.4,14.26,2.852,0.342,2.808,2.426,0.928,47.12,-47.12,67.92,32.08,4,6,10,40,3,3,2,2,1,4,3,0,3,2,41.21,0,1,2,7,0,0,0,,0,0,0,,1,0,1,0,0,0,1,-1,0,0,0,,0,,0,,,3,1,0,,1,0,1,1,1,3,1,1,13,33.333,5,15.625,1,3,2.907,-0.574,1,2.265,-1.265,2,3.228,-0.228,0,0,,0,1,15,4,0
Jack Henry,Geelong,28,28.33,Key Defender,1,7.4,63,45,0,0,0,89,6,9,15,86.667,100,77.778,86.667,1,100,40,1,4,2,7.5,3,5,118,7.867,246.02,364.02,113.93,67.01,18.988,7.25,0.806,0,6.549,4.137,2.864,19.606,0.394,67.172,12.828,5,8,13,38.462,9,5,0,2,3,5,5,0,1,2,-41.68,7,4,2,0,0,0,0,,0,0,0,,4,0,0,1,0,0,1,-1,0,0,0,,0,,0,,,0,0,2,0,0,,0,0,0,0,0,0,0,,3,15.789,2,0,,,0,,,0,,,0,0,,0,5,5,5,5
James Worpel,Geelong,27,27.93,Midfielder,1,9.5,78,92,0,0,0,66,10,7,17,64.706,40,100,52.941,5,40,58.824,5,2,3,5.667,8,2.125,276,16.235,160.18,436.18,353.03,43.15,35.303,-11.97,-1.71,5.537,-1.299,4.404,1.481,30.767,-14.1,37.948,-37.948,7,10,17,41.176,1,0,0,0,0,1,0,2,0,7,-10.665,2,7,8,0,19,57.576,5,26.316,4,9,8,87.5,1,0,0,0,0,3,1,2,0,0,0,,0,,0,,,11,0,0,,0,,0,0,1,1,0,1,2,0,3,15.789,1,1,2.466,-1.466,0,,,1,2.466,-1.466,0,0,,0,3,29,17,0
Zach Guthrie,Geelong,28,28.5,Gen. Defender,1,8.6,81,75,0,0,0,71,9,9,18,88.889,77.778,100,83.333,0,,50,0,4,1,18,3,6,229,12.722,319.83,548.83,188.5,96.62,20.944,12.13,1.348,0,8.184,4.894,2.919,12.723,-1.612,74.773,-8.107,5,13,18,27.778,6,2,1,1,1,5,2,0,1,8,-39.566,10,4,3,1,0,0,0,,0,0,0,,5,1,0,2,0,3,0,3,0,0,0,,0,,0,,,3,0,1,0,0,,0,0,0,0,0,1,1,,2,10.526,0,0,,,0,,,0,,,1,9.091,0,0,1,13,8,1
Gryan Miers,Geelong,27,27.75,Gen. Forward,1,3.5,75,121,0,0,0,78,16,12,28,64.286,56.25,75,64.286,3,33.333,57.143,4,5,3,9.333,6,4.667,404,14.429,443.08,847.08,314.24,170.73,19.64,58.76,4.897,1.588,-4.988,3.539,-6.94,25.049,-1.972,69.225,-7.687,5,24,29,17.241,2,3,0,0,3,3,2,0,0,12,-16.189,5,14,8,2,0,0,0,,1,1,0,,10,0,1,0,0,2,0,2,0,0,0,,0,,0,,,4,1,0,,0,,0,0,1,1,0,0,1,0,3,15.789,0,1,2.631,-1.631,1,2.631,-1.631,0,,,0,0,,0,0,21,13,0
Bailey Smith,Geelong,26,26.06,Midfielder,1,7.6,67,80,0,0,0,83,17,6,23,56.522,58.824,50,52.174,7,42.857,73.913,7,1,3,7.667,7,3.286,667,29,107.97,774.97,556.05,294.09,32.709,10.35,1.725,-1.23,6.083,3.307,2.532,26.153,2.419,44.711,5.289,5,16,21,23.81,4,5,0,1,4,4,4,0,1,13,-11.887,1,13,7,0,14,42.424,0,0,0,0,1,100,3,0,0,0,1,0,0,0,0,0,0,,0,,0,,,2,1,0,,0,,0,0,0,0,1,2,7,,3,15.789,0,0,,,0,,,0,,,0,0,,0,0,22,13,0
Mark O'Connor,Geelong,29,29.95,Gen. Defender,1,7.6,80,79,0,0,0,82,6,11,17,76.471,66.667,81.818,68.75,0,,35.294,0,2,2,8.5,2,8.5,137,8.059,259.45,396.45,113.12,115.37,18.853,12.79,1.279,3.689,1.407,6.323,-2.575,21.618,18.382,51.412,28.588,8,10,18,44.444,4,4,0,1,3,4,3,1,1,6,-16.919,3,12,1,2,14,42.424,1,7.143,1,2,3,33.333,4,0,0,0,0,2,0,2,0,0,0,,0,,0,,,6,1,2,50,0,,0,0,1,1,0,0,1,0,5,26.316,2,1,4.299,-3.299,0,,,1,4.299,-3.299,0,0,,0,2,14,13,1
Sam De Koning,Geelong,25,25.84,Key Defender,1,2.9,41,45,0,0,0,81,6,7,13,61.538,33.333,85.714,61.538,1,0,46.154,1,2,4,3.25,4,3.25,139,10.692,134.41,273.41,135.67,34.59,22.612,10.11,1.444,2.822,-0.325,4.164,-1.812,21.588,-21.588,62.176,-22.176,4,8,12,33.333,6,3,0,1,2,2,2,0,1,1,-41.062,7,3,2,0,5,15.152,1,20,1,2,2,100,5,0,0,1,0,0,1,-1,19,20.652,1,5.263,1,100,0,100,0,0,0,1,100,0,,0,0,0,0,0,0,0,,0,0,0,0,,,0,,,0,,,0,0,,0,4,5,5,3
Tanner Bruhn,Geelong,24,24.59,Midfielder,1,13.6,91,98,0,0,0,72,22,9,31,67.742,63.636,77.778,74.194,3,100,70.968,4,5,5,6.2,6,5.167,600,19.355,266,866,410.02,338.16,18.637,58.62,7.327,2.312,8.47,4.076,8.436,22.112,11.222,62.598,4.068,6,20,26,23.077,6,6,1,0,6,3,3,0,1,13,-23.318,10,8,6,2,1,3.03,1,100,1,2,1,100,5,0,0,0,0,0,2,-2,0,0,0,,0,,0,,,1,0,0,,0,,0,0,1,1,2,2,13,0,6,31.579,2,1,2.689,-1.689,0,,,1,2.689,-1.689,1,9.091,0,3,1,5,1,1
Oliver Henry,Geelong,24,24.42,Key Forward,1,6.4,42,48,0,0,0,83,6,3,9,77.778,83.333,66.667,66.667,3,33.333,66.667,5,0,2,4.5,5,1.8,238,26.444,56.32,294.32,220.21,143.93,36.702,3.52,1.173,0,2.952,1.931,3.497,25.075,-0.075,46.285,-21.285,3,8,11,27.273,0,1,0,0,1,3,1,0,1,5,22.415,0,3,4,4,0,0,0,,0,0,0,,3,0,1,0,0,2,1,1,0,0,0,,0,,0,,,1,1,0,,3,0,2,2,0,2,0,0,12,100,3,15.789,0,2,4.111,1.889,1,4.22,1.78,1,4.002,1.998,0,0,,0,0,12,2,0
Lawson Humphries,Geelong,23,23.68,Gen. Defender,1,8.7,63,63,0,0,0,81,8,8,16,68.75,62.5,75,81.25,2,100,50,2,3,2,8,3,5.333,369,23.062,184.68,553.68,249.65,282.29,31.206,64.96,8.12,0.198,5.971,1.524,2.824,16.93,20.57,54.149,8.351,1,13,14,7.143,1,1,0,0,1,0,0,0,0,10,-31.336,5,6,3,0,0,0,0,,0,0,1,100,1,0,0,0,0,0,0,0,0,0,0,,0,,0,,,5,0,2,0,0,,0,0,0,0,0,1,1,,3,15.789,0,0,,,0,,,0,,,4,36.364,50,0,3,12,11,3
Max Holmes,Geelong,24,24.33,Midfielder,1,10.2,103,108,0,0,0,75,14,15,29,62.069,50,73.333,51.724,4,25,48.276,6,4,8,3.625,10,2.9,493,17,173.29,666.29,464.11,111.15,33.151,20.91,1.394,7.337,-1.747,11.044,-4.516,19.063,-11.371,51.678,-28.602,14,16,30,46.667,4,12,0,2,10,3,2,0,1,8,-13.318,8,10,12,0,19,57.576,5,26.316,4,9,9,77.778,8,0,0,1,2,1,3,-2,1,1.087,0,0,0,,0,,,5,2,0,,0,,0,0,0,1,0,0,0,0,3,15.789,1,1,1.998,-1.998,1,1.998,-1.998,0,,,1,9.091,100,0,1,24,8,0
Shannon Neale,Geelong,24,24.43,Key Forward,1,3.8,48,40,0,0,0,90,4,1,5,40,25,100,40,0,,80,0,0,1,5,1,5,131,26.2,1.33,132.33,169.84,27.19,42.46,-8.37,-8.37,-1.53,2.579,4.872,-3.934,,,,,5,3,8,62.5,0,0,0,0,0,3,0,0,0,1,56.008,0,0,0,8,0,0,0,,1,1,1,100,2,0,2,0,1,2,0,2,16,17.391,6,37.5,1,16.667,0,50,50,1,0,0,,4,25,1,1,2,4,1,1,14,25,5,26.316,0,4,3.153,-1.153,4,3.153,-1.153,0,,,0,0,,0,5,8,1,2
Mitch Knevitt,Geelong,23,23.97,Midfielder,1,7.4,46,43,0,0,0,77,6,5,11,54.545,50,60,63.636,1,100,54.545,1,0,1,11,2,5.5,194,17.636,159.79,353.79,195.18,135.38,32.53,-6.13,-1.226,0,6.678,5.13,2.221,28.04,38.627,53.487,46.513,5,6,11,45.455,1,2,0,1,1,5,2,0,1,4,33.712,0,2,5,4,0,0,0,,0,0,0,,3,1,1,0,0,2,1,1,0,0,0,,0,,0,,,0,0,0,,0,,1,1,1,3,1,1,13,33.333,5,26.316,0,3,2.727,-0.394,2,2.777,0.223,1,2.628,-1.628,0,0,,0,0,10,3,0
Jhye Clark,Geelong,22,22.44,Midfielder,1,9.1,34,38,0,0,0,50,6,5,11,54.545,50,60,45.455,2,0,54.545,3,0,5,2.2,6,1.833,300,27.273,109.56,409.56,209.44,102.26,34.907,67.86,13.572,1.929,4.827,4.717,2.586,23.58,-23.58,53.395,-28.395,5,6,11,45.455,2,3,1,1,2,3,2,1,0,5,-8.685,1,7,2,1,6,18.182,0,0,2,2,1,100,1,1,0,0,0,0,1,-1,0,0,0,,0,,0,,,1,0,0,,1,100,1,1,0,2,0,0,6,50,1,5.263,0,2,2.442,0.558,0,,,2,2.442,0.558,0,0,,0,0,11,6,0
Oisin Mullin,Geelong,26,26.88,Gen. Defender,1,1.2,25,28,0,0,0,80,1,3,4,75,100,66.667,75,0,,25,0,0,1,4,0,,11,2.75,48.8,59.8,20.86,34.52,20.86,-2.36,-0.787,-0.475,-0.19,0.602,-0.32,30.32,69.68,70.7,29.3,1,4,5,20,0,1,0,1,0,0,0,0,0,3,-18.156,0,5,0,0,2,6.061,0,0,0,0,0,,1,0,0,0,0,0,0,0,0,0,0,,0,,0,,,4,0,0,,0,,0,0,0,0,0,0,0,,2,10.526,0,0,,,0,,,0,,,0,0,,0,1,15,9,1
Oliver Dempsey,Geelong,23,23.98,Midfielder,1,22.6,109,94,0,0,0,85,8,12,20,85,75,91.667,90,1,100,40,1,0,0,,0,,228,11.4,113.69,341.69,198.83,197.53,24.854,35.52,2.96,3.159,18.293,8.975,12.478,24.69,75.31,35.65,64.35,10,9,19,52.632,2,8,3,4,4,8,6,0,1,4,24.165,1,7,3,8,0,0,0,,2,2,1,100,4,1,2,0,2,1,0,1,0,0,0,,0,,0,,,2,1,0,,0,,4,4,1,6,0,2,27,66.667,9,47.368,2,6,3.659,0.507,3,4.62,-0.287,3,2.699,1.301,0,0,,0,0,8,5,0
Connor O'Sullivan,Geelong,21,21.61,Key Defender,1,10,75,73,0,0,0,93,14,4,18,77.778,71.429,100,72.222,1,0,77.778,1,4,5,3.6,5,3.6,292,16.222,235.29,527.29,220.03,157.71,15.716,21.91,5.477,0,7.414,6.458,1.014,17.853,5.224,72.978,-3.747,5,10,15,33.333,9,1,0,0,1,5,1,0,0,5,-41.597,8,6,1,0,0,0,0,,0,0,0,,5,1,0,1,0,2,2,0,0,0,0,,0,,0,,,3,0,6,16.667,0,,0,0,0,0,0,0,0,,3,15.789,0,0,,,0,,,0,,,0,0,,0,6,13,12,5
Tom Stewart,Geelong,33,33.79,Gen. Defender,1,11.1,104,75,0,0,0,80,16,8,24,79.167,81.25,75,66.667,1,0,66.667,1,9,1,24,6,4,596,24.833,235,831,526.39,315.46,32.899,3.79,0.474,1.141,7.994,5.223,3.309,13.267,5.483,59.051,-2.801,6,11,17,35.294,8,5,0,0,5,5,4,0,2,8,-54.767,11,6,0,0,0,0,0,,1,1,1,100,2,0,0,0,0,1,0,1,0,0,0,,0,,0,,,1,0,0,,0,,0,0,0,0,0,0,0,,2,10.526,1,0,,,0,,,0,,,4,36.364,100,1,3,8,6,3
Jack Martin,Geelong,31,31.92,Gen. Forward,1,4.1,52,40,0,0,0,67,5,8,13,69.231,60,75,69.231,2,50,38.462,2,0,2,6.5,1,13,132,10.154,98.88,230.88,178.61,49.31,35.722,-31.85,-3.981,-1.461,2.739,4.559,-2.984,26.593,-1.593,35.795,14.205,7,6,13,53.846,1,5,1,1,4,5,4,0,1,3,28.133,0,4,5,4,0,0,0,,1,1,2,50,2,0,0,0,1,2,1,1,0,0,0,,0,,0,,,1,0,0,,0,,0,0,0,0,0,0,0,,2,10.526,1,0,,,0,,,0,,,0,0,,0,1,8,2,1
Mark Blicavs,Geelong,35,35.76,Ruck,1,4.8,49,62,0,0,0,77,5,10,15,73.333,20,100,80,0,,33.333,0,1,4,3.75,1,15,-25,-1.667,227.73,202.73,-9,-32.42,-1.8,-8.24,-0.824,2.355,1.819,4.283,-1.439,23.69,9.643,64.33,2.337,6,7,13,46.154,3,4,0,1,3,2,2,0,0,3,-12.621,2,5,5,1,28,84.848,2,7.143,0,2,4,25,2,0,0,0,0,1,2,-1,56,60.87,18,32.143,2,11.111,1,44.444,44.444,2,0,1,0,0,,0,0,0,0,1,1,6,,3,15.789,2,0,,,0,,,0,,,0,0,,0,7,9,5,5
Shaun Mannagh,Geelong,29,29.4,Gen. Forward,1,10.6,56,52,0,0,0,81,8,2,10,80,75,100,60,2,100,80,2,0,2,5,2,5,272,27.2,117.8,389.8,202,163.25,25.25,7.78,3.89,1.353,7.658,4.582,4.43,29.626,10.374,51.942,8.058,3,6,9,33.333,1,1,1,0,1,2,0,0,0,4,16.436,0,4,2,3,0,0,0,,1,1,1,100,3,1,1,0,2,1,0,1,0,0,0,,0,,0,,,2,0,0,,1,0,1,1,0,2,1,2,13,50,4,21.053,1,2,3.165,-0.165,1,4.732,1.268,1,1.598,-1.598,0,0,,0,1,19,4,0
Tom Atkins,Geelong,31,31.28,Midfielder,1,14.6,98,102,0,0,0,77,13,13,26,57.692,38.462,76.923,65.385,2,50,50,3,5,2,13,5,5.2,261,10.038,309.58,570.58,270.61,106.03,20.816,12.85,0.988,7.338,5.36,11.025,0.765,25.04,8.293,58.447,-16.78,16,10,26,61.538,5,12,1,2,10,6,5,0,0,6,-6.477,5,9,9,3,24,72.727,3,12.5,3,6,9,66.667,3,0,0,0,0,4,0,4,0,0,0,,0,,0,,,6,0,0,,0,,0,0,0,0,0,1,1,,5,26.316,4,0,,,0,,,0,,,0,0,,0,3,22,16,0
Brad Close,Geelong,28,28.42,Gen. Forward,1,2.2,21,18,0,0,0,82,2,6,8,50,0,66.667,62.5,0,,25,1,0,2,4,1,8,70,8.75,60.44,130.44,30.2,51.25,15.1,28.72,4.787,0,1.964,2.556,0.015,60.91,-60.91,75.91,-75.91,4,4,8,50,0,4,3,0,4,4,4,0,3,3,41.39,0,1,2,5,0,0,0,,0,0,0,,1,0,1,0,0,0,1,-1,0,0,0,,0,,0,,,0,0,0,,1,0,0,0,0,1,0,0,0,0,2,10.526,0,1,2.103,-2.103,0,,,1,2.103,-2.103,0,0,,0,1,11,2,1
John Noble,Gold Coast,29,29.76,Gen. Defender,1,14.2,116,115,4,4,1,83,17,11,28,82.143,70.588,100,75,2,50,60.714,2,6,2,14,5,5.6,570,20.357,406.32,976.32,502.37,366.19,29.551,19.37,1.761,1.076,11.276,1.695,9.39,18.279,-11.613,55.134,4.866,2,23,25,8,3,2,0,0,2,1,1,0,0,16,-23.869,10,8,4,3,0,0,0,,0,0,1,0,6,0,0,0,0,0,0,0,0,0,0,,0,,0,,,3,0,0,,0,,2,2,0,2,0,0,12,100,4,13.333,1,2,3.339,2.661,0,,,2,3.339,2.661,2,22.222,100,1,2,7,4,1
Daniel Rioli,Gold Coast,29,29.7,Gen. Defender,1,7.6,96,90,0,0,0,84,15,9,24,75,73.333,77.778,66.667,2,0,62.5,5,3,3,8,5,4.8,475,19.792,368.41,843.41,313.87,197.51,20.925,75.87,8.43,3.274,6.15,6.549,2.64,17.511,-17.511,70.38,-6.094,6,18,24,25,5,2,0,0,2,3,1,0,1,13,-14.525,6,10,7,1,0,0,0,,3,3,0,,4,0,0,1,0,2,0,2,0,0,0,,0,,0,,,3,0,0,,0,,0,0,1,1,1,1,7,0,3,10,1,1,3.283,-2.283,0,,,1,3.283,-2.283,2,22.222,100,5,5,14,10,2
Joel Jeffrey,Gold Coast,24,24.8,Gen. Defender,1,9.2,88,80,0,0,0,80,16,6,22,86.364,87.5,83.333,66.667,4,50,72.727,4,6,2,11,4,5.5,537,24.409,314.23,851.23,470.96,264.59,31.397,30.43,5.072,0,8.282,2.944,5.762,18.166,-3.88,57.269,-7.269,4,15,19,21.053,6,4,0,0,4,4,4,0,1,9,-30.094,9,6,3,1,0,0,0,,0,0,0,,5,0,0,0,0,0,1,-1,0,0,0,,0,,0,,,2,0,0,,0,,0,0,0,0,1,1,6,,2,6.667,1,0,,,0,,,0,,,1,11.111,100,0,2,9,8,2
Ben King,Gold Coast,26,26.48,Key Forward,1,7.2,46,39,0,0,0,96,4,1,5,100,100,100,100,0,,80,0,0,3,1.667,2,2.5,84,16.8,-7.4,76.6,109.35,73.95,27.337,-6.7,-6.7,0,5.543,2.486,6.674,,,,,3,3,6,50,0,2,2,1,1,3,2,0,1,1,71.697,0,0,0,6,0,0,0,,0,0,0,,2,0,2,0,0,1,2,-1,0,0,0,,0,,0,,,0,0,0,,3,66.667,4,4,0,4,0,0,24,100,4,13.333,0,4,4.319,1.681,3,4.599,1.401,1,3.481,2.519,0,0,,0,0,11,0,0
Wil Powell,Gold Coast,27,27.34,Gen. Defender,1,14.4,87,69,1,1,1,79,10,9,19,84.211,80,88.889,73.684,3,33.333,52.632,3,1,3,6.333,3,6.333,365,19.211,309.97,674.97,317.75,178.89,31.775,8.08,0.898,2.311,4.741,4.267,4.431,27.929,-5.707,52.021,3.534,5,14,19,26.316,2,4,0,2,2,2,2,0,0,10,-13.588,3,12,3,1,25,75.758,1,4,1,2,2,100,2,0,0,0,0,1,2,-1,0,0,0,,0,,0,,,5,0,0,,0,,0,0,0,0,1,1,6,,3,10,2,0,,,0,,,0,,,1,11.111,100,1,1,20,11,0
Noah Anderson,Gold Coast,25,25.86,Midfielder,1,12.1,100,100,0,0,0,84,17,7,24,62.5,52.941,85.714,54.167,7,42.857,70.833,10,2,3,8,5,4.8,562,23.417,237.24,799.24,496.53,248.28,29.208,56,8,5.51,3.061,7.773,2.894,31.485,-14.818,52.373,-2.373,12,14,26,46.154,5,7,1,2,5,6,4,2,0,9,17.03,2,5,14,5,24,72.727,4,16.667,2,6,4,100,5,0,1,0,0,1,1,0,0,0,0,,0,,0,,,3,0,0,,0,,1,1,4,5,1,1,16,20,12,40,4,5,2.572,-0.572,3,2.756,-0.089,2,2.295,-1.295,0,0,,1,3,18,7,0
Sam Clohesy,Gold Coast,24,24.05,Midfielder,1,9.1,74,64,0,0,0,79,10,9,19,84.211,80,88.889,68.421,4,25,52.632,4,1,2,9.5,3,6.333,410,21.579,263.52,673.52,357.46,137.06,35.746,17.01,1.89,-1.011,8.997,4.265,4.621,21.982,-1.982,39.928,10.072,5,14,19,26.316,5,5,0,0,5,5,5,0,2,9,-11.323,2,10,7,0,0,0,0,,0,0,0,,5,0,0,0,1,0,1,-1,0,0,0,,0,,0,,,1,0,0,,0,,0,0,0,0,0,0,0,,2,6.667,1,0,,,0,,,0,,,0,0,,0,1,12,5,1
Alex Davies,Gold Coast,24,24.78,Midfielder,1,9.4,60,60,0,0,0,59,5,12,17,52.941,20,66.667,76.471,3,33.333,29.412,3,2,6,2.833,1,17,157,9.235,21.05,178.05,136.51,79.58,27.302,0.28,0.023,1.307,3.133,7.572,-0.607,28.887,-3.887,43.15,31.85,14,6,20,70,3,7,2,2,5,5,3,5,1,6,2.464,2,7,8,3,20,60.606,1,5,3,4,8,50,0,0,0,0,0,1,4,-3,0,0,0,,0,,0,,,8,0,0,,0,,0,0,0,0,0,0,0,,3,10,1,0,,,0,,,0,,,0,0,,0,1,24,10,0
Oscar Adams,Gold Coast,23,23.44,Key Defender,1,9.2,53,44,0,0,0,71,3,9,12,91.667,100,88.889,83.333,1,0,25,1,1,0,,1,12,98,8.167,141.22,239.22,81.87,51.04,27.29,19.26,2.14,0,7.339,5.308,1.659,17.373,-17.373,62.843,3.823,7,6,13,53.846,6,4,0,3,1,7,4,0,0,5,-25.974,5,4,4,0,0,0,0,,0,0,0,,1,0,0,0,0,2,0,2,0,0,0,,0,,0,,,3,0,1,0,0,,0,0,0,0,0,0,0,,1,3.333,0,0,,,0,,,0,,,0,0,,0,2,8,6,1
Mac Andrew,Gold Coast,23,23.07,Key Defender,1,14,73,78,0,0,0,84,9,17,26,88.462,77.778,94.118,88.462,0,,34.615,3,5,4,6.5,3,8.667,289,11.115,366.93,655.93,190.88,183.46,21.209,59.76,3.515,0.644,8.971,6.837,4.712,16.741,-16.741,70.752,16.748,8,18,26,30.769,7,7,0,0,7,6,5,0,1,11,-29.553,10,11,5,0,0,0,0,,2,2,1,100,5,0,0,0,0,1,1,0,0,0,0,,0,,0,,,1,0,1,0,0,,0,0,0,1,0,0,0,0,3,10,1,1,1.348,-1.348,0,,,1,1.348,-1.348,0,0,,0,2,9,6,2
Bodhi Uwland,Gold Coast,23,23.43,Gen. Defender,1,8.9,71,57,0,0,0,89,10,9,19,94.737,90,100,89.474,1,100,52.632,1,6,5,3.8,2,9.5,352,18.526,292.83,644.83,312.96,241.76,31.296,14.31,1.59,0.042,6.047,2.628,4.958,14.059,5.941,54.676,15.324,3,12,15,20,6,3,0,1,2,3,3,0,1,6,-43.582,8,4,3,0,0,0,0,,1,1,0,,3,0,0,0,0,1,3,-2,0,0,0,,0,,0,,,2,0,2,0,0,,0,0,0,0,1,1,6,,2,6.667,2,0,,,0,,,0,,,3,33.333,100,0,5,9,8,5
Bailey Humphrey,Gold Coast,22,22.3,Mid-Forward,1,16.7,116,86,8,8,1,77,11,4,15,53.333,45.455,75,60,2,0,73.333,2,1,5,3,6,2.5,335,22.333,60.52,395.52,388.18,160.85,35.289,2.32,0.58,0.167,13.943,7.89,7.483,40.972,-20.972,41.102,-21.102,6,9,15,40,4,5,3,1,4,6,5,0,2,4,48.783,1,0,3,11,3,9.091,0,0,1,1,0,,4,0,3,0,4,1,2,-1,0,0,0,,0,,0,,,3,2,0,,1,0,4,4,2,6,1,2,33,66.667,9,30,3,6,2.324,2.009,4,2.623,2.127,2,1.725,1.775,0,0,,0,1,10,3,1
Will Graham,Gold Coast,21,21.43,Gen. Forward,1,0.2,46,42,0,0,0,62,5,3,8,75,60,100,62.5,2,50,62.5,2,0,4,2,2,4,202,25.25,152.71,354.71,181.54,93.27,36.308,6.71,2.237,1.64,-1.219,2.022,-0.146,42.565,57.435,51.555,48.445,4,4,8,50,1,3,0,2,1,1,1,1,0,0,23.422,0,1,3,4,5,15.152,1,20,1,2,3,66.667,4,0,4,0,0,1,3,-2,0,0,0,,0,,0,,,4,0,0,,0,,0,0,1,2,2,3,14,0,6,20,2,2,3.408,-2.908,2,3.408,-2.908,0,,,0,0,,1,0,15,3,0
Ethan Read,Gold Coast,21,21.48,Key Forward,1,-5.8,43,62,0,0,0,78,8,6,14,42.857,25,66.667,57.143,1,0,57.143,1,0,6,2.333,6,2.333,102,7.286,147.27,249.27,103.01,32.56,12.876,14.05,2.342,0.156,-7.994,2.993,-8.829,26.272,-6.272,63.912,-3.912,3,9,12,25,1,1,0,0,1,2,1,0,1,7,10.217,1,4,4,3,5,15.152,0,0,0,0,2,50,3,1,1,0,1,0,2,-2,21,22.581,6,28.571,1,16.667,1,33.333,16.667,4,4,0,,3,0,0,0,1,2,2,2,13,0,5,16.667,0,2,3.151,-2.651,1,3.133,-3.133,1,3.17,-2.17,0,0,,0,1,11,1,1
Zeke Uwland,Gold Coast,19,19.68,Midfielder,1,1.2,37,42,0,0,0,62,10,6,16,62.5,40,100,62.5,5,20,62.5,5,0,7,2.286,6,2.667,339,21.188,266.27,605.27,285.52,145.54,28.552,23.5,3.917,0,-0.324,3.769,-0.748,25.531,-5.531,49.535,-9.535,4,12,16,25,5,3,0,1,2,4,3,0,1,7,-10.394,2,7,7,0,0,0,0,,0,0,0,,1,0,0,0,0,2,3,-1,0,0,0,,0,,0,,,1,0,1,100,0,,0,0,0,0,0,1,1,,4,13.333,2,0,,,0,,,0,,,0,0,,1,0,7,4,0
Leonardo Lombard,Gold Coast,20,20.23,Gen. Forward,1,10.6,69,75,0,0,0,80,9,6,15,73.333,55.556,100,66.667,4,50,60,5,0,4,3.75,3,5,369,24.6,165.72,534.72,293.05,163.07,32.561,12.94,2.157,0,8.613,2.102,6.814,35.536,4.464,54.76,-14.76,4,11,15,26.667,3,4,2,0,4,4,4,0,1,5,23.601,0,2,9,4,0,0,0,,0,0,0,,4,0,2,0,0,0,2,-2,0,0,0,,0,,0,,,4,3,0,,2,0,2,2,2,4,1,1,20,50,7,23.333,0,4,2.502,0.998,2,3.472,2.528,2,1.533,-0.533,0,0,,2,2,18,4,2
Jarrod Witts,Gold Coast,34,34.29,Ruck,1,8.3,71,79,0,0,0,79,3,5,8,50,66.667,40,50,1,0,37.5,2,1,1,8,0,,66,8.25,93.31,159.31,69.52,28.82,23.173,2.8,0.56,3.013,4.656,4.721,-0.794,22.217,11.117,52.127,14.54,6,2,8,75,1,3,0,1,2,2,1,0,1,2,-8.774,2,2,4,0,28,84.848,0,0,1,1,4,50,1,1,0,1,0,1,0,1,71,76.344,52,73.239,11,21.154,1,36.538,32.692,1,0,0,,1,0,0,0,0,0,0,0,0,,5,16.667,3,0,,,0,,,0,,,0,0,,0,4,7,2,3
Sam Collins,Gold Coast,32,32.54,Key Defender,1,11.1,89,64,3,3,1,88,5,12,17,70.588,60,75,70.588,0,,29.412,0,1,2,8.5,2,8.5,137,8.059,170.68,307.68,99.99,63.93,19.998,27.14,2.262,-0.225,7.876,7.515,-3.73,16.148,8.852,97.078,-22.078,7,10,17,41.176,9,4,0,0,4,6,4,1,2,4,-50.931,11,4,2,0,0,0,0,,0,0,1,100,8,2,0,5,0,0,1,-1,1,1.075,0,0,0,,0,,,1,0,5,20,0,,0,0,0,0,0,0,0,,1,3.333,1,0,,,0,,,0,,,0,0,,0,10,5,5,9
Christian Petracca,Gold Coast,30,30.98,Mid-Forward,1,36.9,170,121,10,10,1,77,15,19,34,82.353,86.667,78.947,73.529,7,71.429,44.118,10,0,3,11.333,2,17,678,19.941,507.24,1185.24,506.7,484.79,33.78,70.73,3.723,6.828,26.231,9.369,24.429,35.068,1.295,44.31,19.326,15,18,33,45.455,3,12,2,6,6,7,6,2,1,13,12.013,0,13,15,5,19,57.576,2,10.526,4,6,6,83.333,5,1,0,0,2,0,1,-1,0,0,0,,0,,0,,,2,0,0,,1,100,3,3,0,3,1,4,27,100,12,40,2,3,3.258,2.742,0,,,3,3.258,2.742,0,0,,1,1,16,2,0
Touk Miller,Gold Coast,30,30.85,Midfielder,1,20.1,120,109,4,4,1,77,10,20,30,80,70,85,76.667,3,33.333,33.333,3,2,2,15,5,6,356,11.867,352.41,708.41,312.9,228.64,31.29,48.32,2.416,4.053,12.535,9.31,7.181,24.704,-12.204,51.172,-1.172,11,18,29,37.931,5,11,2,2,9,6,6,0,0,14,-0.989,4,13,9,3,3,9.091,1,33.333,3,4,5,60,3,0,0,1,0,0,0,0,0,0,0,,0,,0,,,6,0,0,,0,,1,1,0,1,0,1,7,100,4,13.333,1,1,2.217,3.783,0,,,1,2.217,3.783,0,0,,0,0,16,7,0
Lachie Weller,Gold Coast,30,30.85,Midfielder,1,9.9,73,71,0,0,0,81,10,11,21,80.952,80,81.818,57.143,4,50,47.619,4,2,2,10.5,5,4.2,563,26.81,298.07,861.07,476.06,173.04,47.606,48.75,4.432,2.488,6.35,3.978,4.733,19.102,-19.102,39.014,-39.014,6,15,21,28.571,5,5,0,2,3,4,3,0,2,11,-10.938,5,5,11,0,0,0,0,,2,2,1,100,2,0,0,1,0,1,0,1,0,0,0,,0,,0,,,3,0,0,,0,,0,0,0,0,0,1,1,,4,13.333,1,0,,,0,,,0,,,0,0,,0,2,11,4,1
Ben Long,Gold Coast,29,29.36,Gen. Forward,1,11.1,74,70,0,0,0,83,7,7,14,64.286,42.857,85.714,71.429,1,100,50,1,0,5,2.8,3,4.667,111,7.929,199.7,310.7,90.67,124.61,12.953,10.07,1.439,-0.3,9.634,3.713,6.528,30.107,-5.107,50.398,-25.398,7,7,14,50,3,6,3,4,2,6,5,0,1,3,30.854,0,2,6,6,0,0,0,,0,0,0,,1,0,0,0,0,0,0,0,0,0,0,,0,,0,,,5,4,0,,1,0,2,2,0,2,1,1,18,100,5,16.667,1,2,3.336,2.664,0,,,2,3.336,2.664,0,0,,0,3,14,2,1
Jy Farrar,Gold Coast,30,30.06,Gen. Forward,1,3.2,29,28,0,0,0,66,1,4,5,80,100,75,80,0,,20,0,0,1,5,1,5,-38,-7.6,44.62,6.62,-9.56,-36.56,-9.56,-16.95,-4.237,0,1.046,2.548,-1.958,78.28,21.72,91.71,8.29,3,2,5,60,0,2,1,0,2,3,2,0,1,2,46.386,0,1,1,3,0,0,0,,0,0,0,,0,0,0,0,0,1,0,1,0,0,0,,0,,0,,,4,1,0,,3,0,0,0,0,0,1,1,6,,1,3.333,0,0,,,0,,,0,,,0,0,,0,2,14,3,1
Xavier O'Halloran,Greater Western Sydney,26,26.47,Midfielder,1,5,30,36,0,0,0,64,5,4,9,66.667,60,75,77.778,1,100,55.556,1,1,4,2.25,1,9,153,17,134.52,287.52,132.93,109.88,26.586,19.05,4.763,-0.359,4.574,3.445,1.017,21.468,28.532,61.972,13.028,4,4,8,50,2,4,0,1,3,4,4,0,2,0,-20.931,2,4,2,0,0,0,0,,0,0,0,,4,0,0,0,1,0,1,-1,0,0,0,,0,,0,,,1,0,0,,0,,0,0,0,0,0,0,0,,2,7.407,1,0,,,0,,,0,,,0,0,,0,1,11,5,0
Connor Idun,Greater Western Sydney,26,26.42,Gen. Defender,1,8.2,71,61,0,0,0,100,10,3,13,92.308,100,66.667,76.923,0,,76.923,0,3,2,6.5,2,6.5,163,12.538,55.92,218.92,160.17,77.49,16.017,12.42,4.14,0.297,7.685,3.388,0.461,14.154,-4.154,81.108,-1.108,4,6,10,40,6,2,0,1,1,3,2,0,1,1,-62.84,8,2,0,0,0,0,0,,1,1,0,,5,0,0,0,0,2,0,2,0,0,0,,0,,0,,,2,0,3,0,0,,0,0,0,0,0,0,0,,2,7.407,0,0,,,0,,,0,,,0,0,,1,6,4,4,6
Jake Riccardi,Greater Western Sydney,27,27.14,Key Forward,1,11.4,111,95,0,0,0,75,12,5,17,70.588,75,60,76.471,5,80,70.588,8,0,6,2.833,5,3.4,429,25.235,166.93,595.93,359.36,302.5,29.947,18.14,3.628,-1.002,10.832,4.046,9.041,34.241,8.616,53.791,17.637,4,12,16,25,2,3,1,0,3,3,3,0,1,5,22.113,0,3,9,4,9,25,0,0,0,0,1,100,7,0,1,0,2,1,5,-4,28,30.435,7,25,2,28.571,1,28.571,42.857,4,1,0,,2,0,3,3,1,4,2,2,31,75,7,25.926,2,4,2.945,1.805,2,3.497,0.003,2,2.392,3.608,0,0,,0,0,8,4,0
Kieren Briggs,Greater Western Sydney,27,27.23,Ruck,1,15,78,67,0,0,0,70,6,3,9,66.667,50,100,88.889,3,66.667,66.667,4,1,3,3,2,4.5,237,26.333,45.46,282.46,216.43,166.09,36.072,-8.28,-2.76,9.125,3.122,7.047,4.545,20.28,13.053,37.365,12.635,9,0,9,100,2,6,0,1,5,2,2,0,0,0,-4.996,1,3,5,0,27,75,4,14.815,3,7,7,100,0,0,0,0,0,1,2,-1,63,68.478,28,44.444,7,25,2,53.571,50,5,1,0,,0,,0,0,0,0,0,0,0,,2,7.407,2,0,,,0,,,0,,,0,0,,0,1,14,7,0
Lachie Ash,Greater Western Sydney,25,25.52,Gen. Defender,1,10,69,84,0,0,0,85,15,5,20,75,73.333,80,75,2,0,75,2,8,4,5,5,4,406,20.3,174.77,580.77,397.24,250.31,26.483,15.47,3.094,0,5.06,1.616,1.912,15.912,4.088,61.715,11.618,3,13,16,18.75,2,2,1,1,1,3,2,0,0,5,-32.396,6,8,1,1,0,0,0,,0,0,0,,8,0,0,0,0,1,0,1,0,0,0,,0,,0,,,1,0,2,0,0,,0,0,0,0,0,0,0,,2,7.407,1,0,,,0,,,0,,,3,27.273,100,2,4,11,6,4
Jack Buckley,Greater Western Sydney,29,29.03,Key Defender,1,6.1,66,60,0,0,0,78,10,2,12,83.333,80,100,58.333,0,,83.333,0,3,2,6,3,4,203,16.917,78.46,281.46,229.88,85.6,22.988,9.12,4.56,0,3.874,3.09,-2.383,14.848,-14.848,67.382,-11.827,1,11,12,8.333,4,0,0,0,0,1,0,0,0,3,-40.719,7,5,0,0,0,0,0,,0,0,0,,6,1,0,3,0,0,0,0,0,0,0,,0,,0,,,2,0,5,0,0,,0,0,0,0,0,0,0,,0,0,0,0,,,0,,,0,,,0,0,,0,6,8,5,6
Callum Brown,Greater Western Sydney,26,26.37,Gen. Forward,1,6.7,35,37,0,0,0,69,3,7,10,60,66.667,57.143,60,0,,30,1,1,4,2.5,5,2,163,16.3,104.51,267.51,94.63,47.24,31.543,51.71,7.387,0,5.857,3.047,2.493,12.52,-12.52,67.68,-17.68,4,6,10,40,1,3,1,1,2,4,3,0,2,4,-5.921,2,3,3,2,0,0,0,,0,0,0,,1,0,0,0,0,1,0,1,0,0,0,,0,,0,,,1,1,0,,4,25,1,1,0,1,0,0,6,100,1,3.704,0,1,2.229,3.771,1,2.229,3.771,0,,,0,0,,0,1,11,4,1
Ryan Angwin,Greater Western Sydney,24,24.05,Midfielder,1,7.8,56,52,0,0,0,83,5,7,12,83.333,100,71.429,58.333,1,0,41.667,1,2,2,6,2,6,248,20.667,119.49,367.49,195.47,117.06,39.094,38.58,5.511,1.463,3.513,2.256,2.646,26.1,7.233,44.793,21.873,3,9,12,25,2,3,0,2,1,2,2,0,1,6,-10.875,2,6,4,0,0,0,1,,0,1,0,,1,0,0,0,0,0,0,0,0,0,0,,0,,0,,,5,1,0,,1,0,0,0,0,0,0,0,0,,2,7.407,1,0,,,0,,,0,,,0,0,,1,1,20,12,1
Harry Rowston,Greater Western Sydney,22,22.38,Midfielder,1,6.6,60,63,0,0,0,61,12,3,15,60,50,100,66.667,3,33.333,80,3,1,3,5,4,3.75,313,20.867,156.14,469.14,336.24,174.73,28.02,-5.9,-1.967,1.428,4.3,2.411,4.11,21.48,-8.98,57.835,-7.835,4,10,14,28.571,2,2,1,0,2,1,0,1,0,4,-4.072,2,5,5,2,20,55.556,1,5,2,3,3,100,6,0,0,0,1,0,1,-1,0,0,0,,0,,0,,,0,0,0,,0,,1,1,0,1,0,0,6,100,4,14.815,1,1,2.785,3.215,0,,,1,2.785,3.215,0,0,,0,1,11,10,0
Finn Callaghan,Greater Western Sydney,23,23.68,Midfielder,1,14.1,89,86,6,6,1,76,15,11,26,73.077,60,90.909,76.923,9,44.444,57.692,9,4,3,8.667,6,4.333,735,28.269,245.12,980.12,541.83,450.64,36.122,67.5,6.136,2.921,7.627,4.476,6.072,24.491,-10.206,43.003,-21.574,7,20,27,25.926,1,6,0,1,5,2,2,0,0,19,-23.937,7,17,3,0,30,83.333,2,6.667,4,6,6,100,1,0,0,0,0,0,0,0,0,0,0,,0,,0,,,4,0,0,,0,,0,0,0,0,0,0,0,,6,22.222,0,0,,,0,,,0,,,0,0,,3,1,20,19,0
Max Gruzewski,Greater Western Sydney,22,22.44,Key Forward,1,9.2,54,33,0,0,0,69,3,3,6,83.333,100,66.667,83.333,1,100,50,1,0,2,3,1,6,127,21.167,127.94,254.94,123.65,133.33,41.217,2.91,0.97,-0.764,9.723,2.56,6.296,26.75,73.25,36.16,63.84,3,3,6,50,0,2,1,1,1,3,2,0,1,0,33.317,0,1,2,3,0,0,0,,0,0,0,,3,1,2,0,0,0,1,-1,0,0,0,,0,,0,,,0,0,0,,2,100,2,2,0,2,0,2,14,100,4,14.815,0,2,3.584,2.416,2,3.584,2.416,0,,,0,0,,0,2,2,0,2
Harvey Thomas,Greater Western Sydney,21,21.39,Gen. Forward,1,12.6,84,68,0,0,0,78,11,9,20,80,72.727,88.889,65,3,33.333,55,3,1,1,20,2,10,386,19.3,65.43,451.43,367.25,141.85,33.386,8.84,0.982,0.93,10.054,7.166,3.268,25.433,-15.433,48.358,-8.358,7,15,22,31.818,3,5,0,1,4,4,3,1,1,8,-18.792,5,10,6,1,0,0,1,,1,2,2,100,4,0,1,0,1,1,0,1,0,0,0,,0,,0,,,1,0,0,,0,,0,0,0,0,1,1,6,,4,14.815,2,0,,,0,,,0,,,0,0,,0,2,11,7,0
Josaia Delana,Greater Western Sydney,20,20.5,Gen. Forward,1,6.5,43,13,0,0,0,63,3,3,6,100,100,100,100,2,100,50,2,0,2,3,1,6,93,15.5,151.88,244.88,77.51,90.68,25.837,2.27,0.757,0,5.208,3.221,2.531,23.793,76.207,38.147,61.853,5,2,7,71.429,1,5,2,0,5,5,5,0,3,2,31.106,0,0,4,3,0,0,0,,0,0,0,,0,0,0,0,0,0,2,-2,0,0,0,,0,,0,,,1,1,0,,1,0,0,0,0,0,1,3,8,,5,18.519,1,0,,,0,,,0,,,0,0,,0,1,12,2,1
Phoenix Gothard,Greater Western Sydney,21,21.31,Gen. Forward,1,10.1,47,46,0,0,0,75,7,3,10,80,71.429,100,60,3,0,70,3,0,3,3.333,4,2.5,237,23.7,111.3,348.3,205.62,59.61,29.374,2.51,0.837,2.762,6.128,2.924,5.963,29.027,4.307,37.853,-4.52,4,6,10,40,1,4,1,0,4,2,2,0,2,3,15.307,1,2,4,3,0,0,0,,2,2,1,100,1,0,0,0,1,0,1,-1,0,0,0,,0,,0,,,3,1,1,100,0,,1,1,1,2,0,0,7,50,3,11.111,1,2,4.147,-0.647,0,,,2,4.147,-0.647,0,0,,0,1,15,3,1
Joe Fonti,Greater Western Sydney,22,22.01,Gen. Defender,1,15.9,119,90,2,2,1,89,14,8,22,77.273,71.429,87.5,77.273,2,50,63.636,2,4,1,22,4,5.5,304,13.818,347.26,651.26,255.45,75.6,18.246,8.09,1.011,2.822,10.733,9.058,3.408,19.062,16.652,70.8,0.629,10,13,23,43.478,11,8,0,3,5,7,5,0,2,5,-38.472,12,7,4,0,0,0,1,,2,3,2,100,9,1,0,4,1,1,0,1,0,0,0,,0,,0,,,1,0,2,50,0,,0,0,0,0,1,1,6,,4,14.815,1,0,,,0,,,0,,,0,0,,0,4,13,11,3
Stephen Coniglio,Greater Western Sydney,33,33.04,Midfielder,1,12.3,122,94,5,5,1,80,13,9,22,63.636,61.538,66.667,71.429,3,100,59.091,3,0,3,7.333,4,5.5,282,12.818,341.84,623.84,328.31,229.01,27.359,-18.53,-2.059,1.543,7.779,8.244,1.339,29.431,26.124,57.578,-2.022,10,12,22,45.455,0,7,4,0,7,4,4,1,3,4,28.031,0,5,8,9,4,11.111,1,25,2,3,6,66.667,6,0,2,0,2,1,1,0,0,0,0,,0,,0,,,2,1,0,,1,0,2,2,1,3,3,4,32,66.667,9,33.333,3,3,3.097,1.237,2,3.077,2.923,1,3.135,-2.135,0,0,,1,1,14,3,0
Jake Stringer,Greater Western Sydney,32,32.68,Gen. Forward,1,23.6,131,97,10,10,1,86,13,1,14,57.143,53.846,100,64.286,1,100,92.857,1,0,1,14,1,14,362,25.857,79.62,441.62,413.4,216.25,31.8,1.84,1.84,6.511,15.842,8.047,13.51,26.313,40.353,65.03,34.97,8,6,14,57.143,1,5,4,1,4,6,3,0,0,2,40.615,0,3,0,11,0,0,0,,2,2,1,0,5,1,5,0,3,2,1,1,0,0,0,,0,,0,,,2,0,0,,3,33.333,5,5,4,10,1,1,40,50,11,40.741,1,10,2.671,0.729,6,3.004,0.496,4,2.172,1.078,0,0,,0,3,8,2,3
Lachie Whitfield,Greater Western Sydney,32,32.45,Gen. Defender,1,6.6,103,87,0,0,0,86,17,10,27,81.481,82.353,80,74.074,1,0,62.963,1,7,2,13.5,7,3.857,377,13.963,542.19,919.19,415.76,178.42,24.456,-19.64,-1.964,0,1.841,2.078,0.428,16.957,-5.192,71.969,-1.381,2,17,19,10.526,4,1,0,0,1,2,1,0,1,10,-34.099,8,10,1,0,0,0,0,,0,0,0,,5,0,0,0,1,0,1,-1,0,0,0,,0,,0,,,1,0,0,,0,,0,0,0,0,0,0,0,,5,18.519,0,0,,,0,,,0,,,8,72.727,87.5,0,2,17,12,0
Toby Greene,Greater Western Sydney,33,33.26,Gen. Forward,1,11.7,89,77,0,0,0,78,16,4,20,50,50,50,45,8,25,80,8,1,4,5,3,6.667,504,25.2,194.28,698.28,440.82,179.4,27.551,23.61,5.902,2.996,9.009,8.439,3.663,27.691,8.024,42.785,-7.071,12,9,21,57.143,3,6,2,0,6,5,4,4,2,5,-3.472,3,6,10,2,24,66.667,3,12.5,0,3,6,50,1,0,0,0,1,1,1,0,0,0,0,,0,,0,,,5,0,0,,0,,0,0,0,1,3,3,18,0,6,22.222,3,1,2.7,-2.7,0,,,1,2.7,-2.7,0,0,,0,5,12,8,2
Jesse Hogan,Greater Western Sydney,31,31.88,Key Forward,1,11.4,75,52,0,0,0,86,7,1,8,87.5,85.714,100,75,2,50,87.5,2,0,2,4,2,4,229,28.625,-8.16,220.84,230,121.14,32.857,8.62,8.62,0,10.017,4.735,7.356,32.4,0.933,39.713,-6.38,4,3,7,57.143,2,1,1,0,1,4,1,0,0,1,47.294,0,1,2,4,0,0,0,,0,0,0,,3,1,2,0,0,1,1,0,1,1.087,0,0,0,,0,,,1,1,0,,3,33.333,3,3,0,3,0,1,19,100,6,22.222,1,3,4.706,1.294,2,4.121,1.879,1,5.875,0.125,0,0,,0,1,9,1,0
Jayden Laverde,Greater Western Sydney,30,30.72,Key Defender,1,7.4,75,64,0,0,0,83,10,4,14,92.857,90,100,78.571,2,0,71.429,2,2,1,14,1,14,329,23.5,126,455,307.12,172,30.712,1.96,0.49,0,6.366,3.614,1.309,15.43,4.57,48.931,-8.931,3,9,12,25,6,2,0,0,2,3,2,0,0,3,-34.702,5,6,1,0,0,0,0,,0,0,0,,7,1,0,2,0,0,1,-1,0,0,0,,0,,0,,,2,0,3,66.667,0,,0,0,0,0,0,0,0,,4,14.815,2,0,,,0,,,0,,,0,0,,0,5,8,4,5
Harry Himmelberg,Greater Western Sydney,30,30.64,Gen. Defender,1,7.4,70,66,0,0,0,78,8,11,19,84.211,87.5,81.818,78.947,2,50,42.105,2,3,3,6.333,4,4.75,312,16.421,333.7,645.7,252.94,208.16,31.618,21.64,1.967,1.159,4.501,3.952,2.371,20.736,4.264,51.695,23.305,4,15,19,21.053,4,4,0,1,3,3,3,0,1,7,-28.982,5,10,4,0,0,0,0,,1,1,0,,5,0,0,0,1,0,1,-1,0,0,0,,0,,0,,,2,0,1,100,0,,0,0,0,0,0,0,0,,1,3.704,0,0,,,0,,,0,,,0,0,,1,1,5,3,1
Clayton Oliver,Greater Western Sydney,29,29.44,Midfielder,1,21.6,121,89,7,7,1,85,9,17,26,76.923,77.778,76.471,73.077,4,50,34.615,4,2,3,8.667,5,5.2,274,10.538,377.9,651.9,257.07,111.97,28.563,-3.86,-0.227,11.605,6.282,10.509,7.839,27.406,15.451,47.591,-19.02,19,8,27,70.37,4,16,2,6,10,7,6,1,2,4,-7.561,6,13,6,2,30,83.333,5,16.667,5,10,9,77.778,3,1,0,1,1,0,1,-1,0,0,0,,0,,0,,,4,0,0,,0,,1,1,0,2,0,0,6,50,7,25.926,4,2,1.683,1.317,0,,,2,1.683,1.317,0,0,,0,2,23,10,0
Mitch Lewis,Hawthorn,28,28.21,Key Forward,1,4.2,59,67,0,0,0,62,7,3,10,70,57.143,100,60,1,0,70,3,0,2,5,2,5,141,14.1,125.96,266.96,183.69,-2.56,26.241,-7.79,-2.597,-0.262,3.003,8.272,-5.801,30.35,-30.35,75.07,-8.403,7,5,12,58.333,1,1,0,0,1,5,0,0,0,1,26.395,0,4,5,3,0,0,0,,2,2,1,100,6,2,1,0,2,3,0,3,1,1.099,0,0,0,,0,,,3,1,0,,4,75,1,1,1,4,0,0,7,25,3,12,2,4,2.828,-1.078,4,2.828,-1.078,0,,,0,0,,0,3,9,2,2
Harry Morrison,Hawthorn,28,28.13,Midfielder,1,4.4,39,69,0,0,0,87,12,5,17,64.706,58.333,80,64.706,4,50,70.588,4,1,4,4.25,6,2.833,384,22.588,259.92,643.92,342.83,177.88,28.569,26.46,5.292,0,2.153,1.799,1.874,28.766,4.567,57.233,-7.233,0,15,15,0,4,0,0,0,0,0,0,0,0,9,-3.221,0,6,9,0,0,0,0,,0,0,0,,6,0,0,2,0,0,1,-1,0,0,0,,0,,0,,,2,0,1,0,0,,0,0,0,0,0,1,1,,4,16,1,0,,,0,,,0,,,0,0,,0,1,19,8,1
Lloyd Meek,Hawthorn,28,28.69,Ruck,1,8.4,71,70,0,0,0,73,3,3,6,83.333,100,66.667,83.333,0,,50,2,0,2,3,1,6,26,4.333,63.02,89.02,38.61,10.64,12.87,-2.83,-0.943,0.754,7.309,5.441,0.318,16,-16,72.555,27.445,5,2,7,71.429,0,1,0,0,1,3,1,0,0,2,-5.864,1,4,1,1,27,75,0,0,2,2,1,100,2,2,1,0,0,1,1,0,67,73.626,33,49.254,8,24.242,1,33.333,36.364,3,0,0,,0,,1,1,0,1,0,0,6,100,2,8,1,1,4.571,1.429,1,4.571,1.429,0,,,0,0,,0,1,12,5,1
Massimo D'Ambrosio,Hawthorn,23,23.57,Midfielder,1,9.1,51,47,0,0,0,73,10,7,17,82.353,70,100,58.824,0,,58.824,0,1,4,4.25,3,5.667,359,21.118,76.34,435.34,344.5,86.55,34.45,-2.83,-0.404,1.625,7.09,4.154,4.482,25.374,12.126,43.026,-5.526,7,7,14,50,6,7,1,2,5,5,5,0,1,4,-8.254,2,5,5,2,0,0,0,,2,2,2,100,1,0,0,0,0,0,0,0,0,0,0,,0,,0,,,0,0,0,,0,,0,0,0,1,0,0,0,0,3,12,1,1,1.964,-1.964,0,,,1,1.964,-1.964,0,0,,0,2,9,4,2
Dylan Moore,Hawthorn,27,27.4,Gen. Forward,1,8.6,45,43,0,0,0,87,5,8,13,84.615,60,100,69.231,1,0,38.462,1,0,1,13,1,13,128,9.846,74.08,202.08,97.29,17.86,19.458,1.88,0.235,2.896,3.93,4.418,2.407,24.513,-24.513,60.09,6.577,6,5,11,54.545,2,5,2,1,4,3,3,0,1,2,9.478,0,4,5,2,8,22.222,0,0,1,1,3,33.333,1,0,0,0,0,0,0,0,0,0,0,,0,,0,,,2,1,0,,1,0,0,0,1,1,0,0,1,0,3,12,2,1,4.308,-3.308,0,,,1,4.308,-3.308,0,0,,0,1,10,4,0
Conor Nash,Hawthorn,28,28.42,Midfielder,1,6.8,62,61,0,0,0,75,8,9,17,58.824,37.5,77.778,58.824,3,33.333,47.059,3,0,1,17,3,5.667,164,9.647,253.75,417.75,193.16,58.25,24.145,-19.1,-2.122,6.155,-0.486,3.89,1.172,29.475,-12.808,53.09,-19.757,8,7,15,53.333,1,5,1,4,1,1,1,2,0,5,-1.227,0,6,8,1,21,58.333,3,14.286,3,6,6,83.333,2,0,0,0,0,1,0,1,1,1.099,0,0,0,,0,,,3,2,0,,1,0,0,0,0,0,0,1,1,,4,16,1,0,,,0,,,0,,,0,0,,0,2,13,4,1
Finn Maginness,Hawthorn,25,25.85,Gen. Forward,1,3.3,32,25,0,0,0,56,2,6,8,87.5,100,83.333,87.5,0,,25,0,0,0,,1,8,76,9.5,230.6,306.6,52.8,67.48,26.4,9.38,1.563,0,1.349,0,1.349,20.03,-20.03,51.01,48.99,0,8,8,0,0,0,0,0,0,0,0,0,0,3,17.909,0,3,2,3,0,0,0,,0,0,0,,1,0,0,0,0,0,0,0,0,0,0,,0,,0,,,1,1,0,,0,,0,0,0,0,1,2,7,,3,12,0,0,,,0,,,0,,,0,0,,0,0,6,0,0
Sam Butler,Hawthorn,23,23.88,Mid-Forward,1,10.8,54,50,0,0,0,74,8,2,10,80,75,100,80,1,0,80,2,0,0,,2,5,244,24.4,-2.21,241.79,209.6,183.51,26.2,-5.58,-2.79,4.479,5.431,3.398,6.446,15.35,-15.35,53.062,13.605,4,6,10,40,0,3,1,0,3,2,2,1,0,3,-13.531,2,5,2,1,2,5.556,0,0,3,3,2,100,2,0,0,0,0,0,0,0,0,0,0,,0,,0,,,1,1,0,,1,0,2,2,0,2,0,0,12,100,2,8,1,2,3.079,2.921,1,4.016,1.984,1,2.142,3.858,0,0,,0,1,17,5,1
Jack Ginnivan,Hawthorn,24,24.06,Gen. Forward,1,11.7,70,82,0,0,0,77,12,5,17,64.706,58.333,80,64.706,4,25,70.588,5,0,3,5.667,4,4.25,291,17.118,158.74,449.74,240.93,102.99,20.078,-5.83,-1.166,1.286,7.851,4.696,4.288,36.303,-23.802,64.768,-14.768,5,10,15,33.333,2,4,0,0,4,3,2,0,0,3,16.253,0,4,9,2,0,0,1,,1,2,2,100,6,0,0,0,1,2,0,2,0,0,0,,0,,0,,,1,0,0,,0,,2,2,0,2,0,0,12,100,4,16,1,2,3.744,2.257,1,5.806,0.194,1,1.681,4.319,0,0,,0,1,13,2,1
Connor Macdonald,Hawthorn,23,23.96,Gen. Forward,1,11.3,94,79,0,0,0,77,13,7,20,65,61.538,71.429,75,4,75,65,4,2,2,10,2,10,333,16.65,338.8,671.8,300.88,206.59,23.145,18.92,2.703,3.056,4.372,6.176,2.554,29.023,12.644,50.023,8.31,9,12,21,42.857,2,6,1,2,4,2,1,1,0,6,9.988,2,3,13,3,12,33.333,1,8.333,3,4,4,25,3,0,0,0,1,1,0,1,0,0,0,,0,,0,,,4,1,0,,0,,0,0,0,0,3,4,19,,7,28,1,0,,,0,,,0,,,0,0,,0,2,21,7,0
Josh Ward,Hawthorn,23,23.37,Midfielder,1,11.7,66,73,0,0,0,74,10,8,18,66.667,50,87.5,72.222,3,33.333,55.556,3,1,1,18,2,9,283,15.722,240.65,523.65,273.71,119.2,27.371,17.93,2.241,1.453,6.604,4.73,3.328,27.99,22.01,58.184,4.316,6,12,18,33.333,5,6,1,0,6,5,5,0,1,6,2.999,2,4,10,2,20,55.556,1,5,0,1,1,100,6,0,0,0,1,0,0,0,0,0,0,,0,,0,,,2,0,0,,0,,0,0,1,1,0,0,1,0,5,20,2,1,2.114,-1.114,0,,,1,2.114,-1.114,0,0,,0,1,11,6,0
Jai Newcombe,Hawthorn,25,25.41,Midfielder,1,7.8,63,83,0,0,0,75,16,9,25,68,56.25,88.889,72,4,25,64,4,3,5,5,6,4.167,535,21.4,361.17,896.17,456.84,275.49,28.553,51.58,5.731,2.12,2.177,1.754,3.6,28.175,3.075,57.136,-7.136,4,22,26,15.385,0,2,0,1,1,0,0,1,0,14,-14.053,3,14,9,0,32,88.889,2,6.25,2,4,3,100,4,0,0,0,0,2,3,-1,0,0,0,,0,,0,,,3,0,0,,0,,0,0,0,0,0,0,0,,5,20,0,0,,,0,,,0,,,0,0,,1,0,16,9,0
Nick Watson,Hawthorn,21,21.84,Gen. Forward,1,12.1,78,72,0,0,0,83,11,6,17,58.824,45.455,83.333,47.059,3,0,64.706,4,0,4,4.25,3,5.667,310,18.235,86.67,396.67,271.21,36.49,24.655,-11.5,-1.917,0.135,9.331,5.339,4.722,31.948,-31.948,48.542,-31.875,7,9,16,43.75,2,7,3,1,6,6,6,0,2,7,34.689,0,2,7,7,6,16.667,1,16.667,0,1,0,,0,0,0,0,0,0,1,-1,0,0,0,,0,,0,,,4,3,0,,0,,2,2,2,5,1,1,20,40,8,32,0,5,3.202,-0.402,0,,,5,3.202,-0.402,0,0,,1,1,14,2,0
Josh Weddle,Hawthorn,22,22.6,Gen. Defender,1,8.1,62,49,0,0,0,87,7,7,14,85.714,85.714,85.714,71.429,2,50,50,3,3,0,,3,4.667,297,21.214,59.61,356.61,247.13,178.3,35.304,32.63,4.661,0.2,5.41,2.217,3.419,22.743,34.4,53.341,3.801,5,9,14,35.714,3,3,0,1,2,3,2,1,1,5,-20.412,4,7,3,0,7,19.444,0,0,1,1,2,100,3,0,0,0,0,1,0,1,6,6.593,0,0,0,,0,,,1,0,1,100,1,0,0,0,0,0,1,1,6,,3,12,1,0,,,0,,,0,,,0,0,,1,1,16,14,1
Jack Gunston,Hawthorn,35,35.2,Key Forward,1,17,69,62,0,0,0,83,6,1,7,85.714,83.333,100,85.714,0,,85.714,1,0,1,7,1,7,214,30.571,30.2,244.2,210.86,175.28,35.143,14.68,14.68,0,15.622,4.737,11.707,34.3,-34.3,89.61,10.39,3,5,8,37.5,1,2,2,0,2,3,2,0,0,1,50.199,0,0,1,7,0,0,0,,0,0,0,,4,0,3,0,3,0,1,-1,0,0,0,,0,,0,,,2,2,0,,5,20,4,4,1,5,0,0,25,80,7,28,1,5,3.047,1.953,3,3.539,0.794,2,2.309,3.691,0,0,,0,1,15,1,0
Jarman Impey,Hawthorn,31,31.47,Gen. Defender,1,8.7,67,68,0,0,0,84,11,7,18,77.778,81.818,71.429,55.556,3,0,61.111,4,5,2,9,3,6,416,23.111,209.6,625.6,374.99,154.15,34.09,6.72,0.96,-0.674,6.89,2.869,2.921,21.087,-1.087,56.549,-6.549,5,10,15,33.333,3,5,1,1,4,4,4,0,2,7,-17.995,5,4,5,1,0,0,0,,0,0,1,0,3,0,0,0,0,0,0,0,0,0,0,,0,,0,,,3,0,0,,0,,0,0,0,1,0,0,0,0,2,8,0,1,2.019,-2.019,0,,,1,2.019,-2.019,1,12.5,100,0,1,11,6,1
Karl Amon,Hawthorn,31,31.36,Gen. Defender,1,1.8,62,54,0,0,0,83,10,5,15,86.667,90,80,60,3,66.667,66.667,3,6,3,5,3,5,423,28.2,208.25,631.25,369.73,214.96,36.973,26.81,5.362,0.256,0.361,1.144,1.152,21.361,-1.361,46.416,3.584,0,11,11,0,1,0,0,0,0,0,0,0,0,6,-22.223,3,5,3,0,0,0,1,,0,1,0,,3,0,0,1,1,0,1,-1,0,0,0,,0,,0,,,2,0,0,,0,,0,0,0,0,2,2,12,,4,16,2,0,,,0,,,0,,,4,50,100,5,1,12,11,0
James Sicily,Hawthorn,31,31.98,Gen. Defender,1,18.5,128,89,0,0,0,86,15,8,23,95.652,100,87.5,56.522,6,33.333,65.217,7,5,1,23,6,3.833,592,25.739,245.98,837.98,582.44,169.72,38.829,-18.48,-2.31,1.148,15.826,11.187,4.379,19.019,-5.686,49.289,-9.289,12,11,23,52.174,14,5,0,0,5,11,4,0,2,6,-35.334,11,9,3,0,0,0,0,,1,1,1,100,5,1,0,2,0,5,0,5,0,0,0,,0,,0,,,2,0,7,28.571,0,,0,0,0,0,1,1,6,,1,4,2,0,,,0,,,0,,,0,0,,0,7,9,5,6
Tom Barrass,Hawthorn,31,31.23,Key Defender,1,9.6,38,22,0,0,0,82,3,5,8,100,100,100,100,0,,37.5,0,1,2,4,0,,0,0,110.57,110.57,17.02,-4.32,5.673,-3.87,-0.774,0,8.418,5.718,0.762,20.467,46.2,76.56,23.44,3,4,7,42.857,5,1,0,0,1,3,1,0,1,3,-52.484,5,2,0,0,0,0,0,,0,0,0,,3,2,0,3,0,0,2,-2,0,0,0,,0,,0,,,0,0,2,50,0,,0,0,0,0,0,0,0,,3,12,2,0,,,0,,,0,,,0,0,,0,8,4,0,7
Blake Hardwick,Hawthorn,29,29.9,Gen. Defender,1,13,69,46,0,0,0,85,6,6,12,100,100,100,91.667,1,0,50,1,1,0,,1,12,193,16.083,228.38,421.38,187.35,149.98,31.225,4.5,0.75,0.998,10.406,4.749,4.231,19.148,-19.148,60.58,22.753,5,5,10,50,6,2,0,1,1,4,2,0,1,3,-45.928,6,3,1,0,0,0,0,,1,1,1,100,2,1,0,1,0,2,0,2,0,0,0,,0,,0,,,2,0,1,0,1,100,0,0,0,0,0,0,0,,0,0,0,0,,,0,,,0,,,1,12.5,100,0,2,10,5,2
Mabior Chol,Hawthorn,29,29.92,Key Forward,1,11.8,63,56,0,0,0,68,8,1,9,66.667,62.5,100,77.778,1,100,88.889,1,0,2,4.5,3,3,128,14.222,64.33,192.33,163.14,108.22,20.393,1.65,1.65,3.743,7.286,10.424,1.036,26.15,7.183,51.493,48.507,8,0,8,100,0,3,0,1,2,4,1,0,1,0,32.18,0,0,5,3,9,25,4,44.444,1,5,6,100,3,3,3,0,0,1,1,0,16,17.582,6,37.5,1,16.667,1,83.333,83.333,1,0,0,,3,0,2,2,1,3,0,0,13,66.667,5,20,2,3,4.925,-0.591,3,4.925,-0.591,0,,,0,0,,0,1,7,1,1
Jack Scrimshaw,Hawthorn,28,28.32,Gen. Defender,1,10.2,78,67,0,0,0,73,14,6,20,75,71.429,83.333,60,1,0,70,1,9,5,4,6,3.333,460,23,343.36,803.36,364.61,199.14,26.044,39.89,6.648,-0.216,8.356,5.674,3.144,16.224,-16.224,58.092,-4.246,7,13,20,35,8,5,0,0,5,6,4,0,0,8,-43.624,13,5,2,0,0,0,0,,0,0,1,0,5,0,0,0,0,1,1,0,0,0,0,,0,,0,,,0,0,3,0,0,,0,0,0,0,0,0,0,,1,4,1,0,,,0,,,0,,,0,0,,1,1,4,3,0
Josh Battle,Hawthorn,28,28.33,Key Defender,1,11,82,77,0,0,0,93,13,7,20,80,69.231,100,70,2,0,65,2,6,4,5,2,10,422,21.1,246.57,668.57,452.32,200.07,34.794,-5.48,-0.783,0,7.251,8.927,-2.086,13.937,-13.937,52.594,1.952,7,11,18,38.889,8,6,1,0,6,7,6,0,1,4,-41.991,14,1,1,2,0,0,0,,0,0,0,,7,1,1,2,0,1,1,0,0,0,0,,0,,0,,,1,0,2,50,0,,0,0,1,2,0,0,1,0,1,4,1,2,3.657,-3.157,1,3.405,-2.405,1,3.909,-3.909,2,25,100,0,3,6,6,2
Hugh McCluggage,Brisbane,28,28.83,Midfielder,1,2.1,13,20,0,0,0,17,2,2,4,100,100,100,100,0,,50,0,1,0,,0,,39,9.75,63.86,102.86,27.81,40.05,13.905,-3.97,-1.985,0,1.178,0,1.178,21.5,-21.5,79.43,20.57,0,4,4,0,0,0,0,0,0,0,0,0,0,0,-14.683,1,2,1,0,3,8.571,0,0,0,0,0,,2,0,0,0,0,0,0,0,0,0,0,,0,,0,,,1,0,0,,0,,0,0,0,0,0,0,0,,0,0,0,0,,,0,,,0,,,0,0,,0,0,6,2,0
Cam Rayner,Brisbane,27,27.19,Gen. Forward,1,7.7,63,49,0,0,0,86,5,11,16,62.5,40,72.727,68.75,0,,31.25,1,0,4,4,2,8,149,9.312,124.88,273.88,127.23,110.29,25.446,20.06,1.824,-0.634,6.143,6.055,0.709,12.96,-12.96,38.33,61.67,8,8,16,50,2,7,3,5,2,4,4,0,0,5,25.251,1,3,6,6,7,20,0,0,3,3,3,100,1,0,0,0,0,0,1,-1,0,0,0,,0,,0,,,1,0,0,,1,100,1,1,2,4,0,1,9,25,7,22.581,2,4,2.143,-0.143,0,,,4,2.143,-0.143,0,0,,0,1,11,4,0
Zac Bailey,Brisbane,27,27.27,Mid-Forward,1,11.6,76,68,0,0,0,88,8,10,18,72.222,62.5,80,72.222,0,,44.444,3,1,1,18,3,6,154,8.556,386.36,540.36,186.21,31.48,23.276,-20.44,-2.044,4.622,3.778,6.464,2.438,25.8,-0.8,69.335,5.665,7,11,18,38.889,0,5,3,2,3,3,2,0,0,7,15.063,2,6,3,7,10,28.571,3,30,1,4,1,100,2,0,0,0,0,1,1,0,0,0,0,,0,,0,,,3,1,0,,2,50,1,1,2,3,0,1,9,33.333,6,19.355,1,3,3.133,-0.467,1,4.526,1.474,2,2.437,-1.437,0,0,,0,1,14,3,0
Oscar Allen,Brisbane,27,27.78,Key Forward,1,2,44,52,0,0,0,88,9,2,11,45.455,44.444,50,54.545,1,100,81.818,2,2,1,11,1,11,250,22.727,48.25,298.25,221.55,67.73,24.617,4.79,2.395,0,2.094,2.638,0.475,16.005,33.995,53.19,21.81,2,8,10,20,0,2,1,0,2,2,2,0,0,2,8.622,3,2,1,4,0,0,0,,0,0,0,,5,0,1,0,0,0,1,-1,0,0,0,,0,,0,,,0,0,0,,0,,1,1,3,5,1,1,15,20,8,25.806,0,5,2.983,-1.183,2,1.796,-1.296,3,3.774,-1.107,0,0,,0,0,8,2,0
Keidean Coleman,Brisbane,26,26.75,Gen. Defender,1,4.9,61,73,0,0,0,74,13,5,18,66.667,69.231,60,66.667,3,66.667,72.222,3,1,2,9,4,4.5,337,18.722,206.91,543.91,349.24,232.26,26.865,-19.69,-3.938,0,3.492,2.588,0.376,24.141,6.628,62.218,-0.68,3,13,16,18.75,4,2,0,2,0,3,2,0,1,8,1.074,1,7,7,1,0,0,0,,0,0,0,,5,1,0,1,1,1,0,1,0,0,0,,0,,0,,,2,0,2,0,0,,0,0,0,0,0,0,0,,4,12.903,2,0,,,0,,,0,,,2,14.286,100,0,2,12,9,2
Bruce Reville,Brisbane,25,25.85,Midfielder,1,11.4,72,66,0,0,0,73,12,6,18,77.778,75,83.333,83.333,6,66.667,66.667,6,1,1,18,2,9,498,27.667,173.31,671.31,422.2,332.37,35.183,7.73,1.288,1.826,7.843,4.293,5.376,25.262,8.071,46.926,28.074,6,13,19,31.579,1,5,0,1,4,3,2,0,1,9,-6.015,2,8,9,0,0,0,0,,2,2,2,100,3,0,0,0,2,1,0,1,0,0,0,,0,,0,,,2,1,0,,0,,0,0,0,0,0,1,1,,5,16.129,2,0,,,0,,,0,,,0,0,,0,0,9,1,0
Kai Lohmann,Brisbane,23,23.65,Gen. Forward,1,13.3,82,84,0,0,0,78,10,5,15,66.667,50,100,60,4,0,66.667,4,0,1,15,1,15,333,22.2,143.61,476.61,326.09,108.11,32.609,11.34,2.268,7.06,4.042,7.135,3.548,30.536,-30.536,38.474,-38.474,7,7,14,50,0,4,2,3,1,3,2,1,1,2,31.841,0,3,5,6,0,0,1,,3,4,3,100,6,1,1,0,2,1,0,1,0,0,0,,0,,0,,,3,2,0,,0,,2,2,1,4,0,2,15,50,7,22.581,2,4,3.418,-0.168,2,4.404,1.596,2,2.431,-1.931,0,0,,0,0,22,4,0
Darcy Wilmot,Brisbane,23,23,Gen. Defender,1,6.4,74,82,0,0,0,87,18,5,23,73.913,66.667,100,69.565,3,33.333,78.261,3,2,1,23,6,3.833,392,17.043,249.33,641.33,382.24,221.01,21.236,12.96,2.592,-1.149,6.03,3.886,0.74,18.746,4.783,66.804,-2.098,5,14,19,26.316,3,5,0,0,5,4,4,0,1,8,-24.673,5,10,4,0,0,0,1,,0,1,0,,6,0,0,0,0,0,0,0,0,0,0,,0,,0,,,0,0,1,0,0,,0,0,0,0,0,0,0,,5,16.129,1,0,,,0,,,0,,,4,28.571,100,0,1,10,9,1
Will Ashcroft,Brisbane,22,22.65,Midfielder,1,12.8,98,109,0,0,0,83,16,14,30,66.667,37.5,100,70,5,40,53.333,6,1,4,7.5,4,7.5,388,12.933,142.78,530.78,388.91,163.56,24.307,-5.68,-0.406,6.697,-0.523,6.997,-1.212,27.144,-8.962,47.205,-19.933,11,16,27,40.741,2,10,0,2,8,3,2,0,1,13,1.462,2,13,9,3,26,74.286,2,7.692,5,7,7,85.714,4,1,1,0,1,0,0,0,0,0,0,,0,,0,,,5,0,0,,0,,0,0,1,2,0,0,1,0,5,16.129,0,2,3.997,-3.497,1,3.336,-2.336,1,4.658,-4.658,0,0,,2,0,14,8,0
Jaspa Fletcher,Brisbane,22,22.84,Gen. Defender,1,7.1,69,77,0,0,0,82,13,8,21,71.429,61.538,87.5,76.19,1,100,61.905,1,0,2,10.5,3,7,289,13.762,215.03,504.03,258.63,126.47,19.895,-7.45,-0.931,2.26,2.908,4.47,0.992,24.632,0.368,60.033,-1.7,5,17,22,22.727,6,4,0,1,3,4,3,0,1,8,-4.533,2,11,8,1,0,0,2,,0,2,1,100,7,0,0,2,0,0,1,-1,0,0,0,,0,,0,,,1,0,1,0,0,,0,0,0,0,1,1,6,,6,19.355,3,0,,,0,,,0,,,1,7.143,0,2,3,13,9,2
Logan Morris,Brisbane,21,21.64,Key Forward,1,14.8,76,78,0,0,0,83,13,1,14,64.286,61.538,100,64.286,4,50,92.857,4,0,0,,2,7,317,22.643,40.77,357.77,312.82,150.84,24.063,4.56,4.56,-0.018,10.52,3.242,7.26,30.862,-10.862,50.126,9.874,3,8,11,27.273,1,2,1,2,0,3,2,0,0,1,39.682,0,2,3,6,0,0,0,,0,0,0,,4,0,2,0,2,1,0,1,0,0,0,,0,,0,,,1,1,0,,0,,3,3,2,5,1,1,26,60,7,22.581,1,5,3.309,0.691,3,3.381,-0.715,2,3.199,2.801,0,0,,0,0,7,0,0
Levi Ashcroft,Brisbane,20,20.03,Midfielder,1,8.7,64,68,0,0,0,86,8,10,18,77.778,62.5,90,94.444,2,50,44.444,2,1,0,,1,18,192,10.667,227.53,419.53,161.67,130.49,20.209,-3,-0.3,1.399,4.838,5.933,0.304,22.546,20.311,68.65,2.779,4,15,19,21.053,3,1,0,0,1,3,1,1,0,9,-2.648,2,9,6,2,1,2.857,0,0,2,2,2,100,4,0,0,0,2,0,0,0,0,0,0,,0,,0,,,3,0,0,,0,,0,0,0,0,1,1,6,,5,16.129,2,0,,,0,,,0,,,0,0,,0,2,11,7,0
Zane Zakostelsky,Brisbane,21,21.04,Ruck,1,4.8,56,54,0,0,0,44,3,3,6,66.667,100,33.333,83.333,0,,50,0,0,1,6,0,,1,0.167,20.67,21.67,18.28,16.2,6.093,-4.43,-1.477,3.244,1.687,2.677,-0.032,20.29,-20.29,95.355,4.645,4,4,8,50,0,1,0,1,0,0,0,0,0,1,-8.364,2,3,2,1,14,40,1,7.143,0,1,2,50,3,0,1,0,0,1,1,0,40,38.462,14,35,4,28.571,1,64.286,71.429,3,2,0,,0,,1,1,0,1,0,0,6,100,4,12.903,3,1,5.988,0.012,1,5.988,0.012,0,,,0,0,,0,2,13,3,1
Ty Gallop,Brisbane,20,20.89,Key Forward,1,5.5,51,64,0,0,0,80,7,3,10,50,28.571,100,60,2,50,70,3,0,2,5,2,5,168,16.8,92.59,260.59,178.75,61.92,25.536,4.44,1.48,0,3.263,4.866,-1.602,35.798,-35.798,56.502,-16.502,5,4,9,55.556,2,3,3,1,2,5,3,0,1,2,29.483,0,3,2,4,0,0,0,,0,0,0,,4,2,1,0,1,0,0,0,0,0,0,,0,,0,,,6,4,0,,2,50,0,0,1,2,0,0,1,0,2,6.452,1,2,2.416,-1.916,1,1.739,-1.739,1,3.094,-2.094,0,0,,0,0,14,1,0
Dayne Zorko,Brisbane,37,37.89,Gen. Defender,1,20,131,142,0,0,0,82,24,7,31,83.871,87.5,71.429,80.645,4,75,77.419,4,4,1,31,3,10.333,597,19.258,470.89,1067.89,590.53,461.95,24.605,10.2,1.457,0.339,14.868,3.391,10.849,20.132,1.607,64.633,17.976,5,23,28,17.857,4,5,0,1,4,4,4,0,2,11,-20.698,7,15,6,0,0,0,0,,0,0,1,0,11,0,0,0,0,1,0,1,0,0,0,,0,,0,,,4,0,0,,0,,1,1,0,1,0,1,7,100,8,25.806,1,1,2.945,3.055,0,,,1,2.945,3.055,5,35.714,80,0,1,16,10,1
Ryan Lester,Brisbane,34,34.34,Gen. Defender,1,18,97,95,1,1,1,89,16,8,24,83.333,81.25,87.5,75,1,100,66.667,1,5,3,8,5,4.8,405,16.875,236.47,641.47,362.85,218.65,22.678,47.92,5.99,0,15.396,8.615,4.986,21.527,-2.777,58.306,10.444,5,18,23,21.739,11,4,0,0,4,5,4,0,3,8,-23.337,5,12,6,0,0,0,0,,0,0,0,,9,1,0,5,0,0,0,0,0,0,0,,0,,0,,,1,0,2,0,0,,0,0,0,0,0,1,1,,4,12.903,0,0,,,0,,,0,,,1,7.143,100,0,4,13,10,4
Lachie Neale,Brisbane,33,33.6,Midfielder,1,13.3,123,117,4,4,1,89,15,24,39,79.487,73.333,83.333,79.487,6,66.667,38.462,7,2,1,39,3,13,313,8.026,563.13,876.13,372.1,217.94,24.807,-13.43,-0.56,7.8,4.448,6.798,5.451,27.217,-13.883,55.213,11.453,15,24,39,38.462,1,9,1,3,6,2,2,6,2,12,-4.842,6,15,15,3,31,88.571,5,16.129,3,8,11,72.727,8,0,0,0,0,0,0,0,0,0,0,,0,,0,,,0,0,0,,0,,0,0,0,0,0,1,1,,4,12.903,0,0,,,0,,,0,,,0,0,,1,0,11,6,0
Darcy Gardiner,Brisbane,31,31.27,Key Defender,1,0.8,16,27,0,0,0,89,7,0,7,71.429,71.429,,71.429,1,0,100,1,2,3,2.333,0,,89,12.714,55.95,144.95,97,23,13.857,0,,0,1.664,2.346,-2.224,22.845,10.488,63.45,-13.45,2,5,7,28.571,2,2,0,1,1,2,2,0,2,1,-22.68,3,1,3,0,0,0,0,,0,0,0,,4,0,0,1,0,0,2,-2,0,0,0,,0,,0,,,0,0,5,20,0,,0,0,0,0,0,0,0,,2,6.452,1,0,,,0,,,0,,,0,0,,0,5,6,6,4
Darcy Fort,Brisbane,33,33.4,Ruck,1,6.1,63,65,0,0,0,71,9,2,11,54.545,44.444,100,54.545,0,,81.818,1,1,7,1.571,5,2.2,168,15.273,132.49,300.49,175.34,33.05,19.482,-1.04,-0.52,3.129,1.163,3.857,2.617,24.845,0.155,68.037,6.963,5,4,9,55.556,2,0,0,0,0,3,0,0,0,4,20.9,1,4,1,3,21,60,0,0,3,3,3,100,2,2,0,2,0,1,5,-4,64,61.538,28,43.75,8,28.571,2,50,42.857,2,0,1,0,0,,1,1,0,3,0,0,6,33.333,3,9.677,2,3,3.127,-1.127,0,,,3,3.127,-1.127,0,0,,0,0,7,4,0
Charlie Cameron,Brisbane,32,32.49,Gen. Forward,1,17.8,94,109,6,6,1,87,13,2,15,53.333,53.846,50,53.333,4,50,86.667,5,0,4,3.75,5,3,373,24.867,87.37,460.37,378.04,220.82,29.08,-0.09,-0.045,0.119,14.498,7.34,6.547,39.217,-10.646,58.62,-15.763,6,9,15,40,3,2,1,0,2,5,2,1,1,2,44.427,0,1,6,8,0,0,0,,0,0,1,0,7,0,2,0,4,3,1,2,0,0,0,,0,,0,,,5,5,0,,1,0,4,4,1,6,2,3,38,66.667,8,25.806,1,6,3.66,0.507,4,3.474,1.026,2,4.031,-0.531,0,0,,0,0,17,1,0
Josh Dunkley,Brisbane,29,29.97,Midfielder,1,12.5,88,73,0,0,0,76,8,11,19,84.211,75,90.909,68.421,3,66.667,42.105,3,1,3,6.333,5,3.8,261,13.737,232.27,493.27,244.78,100,30.598,16.78,1.525,2.85,3.894,4.359,2.142,26.41,-1.41,49.733,-24.733,9,12,21,42.857,3,6,0,1,5,3,3,2,1,8,-3.08,2,11,6,2,27,77.143,2,7.407,2,4,5,80,3,0,0,0,0,0,2,-2,0,0,0,,0,,0,,,6,2,0,,0,,0,0,0,0,0,1,1,,5,16.129,2,0,,,0,,,0,,,0,0,,0,6,23,11,3
Harris Andrews,Brisbane,30,30.05,Key Defender,1,14.6,89,64,2,2,1,97,11,7,18,83.333,81.818,85.714,77.778,0,,61.111,1,3,3,6,3,6,210,11.667,310.75,520.75,159.65,143.5,14.514,40.82,5.831,-1.813,18.651,7.246,4.102,17.748,2.252,70.516,9.484,8,7,15,53.333,10,5,0,1,4,8,5,0,1,2,-30.519,7,4,4,0,0,0,0,,0,0,0,,7,2,0,3,0,2,2,0,0,0,0,,0,,0,,,0,0,3,0,0,,0,0,0,0,1,1,6,,5,16.129,3,0,,,0,,,0,,,0,0,,0,12,3,3,12
Jarrod Berry,Brisbane,28,28.9,Midfielder,1,7.9,95,94,0,0,0,71,14,8,22,77.273,71.429,87.5,68.182,1,0,63.636,2,3,3,7.333,3,7.333,415,18.864,345.3,760.3,429.02,183.49,30.644,0.59,0.074,2.611,3.22,4.725,2.048,23.505,14.956,57.408,4.13,8,14,22,36.364,3,5,0,0,5,2,1,0,1,6,-18.517,7,9,4,2,0,0,0,,4,4,3,66.667,8,0,1,0,1,3,0,3,0,0,0,,0,,0,,,2,0,0,,0,,0,0,1,1,2,3,14,0,5,16.129,1,1,2.78,-1.78,0,,,1,2.78,-1.78,1,7.143,100,0,2,22,13,1
Lachlan Bramble,Western Bulldogs,28,28.7,Gen. Defender,1,15.3,71,53,0,0,0,83,9,7,16,81.25,88.889,71.429,75,5,60,56.25,5,1,1,16,2,8,419,26.188,212.16,631.16,322.81,282.21,35.868,33.98,4.854,1.545,11.931,3.416,10.608,26.54,23.46,42.599,19.901,4,13,17,23.529,1,3,0,0,3,2,2,0,1,9,1.806,1,9,5,2,0,0,1,,1,2,1,100,3,0,0,1,0,0,1,-1,0,0,0,,0,,0,,,0,0,0,,0,,1,1,0,1,0,1,7,100,8,25.806,0,1,2.605,3.395,0,,,1,2.605,3.395,0,0,,1,2,17,8,0
Matthew Kennedy,Western Bulldogs,29,29.73,Midfielder,1,8,88,115,0,0,0,84,19,11,30,53.333,31.579,90.909,46.667,2,50,63.333,3,5,5,6,8,3.75,520,17.333,324.93,844.93,547.7,56.24,28.826,-12.25,-1.114,3.325,-1.624,6.912,-5.051,20.509,-6.224,45.111,-23.683,11,17,28,39.286,3,8,0,1,7,3,3,2,1,10,-6.228,6,11,7,4,23,65.714,0,0,5,5,7,57.143,4,0,1,1,0,1,1,0,0,0,0,,0,,0,,,6,0,0,,0,,0,0,2,2,1,1,8,0,8,25.806,0,2,3.421,-2.421,1,5.235,-4.235,1,1.607,-0.607,0,0,,0,0,20,12,0
Aaron Naughton,Western Bulldogs,27,27.08,Key Forward,1,8.6,79,62,0,0,0,81,6,4,10,60,50,75,50,1,0,60,2,0,0,,2,5,186,18.6,84.28,270.28,143.13,40.17,28.626,10.82,2.705,0.642,7.006,6.662,0.986,27.1,-27.1,51.057,-51.057,5,6,11,45.455,0,3,3,0,3,5,3,0,1,1,45.638,0,3,1,7,0,0,1,,0,1,0,,3,0,1,0,2,3,0,3,0,0,0,,0,,0,,,3,1,0,,5,20,2,2,0,3,2,3,25,66.667,6,19.355,0,3,5.375,-1.375,2,5.798,0.202,1,4.529,-4.529,0,0,,0,1,11,3,0
Tim English,Western Bulldogs,29,29.39,Ruck,1,20.6,117,108,0,0,0,85,6,10,16,87.5,83.333,90,100,2,100,37.5,3,0,1,16,0,,222,13.875,125.46,347.46,174.77,165.76,29.128,10.56,1.056,2.433,15.011,10.112,3.158,31.747,18.253,58.455,16.545,8,10,18,44.444,4,1,0,0,1,6,1,0,0,6,-1.689,3,7,6,2,29,82.857,0,0,0,0,2,100,5,2,1,1,1,5,1,4,78,75,37,47.436,10,27.027,0,54.054,45.946,1,0,0,,0,,2,2,0,2,0,1,13,100,9,29.032,8,2,4.353,1.647,1,5.421,0.579,1,3.284,2.716,0,0,,0,3,7,4,3
Rhylee West,Western Bulldogs,26,26.47,Gen. Forward,1,14,72,64,0,0,0,69,7,9,16,81.25,71.429,88.889,81.25,2,0,43.75,2,0,1,16,2,8,222,13.875,163.22,385.22,179.14,86.14,25.591,8.85,0.983,0.095,10.518,3.3,7.016,34.566,5.434,55.184,4.816,4,13,17,23.529,2,3,2,1,2,4,3,0,1,7,23.095,1,5,4,7,2,5.714,0,0,0,0,0,,2,0,0,0,1,0,0,0,0,0,0,,0,,0,,,3,1,0,,1,0,1,1,1,2,2,3,20,50,7,22.581,0,2,2.884,0.616,0,,,2,2.884,0.616,0,0,,1,1,10,3,0
Ed Richards,Western Bulldogs,27,27.49,Midfielder,1,29,144,133,10,10,1,81,24,6,30,73.333,66.667,100,76.667,9,66.667,80,10,4,2,15,2,15,726,24.2,278,1004,652.89,509.69,27.204,10.49,1.748,8.615,15.921,5.534,19.133,30.568,28.255,49.401,21.188,6,21,27,22.222,2,3,0,0,3,1,1,1,0,11,8.658,3,7,13,4,25,71.429,5,20,2,7,6,100,8,0,1,0,0,0,1,-1,0,0,0,,0,,0,,,4,0,0,,0,,2,2,0,2,2,5,27,100,16,51.613,3,2,3.352,2.648,1,3.941,2.059,1,2.763,3.237,0,0,,2,2,27,15,0
Connor Budarick,Western Bulldogs,25,25.73,Gen. Forward,1,12.5,105,94,1,1,1,82,19,8,27,77.778,78.947,75,66.667,0,,70.37,1,6,4,6.75,7,3.857,515,19.074,303.28,818.28,446.66,334.52,23.508,22.08,2.76,1.196,8.454,3.964,5.376,18.607,9.171,65.472,-9.916,6,15,21,28.571,2,5,0,1,4,5,4,0,2,10,-27.293,7,11,3,0,0,0,0,,1,1,1,100,3,0,0,0,0,1,1,0,0,0,0,,0,,0,,,2,0,0,,0,,1,1,0,1,0,1,7,100,9,29.032,2,1,3.066,2.934,1,3.066,2.934,0,,,8,50,87.5,1,2,11,8,2
Oskar Baker,Western Bulldogs,28,28.6,Midfielder,1,7.7,43,48,0,0,0,67,6,5,11,72.727,66.667,80,63.636,2,50,54.545,3,1,1,11,3,3.667,159,14.455,179.58,338.58,182.81,75.88,30.468,-3.85,-0.77,0.282,6.287,3.471,2.282,30.605,2.728,51.215,-1.215,3,8,11,27.273,0,2,1,0,2,0,0,1,0,3,1.492,3,2,4,2,0,0,0,,2,2,2,100,4,0,0,0,1,0,0,0,0,0,0,,0,,0,,,2,2,0,,1,0,0,0,0,0,1,1,6,,4,12.903,0,0,,,0,,,0,,,0,0,,0,2,8,2,1
Jordan Croft,Western Bulldogs,21,21.63,Key Forward,1,-0.6,18,20,0,0,0,43,4,0,4,50,50,,25,1,100,100,1,0,0,,1,4,67,16.75,20.75,87.75,86.36,20.18,21.59,0,,-0.022,-0.943,3.818,-4.725,29.82,-29.82,44.55,5.45,3,1,4,75,3,2,2,0,2,2,2,0,0,0,44.282,0,1,1,2,2,5.714,0,0,1,1,1,100,1,0,0,1,0,1,0,1,10,9.615,2,20,0,0,0,0,0,0,0,0,,2,0,0,0,2,2,0,0,2,0,2,6.452,2,2,5.04,-4.04,0,,,2,5.04,-4.04,0,0,,0,1,2,2,1
Sam Darcy,Western Bulldogs,23,23.45,Key Forward,1,9.8,61,63,0,0,0,81,7,3,10,60,57.143,66.667,50,2,50,70,2,0,5,2,2,5,181,18.1,51.98,232.98,222.81,71.64,31.83,-3.53,-1.177,1.177,5.915,6.457,1.376,34.747,-1.413,59.723,-26.39,5,5,10,50,0,2,1,2,0,3,1,0,0,2,45.671,0,1,3,6,4,11.429,0,0,1,1,2,50,4,1,2,0,3,1,2,-1,16,15.385,7,43.75,1,14.286,1,42.857,42.857,2,2,0,,3,0,2,2,2,4,1,1,20,50,6,19.355,1,4,3.576,-0.076,3,3.578,-0.911,1,3.57,2.43,0,0,,0,2,8,4,1
Arthur Jones,Western Bulldogs,23,23.45,Mid-Forward,1,1.8,21,31,0,0,0,51,2,5,7,85.714,50,100,85.714,1,0,28.571,1,0,1,7,1,7,72,10.286,123.76,195.76,68.75,37.55,34.375,6.27,1.254,0,1.834,0.794,1.04,28.25,-28.25,34.885,15.115,1,6,7,14.286,0,1,1,0,1,1,1,0,1,2,21.073,0,1,4,2,0,0,0,,0,0,0,,1,0,0,0,0,0,0,0,0,0,0,,0,,0,,,3,0,0,,1,0,0,0,0,0,1,1,6,,2,6.452,0,0,,,0,,,0,,,0,0,,0,0,17,5,0
Michael Sellwood,Western Bulldogs,23,23.24,Gen. Defender,1,5.8,70,61,0,0,0,83,5,5,10,90,100,80,60,0,,50,0,3,0,,3,3.333,136,13.6,167.12,303.12,144.56,37.64,28.912,5.67,1.134,0,5.16,2.8,-0.246,14.016,-14.016,51.108,-11.108,4,7,11,36.364,4,1,0,0,1,4,1,0,0,4,-41.011,5,6,0,0,0,0,0,,0,0,0,,2,0,0,0,0,2,0,2,0,0,0,,0,,0,,,7,0,0,,0,,0,0,0,0,0,0,0,,1,3.226,0,0,,,0,,,0,,,0,0,,0,4,19,17,3
Joel Freijah,Western Bulldogs,21,21.12,Mid-Forward,1,8.3,50,53,0,0,0,90,9,11,20,70,44.444,90.909,73.684,1,0,45,2,1,4,5,4,5,119,5.95,181.43,300.43,193.73,41.61,21.526,-31.11,-2.828,4.362,2.174,4.61,3.136,27.542,-2.542,50.858,-0.857,7,9,16,43.75,2,6,1,1,5,3,3,1,3,6,0.449,1,7,6,2,10,28.571,2,20,2,4,5,40,2,0,0,0,0,0,2,-2,0,0,0,,0,,0,,,1,1,0,,0,,0,0,0,0,1,1,6,,8,25.806,4,0,,,0,,,0,,,0,0,,0,2,14,4,1
Lachie Jaques,Western Bulldogs,20,20.58,Gen. Defender,1,9.3,84,76,0,0,0,76,14,2,16,87.5,85.714,100,56.25,2,0,87.5,2,4,1,16,5,3.2,377,23.562,210.9,587.9,383.13,154.82,27.366,15.04,7.52,-1.212,8.318,3.783,3.069,16.742,6.335,51.827,2.019,4,10,14,28.571,7,2,0,0,2,4,2,0,1,5,-18.23,4,6,4,0,0,0,0,,0,0,0,,4,0,0,1,1,2,0,2,0,0,0,,0,,0,,,4,1,1,0,0,,0,0,0,0,0,0,0,,4,12.903,2,0,,,0,,,0,,,2,12.5,50,0,3,6,5,2
Cooper Hynes,Western Bulldogs,20,20.83,Gen. Forward,1,2.6,38,38,0,0,0,78,2,10,12,66.667,0,80,75,1,0,16.667,1,0,0,,1,12,41,3.417,242.01,283.01,52.53,10.05,26.265,2.17,0.217,3.018,-2.407,1.98,-1.665,40.545,-40.545,53.27,-53.27,3,9,12,25,1,3,0,0,3,1,1,0,1,9,9.852,0,7,2,3,6,17.143,1,16.667,1,2,1,100,0,0,0,0,0,0,0,0,0,0,0,,0,,0,,,3,0,0,,1,0,0,0,0,0,0,1,1,,7,22.581,0,0,,,0,,,0,,,0,0,,0,0,14,10,0
James O'Donnell,Western Bulldogs,24,24.33,Key Defender,1,5.7,51,40,0,0,0,89,5,3,8,62.5,80,33.333,62.5,0,,62.5,0,1,2,4,3,2.667,61,7.625,74.45,135.45,70.89,14.34,14.178,3.56,1.187,0,5.651,5.944,-2.526,12.726,7.274,66.842,13.158,5,4,9,55.556,7,4,0,0,4,5,4,0,2,1,-54.721,6,3,0,0,0,0,0,,0,0,0,,3,0,0,2,0,1,1,0,0,0,0,,0,,0,,,3,0,1,0,0,,0,0,0,0,0,0,0,,1,3.226,0,0,,,0,,,0,,,0,0,,0,5,6,5,5
Sam Davidson,Western Bulldogs,25,25.04,Midfielder,1,8.9,50,38,0,0,0,56,3,6,9,88.889,100,83.333,88.889,0,,33.333,0,1,1,9,1,9,98,10.889,168.69,266.69,70.94,50.26,23.647,14.26,2.377,1.53,5.43,4.634,1.904,23.605,26.395,68.395,-18.395,4,7,11,36.364,2,2,1,0,2,2,1,0,0,4,12.864,1,3,4,3,0,0,0,,1,1,0,,2,0,0,0,1,0,1,-1,0,0,0,,0,,0,,,2,1,0,,0,,1,1,0,1,0,0,6,100,7,22.581,4,1,3.578,2.422,0,,,1,3.578,2.422,0,0,,0,2,14,1,0
Tom Liberatore,Western Bulldogs,34,34.62,Midfielder,1,11.6,86,88,0,0,0,82,15,13,28,60.714,46.667,76.923,64.286,5,40,53.571,5,4,3,9.333,4,7,367,13.107,343.21,710.21,376.53,153.16,25.102,-8.71,-0.67,3.22,3.725,6.872,0.281,25.572,2.999,44.079,-1.222,10,16,26,38.462,3,6,0,2,4,1,1,4,0,10,-9.812,6,9,10,1,23,65.714,2,8.696,2,4,8,62.5,4,0,0,0,1,0,1,-1,0,0,0,,0,,0,,,2,0,0,,0,,0,0,0,0,1,1,6,,6,19.355,0,0,,,0,,,0,,,0,0,,0,3,24,10,1
Marcus Bontempelli,Western Bulldogs,31,31.1,Midfielder,1,26.5,113,92,0,0,0,84,10,9,19,89.474,90,88.889,73.684,3,66.667,52.632,4,2,3,6.333,4,4.75,422,22.211,96.07,518.07,381.14,225.72,38.114,29.77,3.308,5.168,19.214,7.878,16.439,33.74,6.26,46.358,-26.358,9,11,20,45,2,6,1,1,5,3,2,2,1,5,7.25,4,5,6,5,16,45.714,3,18.75,1,4,6,83.333,4,0,2,0,1,0,2,-2,0,0,0,,0,,0,,,5,0,0,,1,0,3,3,0,3,1,1,24,100,8,25.806,1,3,3.255,2.745,2,3.068,2.932,1,3.63,2.37,0,0,,0,2,21,13,1
Rory Lobb,Western Bulldogs,33,33.89,Key Defender,1,13,66,48,3,3,1,100,10,3,13,100,100,100,92.308,0,,76.923,0,7,1,13,1,13,337,25.923,81.63,418.63,325.41,294.65,32.541,11.54,3.847,0.421,10.542,4.051,1.281,12.412,-2.412,57.583,22.417,2,6,8,25,6,1,0,0,1,2,1,0,0,2,-63.004,6,2,0,0,0,0,0,,0,0,0,,4,1,0,3,0,0,0,0,0,0,0,,0,,0,,,0,0,2,50,0,,0,0,0,0,0,0,0,,1,3.226,1,0,,,0,,,0,,,2,12.5,100,0,9,10,7,9
Bailey Williams,Western Bulldogs,29,29.22,Midfielder,1,4.8,90,103,3,3,1,85,13,12,25,68,46.154,91.667,60,2,0,52,3,4,2,12.5,4,6.25,459,18.36,282.92,741.92,444.05,116.76,34.158,9.74,0.812,2.236,-1.785,4.551,-2.698,16.899,-16.899,40.238,-2.738,5,19,24,20.833,1,5,1,0,5,2,2,0,1,8,0.169,5,7,6,6,0,0,1,,2,3,1,100,7,0,2,1,0,0,1,-1,0,0,0,,0,,0,,,3,1,0,,0,,1,1,4,5,0,0,10,20,11,35.484,0,5,3.614,-1.614,3,3.885,-2.885,2,3.207,0.293,0,0,,1,0,9,5,0
Bailey Dale,Western Bulldogs,30,30.44,Gen. Defender,1,4.1,60,69,0,0,0,78,11,8,19,68.421,72.727,62.5,78.947,0,,57.895,0,3,3,6.333,3,6.333,248,13.053,321.97,569.97,241.72,218.04,21.975,11.91,1.489,1.052,3.131,4.381,-0.638,16.949,1.233,65.52,7.207,5,11,16,31.25,6,4,0,1,3,4,3,0,0,6,-35.162,6,8,2,0,0,0,0,,1,1,1,100,5,1,0,2,0,0,1,-1,0,0,0,,0,,0,,,2,0,0,,0,,0,0,0,0,0,0,0,,4,12.903,2,0,,,0,,,0,,,4,25,75,0,2,9,9,2
Buku Khamis,Western Bulldogs,26,26.77,Key Forward,1,4.4,30,32,0,0,0,93,5,0,5,60,60,,80,0,,100,0,0,1,5,0,,13,2.6,46.89,59.89,14.18,8.02,2.836,0,,0,4.92,4.13,-0.759,12.06,21.273,80.667,-14,2,3,5,40,5,1,0,1,0,2,1,0,0,0,-55.182,3,2,0,0,0,0,0,,0,0,0,,3,0,0,2,0,0,0,0,0,0,0,,0,,0,,,2,0,2,100,0,,0,0,0,0,0,0,0,,2,6.452,1,0,,,0,,,0,,,0,0,,0,5,4,4,3
Lachie Schultz,Collingwood,29,29.08,Gen. Forward,1,7.8,108,112,0,0,0,82,13,7,20,80,76.923,85.714,75,0,,65,0,0,2,10,3,6.667,277,13.85,310.05,587.05,275.01,198.46,21.155,30.27,4.324,0,7.539,2.424,4.72,22.225,-13.135,77.043,-4.315,3,17,20,15,1,0,0,0,0,3,0,0,0,5,0.062,1,10,6,3,0,0,0,,0,0,0,,9,0,1,0,3,4,0,4,0,0,0,,0,,0,,,4,3,0,,1,100,2,2,0,2,0,2,14,100,5,21.739,0,2,2.862,3.138,1,3.162,2.838,1,2.563,3.437,0,0,,0,0,22,10,0
Patrick Lipinski,Collingwood,28,28.45,Mid-Forward,1,6.7,59,98,0,0,0,75,14,7,21,66.667,57.143,85.714,71.429,3,33.333,66.667,3,4,2,10.5,4,5.25,346,16.476,276.82,622.82,294.25,190.76,21.018,36.91,5.273,0.368,2.71,1.264,1.045,23.702,4.869,65.996,-8.853,2,19,21,9.524,1,1,0,0,1,1,0,0,0,6,-22.735,5,11,5,0,1,4.167,0,0,1,1,1,100,12,0,0,0,2,1,1,0,0,0,0,,0,,0,,,2,0,0,,0,,0,0,0,0,0,0,0,,6,26.087,0,0,,,0,,,0,,,0,0,,0,1,15,5,1
Beau McCreery,Collingwood,25,25.7,Gen. Forward,1,13.5,60,68,0,0,0,78,10,6,16,68.75,50,100,68.75,4,50,62.5,5,0,3,5.333,2,8,368,23,91.51,459.51,270.92,166.12,30.102,-2.48,-0.413,0.65,9.316,2.162,7.398,39.726,-39.726,55.68,-35.68,2,13,15,13.333,1,1,1,1,0,1,1,1,0,6,26.139,0,2,10,3,9,37.5,1,11.111,0,1,1,100,4,0,0,0,0,0,1,-1,0,0,0,,0,,0,,,1,0,0,,0,,2,2,1,3,0,0,13,66.667,5,21.739,1,3,3.049,1.285,0,,,3,3.049,1.285,0,0,,1,1,29,9,1
Josh Daicos,Collingwood,28,28.09,Gen. Defender,1,10.7,134,141,4,4,1,89,27,9,36,80.556,85.185,66.667,86.111,4,100,75,4,9,1,36,2,18,444,12.333,486.49,930.49,430.32,326.25,15.938,26.8,2.978,2.428,3.927,6.224,0.806,18.602,8.321,74.299,6.47,9,23,32,28.125,4,7,1,0,7,4,4,0,1,8,-29.469,15,9,7,1,2,8.333,0,0,3,3,2,0,13,0,0,0,1,2,1,1,0,0,0,,0,,0,,,1,0,0,,0,,0,0,0,0,0,0,0,,8,34.783,1,0,,,0,,,0,,,4,33.333,100,1,0,6,6,0
Isaac Quaynor,Collingwood,26,26.95,Gen. Defender,1,9.9,90,95,2,2,1,86,15,8,23,91.304,100,75,95.652,0,,65.217,0,3,0,,0,,250,10.87,362.67,612.67,131.12,191.99,8.741,76.87,9.609,1.106,8.325,5.126,3.299,17.056,16.277,88.049,5.285,5,16,21,23.81,9,3,0,1,2,4,2,0,1,5,-48.348,12,7,2,0,0,0,0,,1,1,0,,11,1,0,3,0,1,0,1,0,0,0,,0,,0,,,0,0,2,50,0,,0,0,0,0,0,0,0,,7,30.435,2,0,,,0,,,0,,,0,0,,0,3,6,5,2
Jack Buller,Collingwood,25,25.62,Key Forward,1,0.9,20,24,0,0,0,77,3,3,6,50,33.333,66.667,33.333,0,,50,0,0,2,3,4,1.5,84,14,46.51,130.51,109.09,-19.95,36.363,-17.74,-5.913,-0.096,-0.686,1.781,-2.032,24.647,-24.647,56.02,-56.02,3,3,6,50,0,2,1,2,0,2,1,0,0,2,14.34,0,1,4,1,4,16.667,0,0,0,0,1,0,1,0,0,0,0,1,1,0,4,5.634,0,0,0,,0,,,2,1,0,,3,33.333,0,0,0,0,0,0,0,,1,4.348,0,0,,,0,,,0,,,0,0,,0,0,10,2,0
Wil Parker,Collingwood,24,24.59,Gen. Defender,1,8.7,49,33,0,0,0,77,7,4,11,81.818,85.714,75,60,2,50,63.636,2,2,2,5.5,5,2.2,199,18.091,69.33,268.33,162.8,72.33,27.133,26.14,6.535,0,6.721,4.42,2.986,26.022,-9.355,56.288,-6.288,3,9,12,25,5,1,0,0,1,3,1,0,0,4,-21.88,5,2,5,0,0,0,0,,0,0,0,,3,0,0,1,0,1,2,-1,0,0,0,,0,,0,,,0,0,1,100,0,,0,0,0,0,0,0,0,,1,4.348,0,0,,,0,,,0,,,0,0,,0,4,19,15,3
Ned Long,Collingwood,23,23.9,Midfielder,1,6.8,70,66,0,0,0,71,4,9,13,61.538,50,66.667,69.231,0,,30.769,1,1,3,4.333,3,4.333,75,5.769,173.02,248.02,50.69,36.55,12.672,26.24,2.916,1.478,1.62,3.278,0.334,25.923,-25.923,77.947,-11.28,6,7,13,46.154,0,6,1,2,4,2,2,0,1,5,-16.493,4,4,4,1,13,54.167,0,0,2,2,4,75,1,0,0,0,0,0,1,-1,0,0,0,,0,,0,,,9,3,0,,0,,0,0,0,0,1,1,6,,2,8.696,0,0,,,0,,,0,,,0,0,,0,0,25,12,0
Edward Allan,Collingwood,22,22.6,Midfielder,1,2.9,35,38,0,0,0,64,4,6,10,70,50,83.333,70,2,0,40,2,1,3,3.333,4,2.5,129,12.9,111.94,240.94,145.56,19.06,36.39,-3.17,-0.528,0.522,0.934,2.241,-0.049,16.385,-16.385,37.372,-12.372,4,7,11,36.364,3,3,1,1,2,3,2,0,0,4,2.281,2,3,3,3,0,0,0,,1,1,1,100,3,0,0,0,0,0,1,-1,0,0,0,,0,,0,,,2,0,0,,0,,0,0,0,0,0,0,0,,2,8.696,0,0,,,0,,,0,,,0,0,,1,2,12,5,1
Nick Daicos,Collingwood,23,23.99,Midfielder,1,9.3,117,136,10,10,1,85,25,16,41,75.61,68,87.5,63.415,4,25,60.976,5,4,6,6.833,7,5.857,844,20.585,545.02,1389.02,686.77,327.67,28.615,42.74,2.671,0.713,5.648,3.109,5.043,23.827,4.745,56.974,0.169,6,32,38,15.789,2,4,1,1,3,1,1,2,0,23,-15.78,8,18,9,3,17,70.833,3,17.647,1,4,6,66.667,7,0,0,0,1,1,1,0,0,0,0,,0,,0,,,2,1,0,,0,,0,0,2,2,1,2,9,0,11,47.826,2,2,2.777,-1.777,0,,,2,2.777,-1.777,1,8.333,100,2,0,9,4,0
Roan Steele,Collingwood,25,25.19,Midfielder,1,7.4,53,53,0,0,0,75,6,5,11,90.909,83.333,100,72.727,1,0,54.545,1,0,1,11,1,11,223,20.273,90.16,313.16,149.82,132,24.97,38.15,7.63,0,6.585,0.434,5.454,29.134,10.866,58.982,1.018,1,8,9,11.111,3,0,0,0,0,1,0,0,0,6,-10.184,1,5,2,1,0,0,0,,0,0,0,,2,0,0,0,0,1,0,1,0,0,0,,0,,0,,,3,1,0,,0,,1,1,0,1,1,1,12,100,4,17.391,2,1,3.965,2.035,0,,,1,3.965,2.035,0,0,,0,1,14,7,1
Scott Pendlebury,Collingwood,38,38.98,Midfielder,1,14.7,112,101,2,2,1,55,9,17,26,80.769,88.889,76.471,88.462,1,100,34.615,2,1,1,26,1,26,31,1.192,415.05,446.05,56.25,8.46,6.25,9.08,0.534,4.183,4.774,8.517,0.307,21.215,16.285,89.209,10.791,11,15,26,42.308,4,9,3,1,8,6,6,1,4,7,-3.425,8,4,8,6,3,12.5,1,33.333,2,3,3,100,8,0,1,0,0,0,0,0,0,0,0,,0,,0,,,4,0,0,,0,,0,0,0,0,5,5,30,,10,43.478,1,0,,,0,,,0,,,1,8.333,0,0,1,13,7,0
Steele Sidebottom,Collingwood,35,35.99,Midfielder,1,6.7,55,49,0,0,0,72,9,6,15,80,77.778,83.333,93.333,2,100,60,2,2,2,7.5,2,7.5,275,18.333,191.88,466.88,237.28,252.47,26.364,20.71,3.452,3.929,1.221,2,3.181,29.967,14.478,60.682,28.207,3,12,15,20,2,3,0,0,3,1,1,0,0,7,-1.627,2,7,3,3,4,16.667,1,25,0,1,1,0,3,0,0,0,0,0,1,-1,0,0,0,,0,,0,,,1,0,0,,0,,0,0,0,0,1,2,7,,6,26.087,1,0,,,0,,,0,,,0,0,,0,1,12,7,0
Jamie Elliott,Collingwood,34,34.36,Gen. Forward,1,7,50,53,0,0,0,81,9,2,11,63.636,55.556,100,63.636,3,66.667,81.818,4,0,3,3.667,2,5.5,257,23.364,64.41,321.41,284.11,129.31,31.568,-0.96,-0.48,0.738,4.127,4.241,2.312,31.81,1.523,54.31,12.357,3,6,9,33.333,0,2,1,0,2,2,1,0,1,1,20.916,0,1,6,2,0,0,0,,1,1,1,100,6,1,1,0,2,0,1,-1,0,0,0,,0,,0,,,0,0,0,,1,0,1,1,1,2,0,0,7,50,6,26.087,1,2,3.338,0.162,1,5.273,0.727,1,1.404,-0.404,0,0,,0,1,13,1,0
Jack Crisp,Collingwood,33,33.24,Midfielder,1,14.7,109,97,0,0,0,74,10,16,26,88.462,80,93.75,88.462,2,50,38.462,2,2,0,,2,13,237,9.115,296.51,533.51,178.72,170.69,17.872,65.11,4.069,0,13.225,9.316,4.084,23.094,16.906,71.223,8.777,9,18,27,33.333,8,8,1,4,4,9,8,0,3,8,-21.173,9,8,9,1,1,4.167,0,0,0,0,0,,9,1,0,3,0,0,0,0,0,0,0,,0,,0,,,2,1,1,0,0,,0,0,0,0,0,0,0,,8,34.783,3,0,,,0,,,0,,,0,0,,0,1,9,5,1
Tim Membrey,Collingwood,32,32.6,Key Forward,1,-2.9,32,31,0,0,0,77,5,3,8,25,20,33.333,37.5,0,,62.5,0,0,3,2.667,4,2,91,11.375,55.68,146.68,176.1,-26.51,35.22,-18.76,-6.253,0,-6.656,3.308,-8.105,48.61,51.39,66.94,33.06,2,7,9,22.222,0,1,0,0,1,2,1,0,0,3,55.02,0,0,1,8,0,0,0,,0,0,0,,4,1,4,0,2,0,3,-3,0,0,0,,0,,0,,,1,1,0,,2,0,0,0,3,4,0,1,4,0,6,26.087,0,4,2.394,-1.644,3,1.793,-1.127,1,4.197,-3.197,0,0,,0,0,5,1,0
Daniel McStay,Collingwood,31,31.52,Key Forward,1,5.9,39,32,0,0,0,78,2,4,6,66.667,100,50,83.333,0,,33.333,0,0,1,6,1,6,42,7,45.12,87.12,38.99,19.3,19.495,-1.45,-0.362,0.484,5.531,1.893,4.274,23,-23,98.49,1.51,3,3,6,50,0,1,1,0,1,0,0,0,0,1,40.555,0,2,0,4,0,0,0,,1,1,3,33.333,1,0,0,0,1,0,0,0,8,11.268,1,12.5,0,0,2,0,100,2,1,0,,0,,1,1,0,1,0,1,7,100,2,8.696,0,1,1.968,4.032,0,,,1,1.968,4.032,0,0,,0,0,7,2,0
Darcy Cameron,Collingwood,31,31.45,Ruck,1,14.8,107,112,0,0,0,87,12,7,19,73.684,66.667,85.714,73.684,0,,63.158,0,2,4,4.75,3,6.333,153,8.053,216.31,369.31,190.27,82.15,15.856,5.55,0.793,3.56,8.783,8.693,4.199,18.908,-0.726,69.756,-15.211,13,4,17,76.471,7,4,0,3,1,6,2,0,0,1,-22.638,6,7,2,2,20,83.333,0,0,5,5,7,71.429,5,2,1,2,1,3,2,1,59,83.099,20,33.898,4,20,4,35,40,6,0,0,,2,50,1,1,0,1,0,0,6,100,5,21.739,3,1,3.356,2.644,1,3.356,2.644,0,,,0,0,,0,1,10,8,1
Billy Frampton,Collingwood,30,30.11,Key Defender,1,5.8,81,79,0,0,0,100,14,5,19,89.474,85.714,100,89.474,0,,73.684,0,5,6,3.167,3,6.333,239,12.579,227.16,466.16,232.04,162.36,16.574,8.41,1.682,0,6.206,4.888,1.88,16.028,-1.742,78.904,6.81,4,17,21,19.048,7,3,0,0,3,4,3,0,1,2,-52.55,15,4,2,0,0,0,0,,0,0,0,,13,0,0,2,0,0,4,-4,0,0,0,,0,,0,,,0,0,2,0,0,,0,0,0,0,0,0,0,,4,17.391,1,0,,,0,,,0,,,0,0,,0,7,5,2,5
Brayden Maynard,Collingwood,30,30.27,Gen. Defender,1,11.8,128,119,0,0,0,87,18,9,27,85.185,83.333,88.889,81.481,1,0,66.667,1,2,3,9,3,9,436,16.148,207.82,643.82,398.64,194.77,22.147,8.5,0.944,0,7.68,8.313,0.781,15.266,3.484,68.911,6.089,9,18,27,33.333,9,8,0,1,7,9,8,0,2,5,-36.276,12,12,2,1,0,0,0,,0,0,0,,13,1,1,1,1,0,3,-3,0,0,0,,0,,0,,,4,0,3,66.667,0,,0,0,1,1,0,0,1,0,5,21.739,2,1,1.195,-0.195,1,1.195,-0.195,0,,,0,0,,0,7,11,7,7
Jordan De Goey,Collingwood,30,30.79,Mid-Forward,1,18.2,90,79,4,4,1,69,12,7,19,78.947,75,85.714,78.947,2,50,63.158,2,2,3,6.333,5,3.8,405,21.316,228.68,633.68,319.21,305.24,26.601,13.99,1.999,-0.311,15.843,4.074,12.145,26.819,16.039,56.227,29.487,5,14,19,26.316,2,3,2,1,2,4,3,0,3,10,-0.417,2,8,6,3,7,29.167,0,0,2,2,3,100,3,0,0,0,0,1,1,0,0,0,0,,0,,0,,,1,0,0,,0,,3,3,0,3,0,0,18,100,7,30.435,0,3,2.991,3.009,0,,,3,2.991,3.009,0,0,,0,2,6,5,0
Dan Houston,Collingwood,29,29.63,Gen. Defender,1,6.9,94,120,2,2,1,81,21,7,28,75,66.667,100,67.857,2,50,75,2,10,4,7,5,5.6,629,22.464,197.89,826.89,599.63,253.96,28.554,27.97,3.996,1.332,3.452,4.1,0.322,16.763,4.29,66.221,-3.063,2,20,22,9.091,4,2,0,0,2,1,1,0,1,8,-33.18,11,7,3,1,0,0,0,,1,1,0,,11,0,1,2,0,0,1,-1,0,0,0,,0,,0,,,3,0,1,100,0,,0,0,1,1,0,1,2,0,4,17.391,1,1,3.258,-2.258,1,3.258,-2.258,0,,,6,50,100,0,1,9,8,1
Harry Perryman,Collingwood,28,28.03,Gen. Defender,1,5.8,63,80,0,0,0,81,15,7,22,59.091,60,57.143,59.091,1,0,68.182,2,3,4,5.5,5,4.4,301,13.682,130.73,431.73,224.13,80.06,14.942,23.52,3.36,1.664,2.658,2.794,2.56,17.38,2.62,69.876,0.124,5,15,20,25,2,4,1,3,1,4,4,0,1,10,-24.466,8,7,4,1,15,62.5,2,13.333,0,2,1,100,5,0,0,0,0,0,2,-2,0,0,0,,0,,0,,,3,1,0,,0,,0,0,0,0,0,0,0,,4,17.391,2,0,,,0,,,0,,,0,0,,0,1,13,11,0
Jack Silvagni,St Kilda,29,29.03,Key Defender,1,8.7,80,77,0,0,0,87,13,6,19,73.684,76.923,66.667,68.421,2,50,68.421,2,2,2,9.5,4,4.75,253,13.316,134.09,387.09,267.52,142.39,20.578,-1.57,-0.262,0,7.721,5.384,0.534,19.859,-11.526,63.148,-4.815,6,10,16,37.5,9,4,0,1,3,6,4,0,0,5,-33.384,7,7,2,0,0,0,0,,0,0,0,,5,0,0,2,0,2,1,1,0,0,0,,0,,0,,,3,0,1,0,0,,0,0,0,0,0,0,0,,2,9.524,1,0,,,0,,,0,,,1,8.333,100,1,5,8,4,4
Jack Higgins,St Kilda,27,27.78,Gen. Forward,1,12,72,48,0,0,0,80,4,7,11,90.909,75,100,90.909,1,0,36.364,2,0,0,,1,11,100,9.091,181.47,281.47,104.33,42.08,26.082,-7.08,-1.011,0.848,6.594,5.196,2.246,36.49,-3.157,43.857,-10.523,5,7,12,41.667,1,3,2,1,2,4,2,0,1,5,40.765,0,2,4,6,0,0,0,,1,1,1,100,1,0,0,0,0,1,0,1,0,0,0,,0,,0,,,3,3,0,,0,,1,1,0,1,0,2,8,100,5,23.81,2,1,4.874,1.126,1,4.874,1.126,0,,,0,0,,0,1,12,2,0
Liam Ryan,St Kilda,30,30.24,Gen. Forward,1,1.2,24,35,0,0,0,71,6,3,9,55.556,33.333,100,66.667,1,0,66.667,1,0,5,1.8,3,3,251,27.889,83.99,334.99,227.28,137.43,37.88,28.74,9.58,0,-0.007,4.657,0.613,32.633,0.7,40.427,26.24,4,5,9,44.444,2,2,0,0,2,4,2,0,1,1,34.664,0,1,4,4,0,0,0,,0,0,0,,1,0,1,0,0,2,2,0,0,0,0,,0,,0,,,1,0,0,,1,100,1,1,2,3,0,0,8,33.333,5,23.81,1,3,2.578,0.089,2,3.192,0.308,1,1.349,-0.349,0,0,,4,0,6,2,0
Tom De Koning,St Kilda,27,27.46,Ruck,1,14,96,84,0,0,0,82,9,11,20,90,77.778,100,85,4,50,45,4,0,3,6.667,2,10,173,8.65,212.75,385.75,214.12,69.13,23.791,-7.08,-0.644,4.973,6.452,7.485,1.828,32.1,1.233,62.469,-6.913,8,12,20,40,4,2,0,1,1,4,1,0,0,8,4.944,2,4,13,1,18,75,3,16.667,1,4,4,100,6,2,0,3,1,2,2,0,38,53.521,17,44.737,5,29.412,1,52.941,52.941,1,1,3,66.667,0,,0,0,0,0,0,0,0,,6,28.571,4,0,,,0,,,0,,,0,0,,0,5,7,3,3
Sam Flanders,St Kilda,25,25.43,Gen. Forward,1,7,77,100,0,0,0,87,14,14,28,60.714,42.857,78.571,78.571,3,66.667,50,3,3,4,7,5,5.6,505,18.036,322.89,827.89,431.62,358.75,30.83,41.87,2.991,0.53,3.17,4.997,-0.49,27.371,1.2,47.886,2.114,7,21,28,25,4,5,1,1,4,5,4,1,1,12,-6.802,4,13,9,2,18,75,1,5.556,0,1,2,50,7,0,0,0,1,1,0,1,0,0,0,,0,,0,,,2,0,0,,0,,0,0,0,0,0,1,1,,4,19.048,1,0,,,0,,,0,,,0,0,,0,0,16,6,0
Jack Carroll,St Kilda,24,24.03,Midfielder,1,5,54,78,0,0,0,71,11,5,16,75,63.636,100,68.75,3,0,68.75,3,3,1,16,2,8,361,22.562,268.77,629.77,362.94,144.14,32.995,14.03,2.806,0.494,1.708,3.21,-1.1,24.644,-14.644,57.363,2.637,2,14,16,12.5,4,0,0,0,0,2,0,0,0,4,-17.238,4,7,5,0,0,0,0,,0,0,0,,8,0,0,2,0,2,0,2,0,0,0,,0,,0,,,2,0,1,0,0,,0,0,1,1,0,0,1,0,2,9.524,0,1,3.576,-2.576,0,,,1,3.576,-2.576,0,0,,0,0,7,6,0
Nasiah Wanganeen-Milera,St Kilda,23,23.85,Gen. Defender,1,11.8,63,73,0,0,0,79,16,3,19,68.421,62.5,100,73.684,4,25,84.211,5,1,5,3.8,5,3.8,374,19.684,125.67,499.67,366.44,254.95,22.902,-3.6,-1.2,3.85,4.031,2.953,5.893,24.28,2.993,56.766,15.961,5,9,14,35.714,0,4,1,0,4,3,3,0,2,6,6.711,1,5,7,1,15,62.5,1,6.667,1,2,2,50,1,0,0,0,0,1,1,0,0,0,0,,0,,0,,,3,2,0,,0,,1,1,0,1,0,0,6,100,4,19.048,2,1,2.426,3.574,0,,,1,2.426,3.574,2,16.667,100,0,1,14,5,0
Cooper Sharman,St Kilda,26,26.43,Key Forward,1,2.2,53,65,0,0,0,83,4,6,10,60,50,66.667,60,1,0,40,2,0,3,3.333,3,3.333,125,12.5,113.63,238.63,148.51,67.6,37.127,11.78,1.963,-0.431,-0.008,6.688,-0.539,,,,,6,5,11,54.545,1,2,0,0,2,6,2,0,0,1,37.765,0,1,6,4,0,0,0,,0,0,0,,4,1,2,0,1,2,0,2,3,4.225,2,66.667,0,0,0,0,0,3,1,0,,1,100,2,2,1,3,0,0,13,66.667,4,19.048,0,3,3.946,0.387,3,3.946,0.387,0,,,0,0,,0,3,19,2,1
Mattaes Phillipou,St Kilda,22,22.01,Gen. Forward,1,9.4,66,66,0,0,0,76,8,10,18,55.556,37.5,70,61.111,2,50,44.444,2,1,2,9,3,6,267,14.833,95.22,362.22,231.86,137.48,28.983,41.71,4.171,4.673,2.37,5.567,1.064,33.307,-16.64,45.732,20.935,10,8,18,55.556,2,7,2,3,4,4,2,1,0,6,14.482,1,4,7,6,10,41.667,2,20,1,3,4,75,1,0,0,1,0,2,0,2,0,0,0,,0,,0,,,4,2,0,,1,0,0,0,1,2,0,0,1,0,4,19.048,1,2,1.945,-1.445,1,1.326,-1.326,1,2.565,-1.565,0,0,,0,0,26,12,0
Max Hall,St Kilda,24,24.71,Gen. Forward,1,9.3,79,74,0,0,0,80,7,10,17,82.353,57.143,100,68.75,1,0,41.176,2,1,3,5.667,3,5.667,127,7.471,137.67,264.67,171.83,-31.35,24.547,-31.11,-3.457,-1.142,7.881,6.094,0.653,27.958,22.042,66.635,-16.635,6,11,17,35.294,2,6,4,0,6,5,5,0,4,5,33.817,1,1,8,7,2,8.333,0,0,1,1,1,100,3,0,0,1,1,0,1,-1,0,0,0,,0,,0,,,5,4,0,,0,,1,1,1,3,1,1,13,33.333,6,28.571,1,3,2.86,-0.527,0,,,3,2.86,-0.527,0,0,,0,0,26,6,0
Marcus Windhager,St Kilda,23,23.62,Midfielder,1,9.9,102,116,0,0,0,82,20,9,29,72.414,65,88.889,68.966,6,16.667,68.966,6,3,2,14.5,7,4.143,514,17.724,274.46,788.46,458.6,220.69,22.93,39.37,4.374,1.814,4.364,5.728,1.282,25.388,-4.335,63.439,-10.807,7,22,29,24.138,5,5,0,0,5,4,3,0,1,9,-23.501,10,9,10,0,0,0,1,,1,2,2,50,11,0,0,1,0,1,0,1,0,0,0,,0,,0,,,1,0,0,,0,,0,0,0,0,0,0,0,,3,14.286,1,0,,,0,,,0,,,1,8.333,0,0,3,10,6,2
Mitch Owens,St Kilda,23,23.26,Key Forward,1,11.3,77,62,0,0,0,86,8,4,12,58.333,50,75,58.333,3,66.667,66.667,4,0,1,12,2,6,263,21.917,-32.54,230.46,277.6,151.05,34.7,11.69,2.922,0,11.954,7.064,4.336,40.66,-15.66,40.207,9.793,5,7,12,41.667,3,2,1,2,0,5,2,0,0,5,43.532,0,1,5,6,0,0,0,,0,0,0,,3,1,2,1,1,2,0,2,4,5.634,1,25,0,0,0,100,100,1,0,0,,5,60,2,2,2,4,1,1,20,50,6,28.571,1,4,3.545,-0.045,3,3.787,-1.12,1,2.817,3.183,0,0,,0,3,4,2,2
Anthony Caminiti,St Kilda,23,23.06,Key Defender,1,5.5,45,33,0,0,0,93,5,5,10,80,80,80,70,0,,50,0,2,3,3.333,1,10,93,9.3,167.82,260.82,136.68,57.1,27.336,-7.03,-1.406,0,4.826,3.478,-0.252,18.985,31.015,60.993,14.007,5,6,11,45.455,5,4,0,0,4,5,4,0,1,3,-39.986,6,5,0,0,0,0,0,,0,0,0,,3,0,0,0,0,1,2,-1,0,0,0,,0,,0,,,1,0,1,100,0,,0,0,0,0,0,0,0,,2,9.524,0,0,,,0,,,0,,,0,0,,0,7,4,4,7
Hugo Garcia,St Kilda,21,21.61,Midfielder,1,8.7,78,79,0,0,0,71,7,10,17,82.353,71.429,90,76.471,5,40,41.176,5,0,1,17,4,4.25,177,10.412,317.95,494.95,172.22,65.67,24.603,-11.19,-1.119,5.32,1.209,4.814,1.625,32.931,9.926,53.56,-10.703,7,10,17,41.176,0,4,1,0,4,1,1,1,1,6,-2.813,1,9,6,1,16,66.667,3,18.75,2,5,6,83.333,4,0,0,0,1,2,0,2,0,0,0,,0,,0,,,6,2,0,,0,,0,0,0,0,0,1,1,,4,19.048,0,0,,,0,,,0,,,0,0,,0,1,18,7,0
Darcy Wilson,St Kilda,21,21.36,Mid-Forward,1,-2.1,49,75,0,0,0,83,15,6,21,42.857,26.667,83.333,33.333,5,20,71.429,5,0,6,3.5,8,2.625,402,19.143,202.07,604.07,338.22,103.76,22.548,-4.24,-0.707,-1.633,0.01,3.436,-4.114,32.289,-23.198,44.612,-17.339,3,17,20,15,1,2,2,1,1,3,2,0,0,11,18.949,1,6,6,7,0,0,0,,0,0,0,,5,0,0,0,1,2,3,-1,0,0,0,,0,,0,,,2,2,0,,1,0,0,0,2,4,1,1,8,0,6,28.571,1,4,3.189,-2.689,1,4.84,-3.84,3,2.639,-2.306,0,0,,4,0,11,2,0
Hugh Boxshall,St Kilda,20,20.47,Midfielder,1,1.1,33,46,0,0,0,67,4,3,7,42.857,25,66.667,33.333,1,0,57.143,2,0,2,3.5,2,3.5,121,17.286,43.07,164.07,143.78,20.13,35.945,-9.73,-4.865,0.938,-2.694,0.938,-2.53,23.593,-23.593,41.6,-41.6,1,7,8,12.5,0,0,0,0,0,0,0,0,0,5,24.551,0,2,4,2,0,0,0,,1,1,0,,2,0,1,0,0,0,1,-1,0,0,0,,0,,0,,,6,3,0,,0,,0,0,1,1,0,0,1,0,1,4.762,0,1,2.034,-1.034,1,2.034,-1.034,0,,,0,0,,0,2,23,9,1
Alix Tauru,St Kilda,20,20.12,Key Defender,1,3.2,21,20,0,0,0,71,4,2,6,83.333,75,100,100,0,,66.667,0,0,0,,0,,72,12,22.74,94.74,81.87,65.2,20.467,-5.64,-2.82,0.515,2.284,0.77,1.537,16.62,8.38,63.793,11.207,2,3,5,40,1,0,0,0,0,1,0,1,0,2,-21.004,1,3,1,0,0,0,0,,1,1,1,100,1,0,0,0,0,1,0,1,0,0,0,,0,,0,,,0,0,0,,0,,0,0,0,0,0,0,0,,2,9.524,0,0,,,0,,,0,,,0,0,,0,1,9,7,1
Mason Wood,St Kilda,33,33.29,Mid-Forward,1,6.3,55,48,0,0,0,66,8,5,13,69.231,62.5,80,61.538,2,0,61.538,2,1,0,,3,4.333,264,20.308,118.8,382.8,239.16,103.53,29.895,-16.15,-3.23,1.473,3.418,2.723,2.173,27.456,-13.17,48.149,8.994,5,8,13,38.462,2,5,2,2,3,3,3,0,2,5,5.157,2,3,6,2,0,0,0,,2,2,1,100,2,0,0,0,0,0,0,0,0,0,0,,0,,0,,,2,2,0,,0,,0,0,0,0,0,0,0,,1,4.762,0,0,,,0,,,0,,,0,0,,0,1,7,3,1
Jack Macrae,St Kilda,32,32.41,Midfielder,1,8.8,53,53,0,0,0,52,3,11,14,71.429,0,90.909,71.429,1,0,21.429,1,1,6,2.333,6,2.333,127,9.071,203.93,330.93,87.73,12.31,29.243,13.51,1.228,3.258,4.423,7.672,0.124,17.087,-17.087,38.757,-38.757,9,8,17,52.941,2,5,1,1,4,6,5,1,3,5,-4.418,3,6,7,1,11,45.833,3,27.273,1,4,2,100,1,0,0,0,0,1,2,-1,0,0,0,,0,,0,,,6,2,0,,0,,0,0,0,0,0,0,0,,3,14.286,0,0,,,0,,,0,,,0,0,,0,2,13,4,0
Bradley Hill,St Kilda,33,33.47,Mid-Forward,1,10.1,83,89,0,0,0,80,19,5,24,75,68.421,100,75,5,20,79.167,6,4,4,6,5,4.8,760,31.667,195.91,955.91,613.42,473.52,32.285,6.95,1.39,0,8.939,3.072,6.85,20.772,1.45,49.351,-4.907,4,18,22,18.182,5,3,0,0,3,4,3,0,2,13,-13.963,5,8,9,0,0,0,0,,0,0,0,,5,0,0,0,0,0,1,-1,0,0,0,,0,,0,,,1,1,0,,0,,1,1,0,1,0,0,6,100,4,19.048,1,1,3.093,2.907,1,3.093,2.907,0,,,0,0,,1,2,12,3,1
Callum Wilkie,St Kilda,30,30.81,Key Defender,1,16,104,104,0,0,0,100,16,10,26,92.308,93.75,90,84.615,1,0,61.538,1,4,1,26,3,8.667,278,10.692,291.39,569.39,225.86,142.79,14.116,6.98,0.698,0,13.748,6.34,5.711,20.67,4.33,73.357,7.893,7,19,26,26.923,9,5,0,2,3,7,5,0,0,6,-30.497,7,16,3,0,0,0,0,,0,0,0,,12,2,0,2,0,0,0,0,0,0,0,,0,,0,,,0,0,3,0,0,,0,0,0,0,0,0,0,,4,19.048,2,0,,,0,,,0,,,0,0,,3,4,2,2,4
Rowan Marshall,St Kilda,31,31.1,Ruck,1,6.1,38,28,0,0,0,63,3,3,6,50,33.333,66.667,66.667,2,100,50,2,0,1,6,1,6,86,14.333,147.16,233.16,90.34,56.97,30.113,1.84,0.613,3.63,1.778,3.91,0.888,25.53,41.137,37.387,29.28,7,1,8,87.5,2,1,0,0,1,3,1,1,0,1,-7.579,1,4,3,0,6,25,1,16.667,2,3,4,75,0,0,0,0,0,1,0,1,26,36.62,8,30.769,2,25,3,37.5,37.5,1,0,0,,1,0,0,0,0,0,0,1,1,,4,19.048,2,0,,,0,,,0,,,0,0,,0,2,6,1,1
Jack Sinclair,St Kilda,31,31.88,Gen. Defender,1,24.9,143,122,6,6,1,88,21,14,35,94.286,90.476,100,91.429,2,50,60,3,3,1,35,1,35,560,16,709.2,1269.2,461.29,501.49,21.966,53.76,3.84,1.863,18.639,6.458,13.214,20.988,7.584,74.313,16.163,7,21,28,25,7,5,0,1,4,6,5,0,3,13,-20.008,9,9,9,1,0,0,0,,1,1,0,,6,0,0,0,0,1,0,1,0,0,0,,0,,0,,,3,0,0,,0,,0,0,0,0,1,2,7,,4,19.048,0,0,,,0,,,0,,,8,66.667,100,0,4,7,5,1
