Player,Team,JumperNumber,Age,Age_Decimal,Height,Position,DebutYear,Matches_Career,Goals_Total_Career,Matches_Finals,Goals_Total_Finals,Matches_Current,Goals_Total_Current,RatingPoints_Career,Supercoach_Career,Disposals_Career,ContestedPossessions_Career,Goals_Career,RatingPoints_Recent,Supercoach_Recent,Disposals_Recent,ContestedPossessions_Recent,Goals_Recent
Alex Neal-Bullen,Adelaide,28,30,30.97,182,Gen. Forward,2015,201,133,12,7,25,17,9.524,72.353,15.836,6.154,0.662,9.895,78.8,16.25,6.35,0.65
Archie Ludowyke,Adelaide,34,19,19.11,197,Key Forward,,0,,,,0,,,,,,,,,,,
Ben Keays,Adelaide,2,29,29.85,185,Gen. Forward,2016,161,128,2,1,25,36,10.317,82.391,19.205,8.025,0.795,9.5,78.5,16.2,6.9,1.25
Billy Dowling,Adelaide,31,22,22.5,187,Mid-Forward,2024,10,6,0,,1,2,6.78,65.6,16.7,6.3,0.6,6.78,65.6,16.7,6.3,0.6
Brayden Cook,Adelaide,15,24,24.45,189,Mid-Forward,2021,30,15,0,,3,0,5.313,45.7,9.933,3.1,0.5,5.535,46.75,8.9,2.75,0.6
Callum Ah Chee,Adelaide,4,29,29.22,182,Gen. Forward,2016,169,99,16,15,26,24,6.717,58.728,12.207,4.941,0.586,5.93,63.35,13.7,4.1,0.85
Charlie Edwards,Adelaide,11,21,21.62,191,Gen. Defender,,0,,,,0,,,,,,,,,,,
Chayce Jones,Adelaide,1,26,26.96,180,Midfielder,2019,97,23,0,,5,0,6.506,52.763,12.691,4.835,0.237,6.665,51.15,12.3,4.45,0.3
Daniel Curtin,Adelaide,6,21,21.81,197,Midfielder,2024,32,14,2,0,25,11,8.722,64.125,12.125,5.781,0.438,9.83,75.9,14.1,7.05,0.35
Darcy Fogarty,Adelaide,32,27,27.26,192,Key Forward,2018,126,199,2,1,24,41,8.139,61.048,10,4.468,1.579,5.95,59.8,11.3,3.75,1.45
Finnbar Maley,Adelaide,36,23,23.45,197,Key Forward,2025,7,4,0,,7,4,3.329,36,6.571,3.857,0.571,3.329,36,6.571,3.857,0.571
Hugh Bond,Adelaide,21,22,22.26,185,Gen. Defender,2024,12,0,1,0,5,0,6.25,45.417,8.5,4.417,0,6.25,45.417,8.5,4.417,0
Indy Cotton,Adelaide,33,19,19.48,194,Gen. Forward,,0,,,,0,,,,,,,,,,,
Isaac Cumming,Adelaide,44,28,28.38,188,Midfielder,2018,105,17,9,2,24,7,8.944,76.914,18.143,4.914,0.162,8.03,65.05,14.65,5.35,0.25
Izak Rankine,Adelaide,23,26,26.69,179,Mid-Forward,2020,105,153,0,,22,31,11.583,79.819,15.543,8.152,1.457,13.155,98.4,20.45,11.25,1.35
Jake Soligo,Adelaide,14,23,23.93,179,Midfielder,2022,85,36,2,1,25,14,10.033,78.459,18.929,8.459,0.424,10.255,84.55,19.85,8.95,0.5
James Borlase,Adelaide,35,24,24.45,192,Key Defender,2023,16,1,0,,2,0,6.481,58.625,9.562,3.938,0.062,6.481,58.625,9.562,3.938,0.062
James Peatling,Adelaide,25,26,26.36,186,Midfielder,2021,68,28,5,4,23,12,7.709,64.206,14.191,6.412,0.412,9.4,81.55,18.7,8.85,0.55
Jordan Dawson,Adelaide,12,29,29.72,190,Midfielder,2017,156,78,3,1,25,18,12.534,100.904,22.404,7.071,0.5,14.34,112.6,22.65,9.85,0.8
Jordon Butts,Adelaide,41,27,27,195,Key Defender,2020,85,0,0,,10,0,5.825,50.224,9.224,3.318,0,5.855,48.35,8.05,2.8,0
Josh Rachele,Adelaide,8,23,23.72,180,Gen. Forward,2022,70,97,1,2,14,27,9.026,65.029,13.414,4.8,1.386,10.38,65.75,11.65,3.85,1.9
Josh Worrell,Adelaide,24,25,25.72,195,Gen. Defender,2021,55,0,2,0,25,0,8.729,83.655,18.055,6.073,0,8.725,95.25,21.6,6.45,0
Lachlan McAndrew,Adelaide,42,26,26.6,210,Ruck,2023,2,0,0,,0,,4.6,38,6,4,0,4.6,38,6,4,0
Lachlan Sholl,Adelaide,38,26,26.81,186,Midfielder,2020,79,26,0,,5,1,7.01,68.43,17.633,4.759,0.329,7.54,78.25,20.3,5.35,0.5
Luke Nankervis,Adelaide,27,23,23.6,189,Midfielder,2023,31,1,0,,7,0,6.742,63.516,15.548,4.645,0.032,7.27,64.65,15.85,5.1,0.05
Luke Pedlar,Adelaide,10,24,24.62,183,Gen. Forward,2021,39,40,2,4,9,13,5.587,45.923,9.205,4.205,1.026,4.89,43.5,8.4,3.85,1
Mark Keane,Adelaide,48,26,26.79,194,Key Defender,2020,56,0,2,0,25,0,9.725,74.357,15.232,4.875,0,10.235,81.95,15.1,4.95,0
Max Michalanney,Adelaide,16,22,22.84,190,Gen. Defender,2023,66,4,2,0,21,4,5.609,61.136,13.015,3.621,0.061,5.86,60.75,13.3,3.5,0.2
Mitchell Hinge,Adelaide,20,28,28.5,187,Gen. Defender,2019,89,8,2,0,24,1,9.526,79.427,17.876,5.562,0.09,6.99,67.6,14.6,4.1,0
Mitchell Marsh,Adelaide,26,19,19.87,190,Key Forward,,0,,,,0,,,,,,,,,,,
Nick Murray,Adelaide,9,26,26.03,195,Key Defender,2021,67,1,2,0,12,0,6.594,50.597,8.672,3.478,0.015,5.54,49.5,9.3,2.85,0
Oscar Ryan,Adelaide,22,21,21.63,187,Gen. Defender,,0,,,,0,,,,,,,,,,,
Reilly O'Brien,Adelaide,43,31,31.36,201,Ruck,2016,146,17,2,0,25,3,12.135,96.705,13.171,7.966,0.116,10.58,99.1,12.6,6.9,0.15
Riley Thilthorpe,Adelaide,7,24,24.48,201,Key Forward,2021,78,119,2,5,25,60,10.064,73.244,11.654,6.756,1.526,13.465,98.05,13.4,7.75,2.25
Rory Laird,Adelaide,29,33,33,178,Gen. Defender,2013,269,31,9,0,22,1,11.161,101.152,26.874,9.71,0.115,9.63,106.4,23.95,8.05,0.05
Sam Berry,Adelaide,3,24,24.88,181,Midfielder,2021,76,18,2,0,19,6,8.347,65.737,13.658,7.447,0.237,9.165,69.2,15.05,7.5,0.35
Sid Draper,Adelaide,5,20,20.49,182,Mid-Forward,2025,10,3,0,,10,3,2.43,23.3,7.2,2.8,0.3,2.43,23.3,7.2,2.8,0.3
Taylor Walker,Adelaide,13,36,36.68,192,Key Forward,2009,301,680,12,25,23,39,11.243,75.405,12.601,5.794,2.259,8.41,66.4,12.2,5.2,1.65
Toby Murray,Adelaide,39,23,23.15,200,Ruck,,0,,,,0,,,,,,,,,,,
Tyler Welsh,Adelaide,17,20,20.37,192,Key Forward,,0,,,,0,,,,,,,,,,,
Wayne Milera,Adelaide,30,29,29.29,185,Gen. Defender,2016,123,31,2,0,24,2,8.536,71.789,17.114,4.919,0.252,8.895,83.75,18.4,5.1,0.05
Zac Taylor,Adelaide,19,23,23.91,180,Gen. Forward,2024,26,8,2,0,17,4,5.515,46.192,9.731,4.538,0.308,5.585,45.5,9.25,4,0.35
Ben Murphy,Brisbane,39,19,19.91,191,Gen. Defender,,0,,,,0,,,,,,,,,,,
Bruce Reville,Brisbane,38,25,25.85,185,Midfielder,2024,25,7,3,0,13,3,6.08,46.56,9.96,2.6,0.28,5.445,42.15,9.3,2.35,0.3
Cam Rayner,Brisbane,16,27,27.19,187,Gen. Forward,2018,167,171,17,20,27,36,8.943,66.623,13.461,6.024,1.024,10.76,76.2,16,6.8,1.55
Charlie Cameron,Brisbane,23,32,32.49,180,Gen. Forward,2014,254,436,27,53,25,32,9.187,68.181,11.157,4.728,1.717,7.06,59.4,9.85,3.95,1.4
Cody Curtin,Brisbane,37,19,19.62,200,Key Forward,,0,,,,0,,,,,,,,,,,
Conor McKenna,Brisbane,26,30,30.76,184,Gen. Forward,2015,128,29,9,1,5,2,8.503,63.32,16.18,3.828,0.227,4.315,40.85,10.15,2.2,0.1
Daniel Annable,Brisbane,14,19,19.73,184,Midfielder,,0,,,,0,,,,,,,,,,,
Darcy Fort,Brisbane,32,33,33.4,204,Ruck,2019,57,21,6,1,21,4,9.37,71.368,9.684,6.421,0.368,10.295,79.45,10,6.3,0.15
Darcy Gardiner,Brisbane,27,31,31.27,192,Key Defender,2014,183,14,14,0,18,6,6.813,59.842,11.956,4.437,0.077,6.365,55.85,9.75,3.35,0.4
Darcy Wilmot,Brisbane,44,23,23,183,Gen. Defender,2022,83,12,14,1,27,6,10.098,78.867,18.398,5.494,0.145,11.845,86.55,20.15,4.95,0.25
Darragh Joyce,Brisbane,41,29,29.69,195,Key Defender,2018,24,0,0,,0,,4.638,42.958,9.833,3.458,0,4.555,43.7,9.7,3.25,0
Dayne Zorko,Brisbane,15,37,37.89,175,Gen. Defender,2012,304,237,20,5,27,4,13.258,99.461,21.99,7.868,0.78,11.665,103.05,26.55,5,0.05
Eric Hipwood,Brisbane,30,29,29.29,204,Key Forward,2016,199,287,14,18,22,25,5.803,57.332,10.101,4.025,1.442,5.3,55.65,10.55,4.15,1.1
Harris Andrews,Brisbane,31,30,30.05,200,Key Defender,2015,239,11,20,0,27,0,11.76,80.916,13.205,5.188,0.046,11.91,87.05,14.75,5.2,0
Henry Smith,Brisbane,25,24,24.26,202,Key Forward,2024,6,4,0,,2,4,5.333,41.167,6.333,3.667,0.667,5.333,41.167,6.333,3.667,0.667
Hugh McCluggage,Brisbane,6,28,28.83,187,Midfielder,2017,209,134,20,16,27,18,11.489,95.593,22.598,8.593,0.641,15.84,116.7,28,12.15,0.75
Jack Payne,Brisbane,40,27,27.21,196,Key Defender,2020,81,2,10,0,13,0,7.149,60.198,10.469,3.593,0.025,7.34,62.7,10.7,3,0
James Tunstill,Brisbane,29,23,23.45,187,Midfielder,2022,12,1,0,,3,0,4.05,31.583,7.167,2.417,0.083,4.05,31.583,7.167,2.417,0.083
Jarrod Berry,Brisbane,7,28,28.9,193,Midfielder,2017,184,73,19,6,24,9,8.57,78.592,17.81,6.592,0.397,9.455,84,19.4,5.95,0.35
Jaspa Fletcher,Brisbane,3,22,22.84,184,Gen. Defender,2023,68,20,11,5,27,7,8.599,71.735,16.662,5.029,0.294,11.125,90.75,22.3,5.9,0.25
Josh Dunkley,Brisbane,5,29,29.97,191,Midfielder,2016,194,80,22,7,27,7,11.822,103.649,23.299,10.412,0.412,12.69,112.95,24.5,10.6,0.25
Kai Lohmann,Brisbane,1,23,23.65,185,Gen. Forward,2022,53,57,8,17,18,20,6.875,59.226,10.377,4.472,1.075,6.32,56.45,10.7,4.25,1.25
Keidean Coleman,Brisbane,18,26,26.75,182,Gen. Defender,2020,66,14,9,0,1,0,7.856,68.727,14.379,4.455,0.212,8.985,78.35,17.25,4.2,0.1
Koby Evans,Brisbane,24,19,19.31,187,Midfielder,,0,,,,0,,,,,,,,,,,
Lachie Neale,Brisbane,9,33,33.6,177,Midfielder,2012,294,136,25,8,22,8,14.055,107.18,27.354,13.082,0.463,14.41,104.8,27.25,12.35,0.35
Levi Ashcroft,Brisbane,10,20,20.03,181,Midfielder,2025,27,12,4,1,27,12,7.015,72.852,19.148,6.111,0.444,6.965,72.05,18.85,6.5,0.45
Lincoln McCarthy,Brisbane,11,33,33.19,176,Gen. Forward,2012,151,167,15,11,0,,8.26,64.623,11.854,5.576,1.106,8.825,66.65,12.3,5.15,1.25
Logan Morris,Brisbane,13,21,21.64,191,Key Forward,2024,45,77,8,11,26,53,7.527,59.089,8.889,3.978,1.711,8.165,61.5,9.3,4,2.1
Luke Beecken,Brisbane,17,25,25.7,185,Midfielder,2025,1,0,0,,1,0,0.9,7,3,0,0,0.9,7,3,0,0
Luke Lloyd,Brisbane,19,21,21.39,193,Key Defender,,0,,,,0,,,,,,,,,,,
Noah Answerth,Brisbane,43,27,27.4,182,Gen. Defender,2019,88,3,8,0,17,1,6.001,59.58,12.455,4,0.034,6.82,67.9,13.7,3.7,0.05
Oscar Allen,Brisbane,4,27,27.78,196,Key Forward,2018,105,151,1,2,12,12,8.201,65.771,9.781,4.552,1.438,7.68,58.85,9.15,3.85,1.5
Reece Torrent,Brisbane,36,21,21.41,184,Midfielder,,0,,,,0,,,,,,,,,,,
Ryan Lester,Brisbane,35,34,34.34,190,Gen. Defender,2011,233,48,14,2,26,1,8.646,67.901,14.163,5.193,0.206,8.675,64.5,12.5,3.8,0.05
Sam Draper,Brisbane,2,28,28.25,205,Ruck,2020,78,43,1,0,5,7,11.108,75.385,10.397,6.795,0.551,12.055,80.9,11.7,7.25,0.85
Sam Marshall,Brisbane,20,20,20.94,185,Midfielder,2025,11,1,4,0,11,1,4.609,37.818,11.182,2.818,0.091,4.609,37.818,11.182,2.818,0.091
Shadeau Brain,Brisbane,34,22,22.87,183,Gen. Defender,2024,9,0,0,,0,,5.678,46.444,9.889,4.556,0,5.678,46.444,9.889,4.556,0
Tai Hayes,Brisbane,42,22,22.11,183,Midfielder,,0,,,,0,,,,,,,,,,,
Tom Doedee,Brisbane,12,29,29.83,190,Gen. Defender,2018,83,3,0,,1,0,10.222,79.41,16.181,5.94,0.036,8.58,66.4,14.55,4.45,0
Ty Gallop,Brisbane,22,20,20.89,194,Key Forward,2025,6,4,4,4,6,4,6.367,45.5,8.667,4.5,0.667,6.367,45.5,8.667,4.5,0.667
Will Ashcroft,Brisbane,8,22,22.65,182,Midfielder,2023,58,26,8,6,27,15,11.733,94.034,24.621,8.983,0.448,13.395,104.5,27.6,10.6,0.6
Will McLachlan,Brisbane,28,21,21.71,185,Gen. Forward,2025,6,3,0,,6,3,2.217,23.333,4.5,1.5,0.5,2.217,23.333,4.5,1.5,0.5
Zac Bailey,Brisbane,33,27,27.27,181,Mid-Forward,2018,166,185,20,24,26,42,9.89,74.717,16.44,6,1.114,11.38,90.3,21.35,7.1,1.5
Zane Zakostelsky,Brisbane,21,21,21.04,196,Ruck,,0,,,,0,,,,,,,,,,,
Adam Cerra,Carlton,5,27,27.23,188,Midfielder,2018,148,39,4,1,19,5,10.094,85.216,20.311,7.824,0.264,11.705,97.05,24.25,10.35,0.25
Adam Saad,Carlton,42,32,32.44,178,Gen. Defender,2015,216,12,5,2,21,1,11.208,83.958,18.361,5.352,0.056,9.315,80.35,17.85,4.7,0.05
Ashton Moir,Carlton,43,21,21.71,188,Gen. Forward,2024,11,12,0,,9,10,4.945,42.364,7.545,3.273,1.091,4.945,42.364,7.545,3.273,1.091
Ben Ainsworth,Carlton,12,28,28.88,178,Gen. Forward,2017,158,137,2,1,24,23,7.376,66.696,15.12,4.918,0.867,6.525,55.25,12.45,3.1,1.1
Ben Camporeale,Carlton,16,20,20.44,186,Midfielder,,0,,,,0,,,,,,,,,,,
Billy Wilson,Carlton,15,21,21.54,183,Gen. Defender,2025,4,0,0,,4,0,5.75,50.75,12,2.25,0,5.75,50.75,12,2.25,0
Blake Acres,Carlton,13,31,31.23,193,Midfielder,2014,187,65,6,4,19,5,8.918,77.54,19.583,6.529,0.348,6.53,70.3,19,5.85,0.3
Brodie Kemp,Carlton,17,25,25.66,192,Key Forward,2021,49,14,3,0,5,7,7.086,64.286,13.653,4,0.286,6.825,63,12.05,3.8,0.65
Campbell Chesser,Carlton,31,23,23.67,186,Midfielder,2023,36,7,0,,4,2,5.05,43.111,11.778,3.639,0.194,6.04,49.2,11.85,3.9,0.3
Cooper Lord,Carlton,36,21,21.78,184,Midfielder,2024,23,5,0,,21,5,7.574,61.522,14.261,5.13,0.217,7.615,60.1,14,4.85,0.25
Flynn Young,Carlton,45,24,24.9,181,Gen. Forward,2025,8,5,0,,8,5,4.487,38.75,10.5,2.125,0.625,4.487,38.75,10.5,2.125,0.625
Francis Evans,Carlton,44,25,25.35,182,Gen. Forward,2021,44,35,3,0,10,13,5.659,43.773,8.295,3.591,0.795,7.185,55.4,10.05,4.45,1
George Hewett,Carlton,29,31,31,187,Midfielder,2016,202,53,12,3,23,7,10.461,84.025,20.609,9.797,0.262,13.9,111.9,28.35,13.3,0.3
Harry Charleson,Carlton,28,20,20.51,182,Gen. Defender,,0,,,,0,,,,,,,,,,,
Harry Dean,Carlton,35,19,19.13,193,Key Defender,,0,,,,0,,,,,,,,,,,
Harry McKay,Carlton,10,29,29.01,200,Key Forward,2017,140,274,3,5,12,22,8.332,73.207,11.086,5.857,1.957,9.33,81.05,13.3,6.95,2.1
Harry O'Farrell,Carlton,22,20,20.66,197,Key Defender,2025,6,1,0,,6,1,6.1,55.833,10.167,3.167,0.167,6.1,55.833,10.167,3.167,0.167
Hudson O'Keeffe,Carlton,40,22,22.04,202,Key Forward,2025,5,3,0,,5,3,3.54,48.8,7,4.4,0.6,3.54,48.8,7,4.4,0.6
Jack Ison,Carlton,30,19,19.76,190,Midfielder,,0,,,,0,,,,,,,,,,,
Jacob Weitering,Carlton,23,29,29.1,195,Key Defender,2016,204,11,4,0,23,0,9.824,75.426,13.926,5.225,0.054,9.52,77.4,13.5,5.4,0
Jagga Smith,Carlton,7,20,20.92,182,Midfielder,,0,,,,0,,,,,,,,,,,
Jesse Motlop,Carlton,3,23,23.1,180,Gen. Forward,2022,63,59,4,2,23,17,7.117,48.254,9.651,4.111,0.937,7.355,49.45,10.35,4.25,0.75
Jordan Boyd,Carlton,37,28,28.27,182,Gen. Defender,2022,38,1,1,0,3,0,5.842,55.789,12.605,3.263,0.026,6.05,57.05,12.95,3.1,0.05
Lachie Fogarty,Carlton,8,27,27.75,180,Gen. Forward,2018,90,36,3,0,20,11,7.593,61.256,12.556,5.044,0.4,7.665,64.15,11.85,5.2,0.55
Lachlan Cowan,Carlton,2,22,22.08,188,Gen. Defender,2023,38,2,1,0,14,1,6.203,59.079,12.711,3.711,0.053,6.76,63.8,14.15,4.15,0.05
Lewis Young,Carlton,33,28,28.03,202,Key Defender,2017,80,9,4,0,13,6,8.088,64.95,12.162,4.525,0.112,6.81,60.85,10.7,3.75,0.35
Liam Reidy,Carlton,25,26,26.54,204,Ruck,2024,3,0,0,,1,0,5.033,38.667,5.333,2.333,0,5.033,38.667,5.333,2.333,0
Lucas Camporeale,Carlton,21,20,20.44,184,Midfielder,2025,3,0,0,,3,0,4.5,41,11.333,4.667,0,4.5,41,11.333,4.667,0
Marc Pittonet,Carlton,27,30,30.57,202,Ruck,2016,80,12,4,2,7,2,10.566,76.3,10.387,7.1,0.15,13.96,89,13.4,9.55,0.3
Matt Duffy,Carlton,41,22,22.99,194,Key Defender,,0,,,,0,,,,,,,,,,,
Matthew Carroll,Carlton,32,21,21.09,190,Gen. Defender,2025,17,1,0,,17,1,5.8,54,12.059,3.294,0.059,5.8,54,12.059,3.294,0.059
Matthew Cottrell,Carlton,46,26,26.83,184,Mid-Forward,2020,74,36,3,3,6,2,7.197,56.608,13.162,4.473,0.486,8.835,60.3,12.55,4.6,0.55
Mitch McGovern,Carlton,11,32,32.22,190,Gen. Defender,2016,145,120,7,3,17,11,8.042,65.641,12.676,4.09,0.828,9.02,66.35,14.55,3.85,0.55
Nic Newman,Carlton,24,33,33.95,186,Gen. Defender,2017,134,18,7,0,0,,9.577,89.187,21.015,5.493,0.134,10.685,105.6,24.6,5.2,0.05
Nick Haynes,Carlton,26,34,34.62,192,Gen. Defender,2012,234,13,14,1,23,0,8.577,75.453,16.316,4.786,0.056,10.595,82.9,17.45,5.15,0
Oliver Florent,Carlton,14,28,28.44,184,Midfielder,2017,184,51,9,0,16,2,8.92,69.951,17.647,5.739,0.277,7.865,64.7,16.55,4.95,0.15
Oliver Hollands,Carlton,4,22,22.95,184,Gen. Defender,2023,65,11,3,0,23,4,6.502,65.077,15.8,4.031,0.169,7.645,77.85,19.85,4.65,0.2
Patrick Cripps,Carlton,9,31,31.78,195,Midfielder,2014,230,127,4,4,23,14,13.932,102.752,25.596,14.517,0.552,12.58,96.6,23.7,12.55,0.7
Rob Monahan,Carlton,34,22,22.5,189,Gen. Defender,,0,,,,0,,,,,,,,,,,
Sam Walsh,Carlton,18,26,26.49,184,Midfielder,2019,133,47,4,2,14,5,11.963,104.444,27.444,10.504,0.353,11.925,101.5,26.4,10.15,0.25
Talor Byrne,Carlton,39,19,19.12,174,Gen. Forward,,0,,,,0,,,,,,,,,,,
Will Hayward,Carlton,19,28,28.18,186,Gen. Forward,2017,184,229,9,7,21,29,7.52,62.75,11.234,4.625,1.245,8.555,69.1,11.6,4.95,1.4
Zac Williams,Carlton,6,32,32.27,186,Gen. Forward,2013,174,69,12,2,19,22,11.348,80.546,18.259,6.408,0.397,9.935,67.45,14.6,6.35,1.1
Alex Condon,Collingwood,0,22,22.43,208,Ruck,,0,,,,0,,,,,,,,,,,
Angus Anderson,Collingwood,41,23,23.6,190,Midfielder,,0,,,,0,,,,,,,,,,,
Beau McCreery,Collingwood,31,25,25.7,186,Gen. Forward,2021,96,58,8,3,19,6,7.285,52.458,9.656,3.594,0.604,9.1,59.4,11.25,4.55,0.3
Billy Frampton,Collingwood,17,30,30.11,201,Key Defender,2018,74,20,3,0,16,0,6.165,55.757,10.149,3.743,0.27,8.07,58.9,9.9,3.9,0
Bobby Hill,Collingwood,23,26,26.89,175,Gen. Forward,2019,102,117,5,9,14,20,7.416,56.049,9.765,3.657,1.147,8.555,62.6,10.05,3.95,1.45
Brayden Maynard,Collingwood,4,30,30.27,189,Gen. Defender,2015,229,25,16,0,20,5,9.203,79.454,17.633,5.24,0.109,9.84,78.3,16.05,4.65,0.25
Charlie West,Collingwood,29,20,20.91,194,Key Forward,2025,1,1,0,,1,1,4.3,27,4,2,1,4.3,27,4,2,1
Dan Houston,Collingwood,9,29,29.63,186,Gen. Defender,2017,189,48,9,2,21,7,10.305,90.492,20.111,6.265,0.254,8.915,75.3,16.35,4.45,0.35
Daniel McStay,Collingwood,11,31,31.52,196,Key Forward,2014,198,185,10,10,18,19,7.477,59.899,9.929,4.561,0.934,7.045,65.3,9.85,5.25,1.1
Darcy Cameron,Collingwood,14,31,31.45,204,Ruck,2018,120,69,10,3,25,7,11.076,91.017,13.825,8.408,0.575,12.895,109.1,17.2,9.1,0.35
Darcy Moore,Collingwood,30,30,30.93,203,Key Defender,2015,195,67,12,0,22,0,10.171,73.451,12.687,5.251,0.344,11.09,65.7,10.55,4.9,0
Edward Allan,Collingwood,16,22,22.6,194,Midfielder,2024,15,2,0,,13,1,6.94,52.467,13.267,4.667,0.133,6.94,52.467,13.267,4.667,0.133
Harry DeMattia,Collingwood,13,21,21.3,185,Midfielder,,0,,,,0,,,,,,,,,,,
Harry Perryman,Collingwood,12,28,28.03,187,Gen. Defender,2017,154,32,14,0,25,4,9.135,78.214,17.994,6.149,0.208,8.075,67.3,14.7,5.15,0.15
Harvey Harrison,Collingwood,36,23,23.13,181,Gen. Forward,2023,16,14,0,,0,,6.569,45,8.688,2.75,0.875,6.569,45,8.688,2.75,0.875
Iliro Smit,Collingwood,20,21,21.39,200,Ruck,,0,,,,0,,,,,,,,,,,
Isaac Quaynor,Collingwood,3,26,26.95,180,Gen. Defender,2019,133,5,10,0,25,0,8.229,69.128,14.782,4.947,0.038,8.525,70.95,14.45,4.2,0
Jack Buller,Collingwood,34,25,25.62,199,Key Forward,2023,10,11,0,,9,11,4.83,49.2,8.4,4.2,1.1,4.83,49.2,8.4,4.2,1.1
Jack Crisp,Collingwood,25,33,33.24,190,Midfielder,2012,274,96,16,10,25,9,12.286,90.004,21.668,8.153,0.35,12.97,93.15,19.65,9,0.4
Jai Saxena,Collingwood,43,19,19.43,180,Gen. Forward,,0,,,,0,,,,,,,,,,,
Jakob Ryan,Collingwood,24,22,22.27,189,Gen. Defender,2023,1,0,0,,0,,0.1,12,5,2,0,0.1,12,5,2,0
Jamie Elliott,Collingwood,5,34,34.36,177,Gen. Forward,2012,219,347,15,19,25,60,8.976,72.352,12.986,4.776,1.584,10.205,78.2,12.1,3.95,2.6
Jeremy Howe,Collingwood,38,36,36.5,190,Gen. Defender,2011,271,103,13,1,19,0,10.55,82.077,16.314,5.45,0.38,8.805,70.35,12.6,2.95,0
Joel Cochran,Collingwood,27,20,20.76,195,Gen. Defender,,0,,,,0,,,,,,,,,,,
Jordan De Goey,Collingwood,2,30,30.79,188,Mid-Forward,2015,182,210,15,21,11,9,11.086,80.956,18.478,7.692,1.154,9.78,76.45,18.2,7.6,0.9
Josh Daicos,Collingwood,7,28,28.09,178,Gen. Defender,2017,151,67,10,2,25,3,9.317,82.119,21.967,6.212,0.444,11.515,100.15,27.3,6.25,0.15
Lachie Schultz,Collingwood,8,29,29.08,178,Gen. Forward,2019,126,138,4,3,16,13,7.23,66.214,12.865,4.865,1.095,7.595,75.45,14.65,5.4,0.8
Lachlan Sullivan,Collingwood,33,29,29.26,180,Gen. Forward,2024,24,8,0,,14,6,6.783,48.5,11.625,4.958,0.333,6.22,43.75,10.7,4.35,0.3
Ned Long,Collingwood,44,23,23.9,194,Midfielder,2022,37,10,2,0,25,7,8.027,66.892,14.865,6.243,0.27,9.35,81.6,18.25,7.8,0.3
Nick Daicos,Collingwood,35,23,23.99,184,Midfielder,2022,95,63,7,3,25,17,14.332,109.821,29.274,9.874,0.663,16.18,119.75,30.15,10.15,0.8
Noah Howes,Collingwood,40,21,21.17,196,Key Forward,,0,,,,0,,,,,,,,,,,
Oscar Steene,Collingwood,21,23,23.35,201,Ruck,,0,,,,0,,,,,,,,,,,
Patrick Lipinski,Collingwood,1,28,28.45,190,Mid-Forward,2017,141,72,10,3,23,10,9.076,73.355,17.993,6.156,0.511,8.69,72.1,16.6,5.9,0.45
Reef McInnes,Collingwood,26,24,24.05,194,Key Defender,2022,23,19,0,,3,0,4,32.609,5.826,2.478,0.826,3.845,30,5.2,2.45,0.85
Roan Steele,Collingwood,45,25,25.19,183,Midfielder,2025,5,0,2,0,5,0,5.18,35.6,9.6,1.8,0,5.18,35.6,9.6,1.8,0
Sam Swadling,Collingwood,32,19,19.95,187,Midfielder,,0,,,,0,,,,,,,,,,,
Scott Pendlebury,Collingwood,10,38,38.98,191,Midfielder,2006,425,204,33,9,22,3,14.963,105.468,25.395,10.195,0.48,11.14,95.05,22.95,7.85,0.15
Steele Sidebottom,Collingwood,22,35,35.99,184,Midfielder,2009,354,209,28,15,23,15,11.855,93.206,23.167,7.556,0.59,10.885,92,21,7.65,0.6
Tew Jiath,Collingwood,19,21,21.83,188,Gen. Defender,2024,1,0,0,,0,,4.4,24,5,1,0,4.4,24,5,1,0
Tim Membrey,Collingwood,28,32,32.6,188,Key Forward,2014,202,325,4,4,23,32,8.337,70.772,12.272,4.866,1.609,5.755,56.2,9.6,3.95,1.35
Tyan Prindable,Collingwood,18,19,19.93,181,Midfielder,,0,,,,0,,,,,,,,,,,
Wil Parker,Collingwood,15,24,24.59,180,Gen. Defender,2024,9,1,1,0,4,0,4.733,38.667,8.444,3,0.111,4.733,38.667,8.444,3,0.111
William Hayes,Collingwood,39,20,20.62,180,Gen. Forward,2025,2,1,0,,2,1,3.25,44,8,1.5,0.5,3.25,44,8,1.5,0.5
Zac McCarthy,Collingwood,37,19,19.17,199,Ruck,,0,,,,0,,,,,,,,,,,
Andrew McGrath,Essendon,1,28,28.58,180,Gen. Defender,2017,180,21,3,1,23,1,9.768,82.806,21.678,6.628,0.117,10.425,87.75,23.4,7.9,0.05
Angus Clarke,Essendon,36,20,20.16,189,Gen. Defender,2025,14,5,0,,14,5,5.321,59,15.071,3.929,0.357,5.321,59,15.071,3.929,0.357
Archer Day-Wicks,Essendon,44,20,20.63,186,Gen. Forward,2025,5,1,0,,5,1,3.46,27,8.6,2.8,0.2,3.46,27,8.6,2.8,0.2
Archer May,Essendon,26,22,22.34,198,Key Forward,2025,7,7,0,,7,7,7.171,55.571,8.857,4.429,1,7.171,55.571,8.857,4.429,1
Archie Perkins,Essendon,16,24,24.76,188,Gen. Forward,2021,101,65,1,0,21,17,7.17,57.653,13.653,4.822,0.644,7.265,53,13.65,4.9,0.8
Archie Roberts,Essendon,21,21,21.11,184,Gen. Defender,2024,27,3,0,,23,2,7.874,82.889,24.074,5.815,0.111,8.045,85.5,25.2,5.6,0.05
Ben McKay,Essendon,32,29,29.01,202,Key Defender,2017,104,1,0,,10,0,8.342,59.067,10.615,4.25,0.01,8.61,58.75,11.75,5.25,0
Brayden Fiorini,Essendon,8,29,29.35,187,Midfielder,2016,123,41,2,1,18,8,7.944,77.407,20.585,6.398,0.333,10.565,88.85,20.4,6,0.45
Cillian Bourke,Essendon,0,20,20.56,190,,,0,,,,0,,,,,,,,,,,
Darcy Parish,Essendon,3,29,29.43,180,Midfielder,2016,165,55,3,1,3,0,11.422,91.909,24.479,10.43,0.333,10.595,93.85,26.5,10.8,0.15
Dyson Sharp,Essendon,15,19,19.6,187,Midfielder,,0,,,,0,,,,,,,,,,,
Elijah Tsatas,Essendon,5,22,22.2,187,Midfielder,2023,16,3,0,,5,1,6.35,47.125,13.75,5.375,0.188,6.35,47.125,13.75,5.375,0.188
Harrison Jones,Essendon,23,25,25.84,196,Mid-Forward,2021,59,55,0,,7,2,6.141,51.61,9.102,3.746,0.932,6.225,54.7,11.05,4.05,0.6
Hussien El Achkar,Essendon,33,19,19.74,171,Gen. Forward,,0,,,,0,,,,,,,,,,,
Isaac Kako,Essendon,10,20,20.81,176,Gen. Forward,2025,23,15,0,,23,15,8.687,55.174,11.174,4.826,0.652,8.64,55.55,11.2,4.95,0.6
Jacob Farrow,Essendon,2,19,19.27,189,Gen. Defender,,0,,,,0,,,,,,,,,,,
Jade Gresham,Essendon,11,29,29.35,177,Gen. Forward,2016,177,165,1,0,19,10,9.666,70.52,17.192,7.006,0.932,7.41,54.8,13.1,4.9,0.55
Jaxon Prior,Essendon,25,25,25.57,189,Gen. Defender,2021,62,11,2,0,23,0,5.248,52.919,11.935,3.323,0.177,7.015,70.2,15.75,3.45,0
Jayden Nguyen,Essendon,42,20,20.43,177,Gen. Defender,2025,5,0,0,,5,0,2.34,39.2,7.6,3.8,0,2.34,39.2,7.6,3.8,0
Jordan Ridley,Essendon,14,28,28.19,195,Gen. Defender,2018,104,2,1,0,10,0,9.803,92.673,19.135,4.24,0.019,10.26,91.75,19.7,4.05,0.05
Jye Caldwell,Essendon,6,26,26.25,183,Midfielder,2019,89,31,1,0,11,5,9.716,83.225,19.742,8.494,0.348,12.22,99.6,25.6,11.25,0.45
Kayle Gerreyn,Essendon,19,20,20.64,200,Key Forward,,0,,,,0,,,,,,,,,,,
Kyle Langford,Essendon,4,30,30.08,192,Key Forward,2015,162,179,1,0,9,8,9.13,72.451,15.284,5.543,1.105,9.195,66.1,12.75,4.65,1.15
Lachlan Blakiston,Essendon,46,28,28.3,203,Key Defender,2025,11,1,0,,11,1,8.2,53.909,9.909,5.364,0.091,8.2,53.909,9.909,5.364,0.091
Lewis Hayes,Essendon,18,22,22.03,199,Gen. Defender,2025,1,0,0,,1,0,5,64,16,2,0,5,64,16,2,0
Liam McMahon,Essendon,48,24,24.66,198,Key Forward,2025,7,12,0,,7,12,5.886,42.143,6.571,3.714,1.714,5.886,42.143,6.571,3.714,1.714
Mason Redman,Essendon,27,29,29.34,187,Gen. Defender,2016,143,24,2,0,19,4,9.428,82.028,19.231,4.35,0.168,10.545,94.95,22.85,3.95,0.2
Matt Guelfi,Essendon,35,29,29.38,184,Gen. Forward,2018,121,69,1,0,12,9,6.568,57.479,12.372,5.24,0.57,6.725,55.7,10.5,4.65,0.8
Max Kondogiannis,Essendon,29,19,19.12,190,Gen. Defender,,0,,,,0,,,,,,,,,,,
Nate Caddy,Essendon,30,21,21.46,193,Key Forward,2024,27,29,0,,17,20,5.581,52.519,10.926,4.852,1.074,5.81,53.65,11.15,5.1,1.15
Nic Martin,Essendon,37,25,25.74,192,Mid-Forward,2022,83,62,0,,16,11,11.34,92.422,23.651,5.952,0.747,13.15,101.5,25.5,5.75,0.85
Nick Bryan,Essendon,24,25,25.19,203,Ruck,2021,23,2,0,,4,0,8.565,60.913,9.522,4.304,0.087,9.35,63.3,9.75,4.45,0.1
Nik Cox,Essendon,13,24,24.95,200,Midfielder,2021,53,18,1,0,0,,5.162,49.717,11.962,4.415,0.34,5.22,49.75,12.05,4.4,0.4
Peter Wright,Essendon,20,30,30.31,203,Key Forward,2015,152,233,1,0,19,28,9.131,72.375,11.401,5.401,1.533,8.38,77.2,11.6,5.7,1.4
Rhys Unwin,Essendon,38,20,20.22,179,Gen. Forward,2025,3,1,0,,3,1,1.933,22,6.667,3,0.333,1.933,22,6.667,3,0.333
Saad El-Hawli,Essendon,41,25,25.63,184,Midfielder,2025,9,1,0,,9,1,4.533,43.444,11.111,2.889,0.111,4.533,43.444,11.111,2.889,0.111
Sam Durham,Essendon,22,25,25.47,185,Midfielder,2021,91,29,1,0,20,8,9.77,76.275,18.352,7.901,0.319,13.46,90.35,21.85,11.8,0.4
Sullivan Robey,Essendon,9,19,19.24,192,Midfielder,,0,,,,0,,,,,,,,,,,
Thomas Edwards,Essendon,45,26,26.61,191,Key Forward,2025,2,3,0,,2,3,1.75,29,7,2.5,1.5,1.75,29,7,2.5,1.5
Vigo Visentini,Essendon,17,21,21.32,203,Ruck,2025,2,0,0,,2,0,5.75,56,12.5,6,0,5.75,56,12.5,6,0
Will Setterfield,Essendon,12,28,28.9,192,Midfielder,2017,84,15,0,,13,1,7.177,75.274,17.595,6.524,0.179,8.805,90.9,21.3,7.4,0.05
Xavier Duursma,Essendon,28,26,26.48,186,Midfielder,2019,110,52,6,1,22,10,7.172,72.173,17.218,5.527,0.473,7.595,79.95,19.8,5.9,0.4
Zach Merrett,Essendon,7,31,31.24,179,Midfielder,2014,251,87,4,0,22,9,13.659,105.291,27.299,9.147,0.347,13.55,106.8,27.45,9.45,0.15
Zach Reid,Essendon,31,24,24.83,202,Key Defender,2021,19,0,0,,10,0,6.305,62.632,11.895,3.737,0,6.305,62.632,11.895,3.737,0
Zak Johnson,Essendon,40,20,20.01,186,Gen. Defender,2025,9,0,0,,9,0,5.833,50.556,13.111,3.222,0,5.833,50.556,13.111,3.222,0
Adam Sweid,Fremantle,15,19,19.29,175,Midfielder,,0,,,,0,,,,,,,,,,,
Aiden Riddle,Fremantle,42,21,21.01,199,Key Forward,,0,,,,0,,,,,,,,,,,
Alex Pearce,Fremantle,25,31,31.56,201,Key Defender,2015,138,9,3,0,16,4,8.061,58.674,10.652,5.043,0.065,9.83,67.1,10.6,5.75,0.2
Andrew Brayshaw,Fremantle,8,27,27.14,185,Midfielder,2018,170,57,3,1,24,7,11.435,99.3,24.953,9.1,0.335,15.35,113.8,27.2,11.1,0.25
Bailey Banfield,Fremantle,41,28,28.84,190,Gen. Defender,2018,118,66,3,0,21,4,6.842,54.288,11.712,4.61,0.559,6.99,60,13.35,4.7,0.15
Brandon Walker,Fremantle,31,24,24.2,186,Gen. Defender,2021,66,2,2,0,2,0,5.138,51.879,12.561,3.803,0.03,6.67,59.2,13.65,4.55,0.05
Brennan Cox,Fremantle,36,28,28.38,195,Key Defender,2017,135,32,3,0,24,1,8.872,70.481,12.844,4.844,0.237,7.555,59.45,10.5,4.05,0
Caleb Serong,Fremantle,3,25,25.89,180,Midfielder,2020,127,37,3,1,24,7,13.764,99.953,26.205,12.134,0.291,16.1,106.6,26.9,14,0.3
Charlie Nicholls,Fremantle,22,20,20.56,196,Key Forward,,0,,,,0,,,,,,,,,,,
Cooper Simpson,Fremantle,29,21,21.87,182,Gen. Defender,2024,5,1,0,,3,1,3.76,39.6,8.6,1.2,0.2,3.76,39.6,8.6,1.2,0.2
Corey Wagner,Fremantle,34,29,29.77,181,Midfielder,2016,57,9,0,,17,3,6.867,61.93,13.632,4.158,0.158,8.61,71.9,15.15,4.75,0.15
Hayden Young,Fremantle,26,25,25.72,189,Midfielder,2020,89,22,3,0,9,7,11.526,90.393,21.011,6.831,0.247,15.29,92.05,19.85,9.5,0.75
Heath Chapman,Fremantle,5,24,24.91,193,Gen. Defender,2021,65,2,3,0,23,0,7.015,67.292,15.369,4.277,0.031,6.55,63.85,13.25,3.65,0
Hugh Davies,Fremantle,12,22,22.25,196,Key Defender,2024,2,0,0,,0,,2.8,27,4,1.5,0,2.8,27,4,1.5,0
Isaiah Dudley,Fremantle,43,23,23.67,168,Gen. Forward,2025,16,15,1,2,16,15,5.031,45.188,7.062,2.25,0.938,5.031,45.188,7.062,2.25,0.938
Jaeger O'Meara,Fremantle,2,32,32.85,184,Midfielder,2013,200,87,2,0,14,2,10.804,85.225,21.315,9.505,0.435,8.89,67.2,17.4,6.9,0.2
Jaren Carr,Fremantle,38,22,22.92,191,Gen. Defender,,0,,,,0,,,,,,,,,,,
Jeremy Sharp,Fremantle,14,25,25.38,189,Midfielder,2020,60,20,0,,14,3,5.907,56.933,15.067,3.183,0.333,5.715,56.65,14.9,3.2,0.2
Jordan Clark,Fremantle,6,26,26.2,185,Gen. Defender,2019,126,24,3,0,24,2,9.001,84.389,19.802,5.19,0.19,11.095,103,24.4,7,0.05
Josh Treacy,Fremantle,35,24,24.4,195,Key Forward,2021,80,118,1,2,24,44,8.231,67.162,10.213,4.787,1.475,10.94,75.7,11.3,5.55,1.65
Joshua Draper,Fremantle,37,22,22.89,197,Key Defender,2024,31,0,0,,11,0,5.739,48.903,9.194,3.645,0,6.285,52.85,9.6,4.1,0
Judd McVee,Fremantle,17,23,23.4,185,Gen. Defender,2023,65,1,2,0,17,0,8.334,62.108,14.554,4.8,0.015,6.39,55.85,14.2,4.45,0.05
Jye Amiss,Fremantle,24,23,23.41,196,Key Forward,2022,71,113,3,3,24,32,5.894,52.085,7.69,3.521,1.592,4.865,47.5,6.95,3.05,1.3
Karl Worner,Fremantle,23,24,24.54,188,Gen. Defender,2023,31,0,1,0,23,0,5.097,52.806,12.839,2.935,0,5.62,60.9,14.2,3.15,0
Leon Kickett,Fremantle,19,20,20.14,172,Mid-Forward,,0,,,,0,,,,,,,,,,,
Luke Jackson,Fremantle,9,25,25.25,199,Ruck,2020,119,93,6,2,21,20,11.946,90.017,14.765,8.076,0.782,16.03,114.65,17.85,9.8,1
Luke Ryan,Fremantle,13,30,30.89,186,Gen. Defender,2017,179,3,3,0,24,0,9.826,100.061,21.017,4.743,0.017,8.55,94.1,20.75,4.2,0
Mason Cox,Fremantle,18,35,35.8,211,Key Forward,2016,139,127,14,12,10,4,7.411,57.978,8.259,5.295,0.914,5.3,48.35,6.7,4.55,0.4
Matthew Johnson,Fremantle,44,23,23.79,193,Midfielder,2023,55,9,0,,18,2,7.142,63.382,16.291,5.182,0.164,8.23,68.35,17.8,6.35,0.1
Michael Frederick,Fremantle,32,26,26.62,183,Gen. Forward,2020,102,116,3,2,24,30,6.979,54.127,10.569,3.363,1.137,6.77,58.25,11,3.55,1.2
Murphy Reid,Fremantle,16,20,20.42,182,Gen. Forward,2025,24,25,1,1,24,25,9.308,68.75,14.458,5.708,1.042,8.79,67.3,14.25,5.6,1
Nathan O'Driscoll,Fremantle,30,24,24.62,188,Midfielder,2022,38,15,3,1,14,3,6.408,58.263,14.737,4.605,0.395,6.095,58.9,14.9,4.95,0.2
Neil Erasmus,Fremantle,28,23,23.07,190,Midfielder,2022,39,4,1,1,16,2,5.408,49.538,13.154,4.974,0.103,6.65,56.5,14.2,5.7,0.1
Ollie Murphy,Fremantle,33,21,21.29,200,Key Defender,,0,,,,0,,,,,,,,,,,
Oscar McDonald,Fremantle,21,30,30.78,196,Key Defender,2015,94,7,3,0,7,4,7.484,58.096,12.309,4.17,0.074,5.35,48.35,8.9,2.95,0.3
Patrick Voss,Fremantle,20,23,23.5,195,Key Forward,2024,27,44,1,3,20,37,6.374,56.111,9.259,4.593,1.63,7.635,59.6,9.7,4.85,1.85
Ryda Luke,Fremantle,40,19,19.28,187,Gen. Forward,,0,,,,0,,,,,,,,,,,
Sam Sturt,Fremantle,1,26,26.63,190,Gen. Forward,2020,31,43,0,,0,,7.026,49.161,8.806,3.258,1.387,8.245,53.55,10.05,3.65,1.65
Sam Switkowski,Fremantle,39,30,30.11,179,Gen. Forward,2018,105,66,2,0,17,11,10.569,69.971,13.324,5.876,0.629,10.975,70.65,13.7,5.2,0.65
Sean Darcy,Fremantle,4,28,28.55,203,Ruck,2017,127,49,3,0,17,5,11.56,93.118,12.504,8.276,0.386,9.845,81.75,10.35,7.45,0.25
Shai Bolton,Fremantle,10,28,28.06,176,Mid-Forward,2017,158,193,9,8,23,28,11.511,80.525,17.215,7.747,1.222,10.395,80.85,18.1,8.3,1.3
Toby Whan,Fremantle,27,19,19.64,184,Midfielder,,0,,,,0,,,,,,,,,,,
Tobyn Murray,Fremantle,11,21,21.65,180,Gen. Forward,,0,,,,0,,,,,,,,,,,
Bailey Smith,Geelong,3,26,26.06,185,Midfielder,2019,126,52,10,10,23,8,11.143,92.095,24.31,8.206,0.413,15.255,117.05,31.75,10.9,0.35
Brad Close,Geelong,45,28,28.42,183,Gen. Forward,2020,127,108,11,9,26,19,8.59,66.354,13.205,4.74,0.85,8.53,61.45,12.7,4.05,0.7
Cillian Burke,Geelong,41,23,23.75,192,Gen. Forward,,0,,,,0,,,,,,,,,,,
Connor O'Sullivan,Geelong,14,21,21.61,198,Key Defender,2024,26,0,3,0,25,0,8.581,63.654,12.5,4.885,0,8.45,62.55,12,4.55,0
George Stevens,Geelong,15,21,21.71,189,Midfielder,2025,2,1,0,,2,1,8.6,62,14,7.5,0.5,8.6,62,14,7.5,0.5
Gryan Miers,Geelong,32,27,27.75,179,Gen. Forward,2019,155,114,18,15,24,14,9.628,75.903,17.458,5.181,0.735,14.01,98.15,22.6,5.5,0.65
Harley Barker,Geelong,26,19,19.66,185,Midfielder,,0,,,,0,,,,,,,,,,,
Hunter Holmes,Geelong,22,19,19.86,187,Midfielder,,0,,,,0,,,,,,,,,,,
Jack Bowes,Geelong,12,28,28.92,189,Midfielder,2017,143,46,5,4,21,16,8.724,71.916,16.832,6.252,0.322,9.78,67.4,14.45,5.55,0.75
Jack Henry,Geelong,38,28,28.33,192,Key Defender,2018,164,24,19,1,21,0,8.126,65.616,11.354,4.476,0.146,8.19,66.4,11.7,4.45,0
Jack Martin,Geelong,19,31,31.92,186,Gen. Forward,2014,164,145,5,6,13,12,8.012,70.866,14.47,5.878,0.884,6.815,57.8,11.65,3.9,1.1
Jacob Molier,Geelong,20,20,20.22,201,Key Forward,,0,,,,0,,,,,,,,,,,
Jake Kolodjashnij,Geelong,8,31,31.39,193,Key Defender,2015,198,4,21,0,0,,6.188,59.217,12.278,4.045,0.02,7.455,67.35,13.35,4.4,0.05
James Worpel,Geelong,29,27,27.93,186,Midfielder,2018,148,49,7,1,21,4,10.811,81.696,21.784,10.034,0.331,9.69,75.8,20.5,10.05,0.2
Jay Polkinghorne,Geelong,2,20,20.58,190,Key Forward,,0,,,,0,,,,,,,,,,,
Jed Bews,Geelong,24,33,33.04,186,Gen. Defender,2014,175,16,20,1,4,0,6.427,51.103,11.331,4.029,0.091,7.055,51.25,11.35,4.55,0
Jeremy Cameron,Geelong,5,33,33.75,196,Key Forward,2012,280,736,20,38,26,88,11.033,79.55,13.375,4.829,2.629,13.245,92.1,13.1,4.1,3.75
Jesse Mellor,Geelong,25,19,19.75,185,Gen. Forward,,0,,,,0,,,,,,,,,,,
Jhye Clark,Geelong,13,22,22.44,181,Midfielder,2023,26,3,3,0,10,1,5.408,39.846,10.769,4.192,0.115,5.715,42.6,10.95,4.15,0.15
Joe Pike,Geelong,37,21,21.62,203,Ruck,,0,,,,0,,,,,,,,,,,
Keighton Matofai-Forbes,Geelong,31,20,20.9,189,Gen. Defender,,0,,,,0,,,,,,,,,,,
Lawson Humphries,Geelong,17,23,23.68,182,Gen. Defender,2024,36,5,5,0,25,4,9.294,76.556,16.417,3.667,0.139,7.93,69.9,14.95,2.85,0.2
Lennox Hofmann,Geelong,23,20,20.39,191,Gen. Defender,,0,,,,0,,,,,,,,,,,
Mark Blicavs,Geelong,46,35,35.76,198,Ruck,2013,295,80,29,9,25,11,10.429,83.563,14.698,7.186,0.271,10.35,80.65,14.6,8,0.4
Mark O'Connor,Geelong,42,29,29.95,189,Gen. Defender,2017,147,10,15,0,25,1,6.946,63.19,13.136,4.531,0.068,6.35,63.7,13.7,4.45,0.05
Max Holmes,Geelong,9,24,24.33,190,Midfielder,2021,102,48,9,5,26,14,12.393,87.039,20.608,7.667,0.471,15.895,114.05,27.9,10.4,0.45
Mitch Knevitt,Geelong,10,23,23.97,193,Midfielder,2022,21,5,0,,7,1,5.529,46.952,10.714,4.619,0.238,5.495,46.85,10.5,4.65,0.25
Mitchell Edwards,Geelong,11,21,21.58,206,Ruck,,0,,,,0,,,,,,,,,,,
Nicholas Driscoll,Geelong,27,19,19.73,181,Midfielder,,0,,,,0,,,,,,,,,,,
Oisin Mullin,Geelong,34,26,26.88,182,Gen. Defender,2023,43,2,5,2,25,2,5.221,41.512,9.558,3.837,0.047,5.605,43.65,9.7,3.8,0.1
Oliver Dempsey,Geelong,28,23,23.98,187,Midfielder,2022,58,59,5,8,26,35,9.774,72.466,16.103,6.241,1.017,11.44,80.45,16.85,6.3,1.3
Oliver Henry,Geelong,36,24,24.42,189,Key Forward,2021,85,120,2,5,15,14,5.821,50.329,8.918,3.882,1.412,6.37,51.05,8.7,4.1,1.25
Oliver Wiltshire,Geelong,21,24,24.29,180,Gen. Forward,2025,2,1,0,,2,1,4.1,34.5,6.5,1.5,0.5,4.1,34.5,6.5,1.5,0.5
Patrick Dangerfield,Geelong,35,36,36.73,189,Gen. Forward,2008,360,365,31,28,23,30,16.122,102.436,22.942,12.775,1.014,11.145,82.9,15.2,8.65,1.3
Rhys Stanley,Geelong,1,36,36.08,200,Ruck,2010,229,115,19,6,19,6,9.578,73.598,11.799,5.808,0.502,8,65.35,9.8,5.9,0.3
Sam De Koning,Geelong,16,25,25.84,204,Key Defender,2021,85,7,6,2,23,3,8.387,64.753,13.047,5.553,0.082,8.92,65.2,12.6,5.15,0.1
Shannon Neale,Geelong,33,24,24.43,203,Key Forward,2022,45,68,5,5,25,44,7.727,58.556,8.422,4.489,1.511,8.86,67,8.9,4.5,1.95
Shaun Mannagh,Geelong,7,29,29.4,178,Gen. Forward,2024,35,46,5,7,23,31,12.3,81.629,17.6,6.571,1.314,11.96,85.1,18.65,6.55,1.35
Tanner Bruhn,Geelong,4,24,24.59,184,Midfielder,2021,66,24,4,1,0,,7.565,60.924,13.788,6.152,0.364,9.255,71.75,17.55,7.8,0.25
Toby Conway,Geelong,6,23,23.68,206,Ruck,2023,6,1,0,,0,,9.733,74,12.333,9,0.167,9.733,74,12.333,9,0.167
Tom Atkins,Geelong,30,31,31.28,180,Midfielder,2019,153,22,15,2,26,5,10.291,79.118,16.752,8.536,0.144,13.77,100.35,20.15,11.5,0.2
Tom Stewart,Geelong,44,33,33.79,190,Gen. Defender,2017,191,6,17,1,20,1,9.596,96.058,20.906,5.56,0.031,8.85,90.75,18.55,4.85,0.05
Tyson Stengle,Geelong,18,28,28.2,175,Gen. Forward,2017,109,175,8,14,24,34,9.641,67.055,12.477,5.147,1.606,8.08,67.75,13,5.15,1.35
Zach Guthrie,Geelong,39,28,28.5,188,Gen. Defender,2017,128,15,12,1,26,1,7.693,70.117,15.508,4.492,0.117,8.975,78.7,16.65,4.7,0
Alex Davies,Gold Coast,5,24,24.78,193,Midfielder,2021,40,12,2,1,8,2,8.325,60.1,13.475,7.6,0.3,9.635,70.75,15.85,8.5,0.2
Asher Eastham,Gold Coast,42,20,20.63,188,Gen. Defender,,0,,,,0,,,,,,,,,,,
Avery Thomas,Gold Coast,41,19,19.27,186,Gen. Defender,,0,,,,0,,,,,,,,,,,
Bailey Humphrey,Gold Coast,19,22,22.3,186,Mid-Forward,2023,63,50,2,3,23,25,8.97,63.762,12.825,6.825,0.794,11.25,77.9,14.9,8.3,1.15
Beau Addinsall,Gold Coast,38,19,19.81,182,Midfielder,,0,,,,0,,,,,,,,,,,
Ben Jepson,Gold Coast,44,25,25.22,184,Midfielder,2025,1,0,0,,1,0,5.1,36,12,2,0,5.1,36,12,2,0
Ben King,Gold Coast,34,26,26.48,202,Key Forward,2019,120,255,2,2,25,71,6.66,56.233,7.642,4.225,2.125,9.105,62.9,7.05,4.5,2.65
Ben Long,Gold Coast,22,29,29.36,186,Gen. Forward,2017,135,102,3,2,24,45,6.843,56.844,10.837,4.807,0.756,7.4,61.3,10.45,4.2,1.75
Bodhi Uwland,Gold Coast,6,23,23.43,188,Gen. Defender,2023,49,1,2,0,25,1,8.412,72.02,15.061,4,0.02,9.09,80,16.45,4.8,0.05
Caleb Graham,Gold Coast,46,26,26.3,194,Key Defender,2019,37,1,0,,0,,6.814,52.351,8.189,2.919,0.027,7.73,55.45,8.35,2.95,0.05
Caleb Lewis,Gold Coast,45,23,23.25,198,Key Forward,,0,,,,0,,,,,,,,,,,
Charlie Ballard,Gold Coast,10,27,27.44,196,Key Defender,2018,134,3,0,,1,0,7.923,63.172,12.209,4.485,0.022,8.565,60.3,11.45,4.15,0.05
Christian Petracca,Gold Coast,3,30,30.98,187,Mid-Forward,2016,212,202,10,7,23,18,14.3,97.717,23.561,11.575,0.953,13.705,98.2,25.65,11.95,0.7
Cooper Bell,Gold Coast,31,20,20.08,199,Key Defender,,0,,,,0,,,,,,,,,,,
Daniel Rioli,Gold Coast,17,29,29.7,179,Gen. Defender,2016,203,117,15,14,20,8,9.091,72.759,15.685,4.852,0.576,9.945,81.6,18.6,4.9,0.4
Dylan Patterson,Gold Coast,30,19,19.33,183,Gen. Defender,,0,,,,0,,,,,,,,,,,
Elliott Himmelberg,Gold Coast,12,28,28.57,196,Key Forward,2018,50,49,0,,0,,6.956,57.94,9.6,5.5,0.98,7.19,56.95,9.5,5.25,0.95
Ethan Read,Gold Coast,20,21,21.48,202,Key Forward,2024,25,22,2,0,21,19,3.604,44,7.08,3.52,0.88,3.295,42.15,7.45,3.65,0.85
Jai Murray,Gold Coast,35,19,19.81,187,Midfielder,,0,,,,0,,,,,,,,,,,
Jake Rogers,Gold Coast,29,21,21.83,172,Gen. Forward,2024,18,6,0,,9,4,5.522,36.111,8.222,3.556,0.333,5.522,36.111,8.222,3.556,0.333
Jamarra Ugle-Hagan,Gold Coast,9,24,24.74,197,Key Forward,2021,67,103,2,0,0,,5.93,56.403,10.164,4.701,1.537,6.44,63.7,11.2,5.45,2
Jarrod Witts,Gold Coast,28,34,34.29,209,Ruck,2013,205,45,2,0,24,4,11.909,94.351,12.566,7.888,0.22,13.065,103.25,12.7,9.3,0.15
Jed Walter,Gold Coast,4,21,21.56,195,Key Forward,2024,30,29,0,,16,18,3.423,40.633,6.467,4.033,0.967,3.555,43.45,6.75,4.1,1
Joel Jeffrey,Gold Coast,40,24,24.8,192,Gen. Defender,2021,53,21,2,0,25,5,8.923,70,15.321,3.887,0.396,9.535,83.65,19.35,3.95,0.2
John Noble,Gold Coast,2,29,29.76,180,Gen. Defender,2019,137,11,9,1,25,3,7.28,77.766,19.701,4.139,0.08,9.275,96.2,25.45,4.6,0.05
Jy Farrar,Gold Coast,50,30,30.06,190,Gen. Forward,2020,42,13,2,1,8,10,6.231,54.833,11.286,3.714,0.31,6.055,53.55,10,3.95,0.55
Koby Coulson,Gold Coast,43,19,19.41,180,Midfielder,,0,,,,0,,,,,,,,,,,
Lachie Weller,Gold Coast,14,30,30.85,182,Midfielder,2015,161,50,2,0,19,3,8.614,72.584,18.398,5.342,0.311,7.62,58.75,14.85,5.05,0.15
Lachlan Gulbin,Gold Coast,39,20,20.1,187,Gen. Forward,2025,1,0,0,,1,0,1.3,49,9,3,0,1.3,49,9,3,0
Leonardo Lombard,Gold Coast,8,20,20.23,178,Gen. Forward,2025,4,1,0,,4,1,1,19.25,4.75,1.25,0.25,1,19.25,4.75,1.25,0.25
Mac Andrew,Gold Coast,1,23,23.07,202,Key Defender,2022,65,12,2,1,24,3,7.962,65.677,13.046,4.123,0.185,8.325,71.45,14.3,3.75,0.15
Matt Rowell,Gold Coast,18,25,25.5,180,Midfielder,2020,110,35,2,1,25,10,14.482,98.609,21.327,12.955,0.318,16.47,117.45,25.95,13.7,0.45
Max Knobel,Gold Coast,37,22,22.51,206,Ruck,,0,,,,0,,,,,,,,,,,
Ned Moyle,Gold Coast,23,24,24.87,206,Ruck,2023,13,2,0,,3,1,11.208,73.308,10.231,7.692,0.154,11.208,73.308,10.231,7.692,0.154
Nick Holman,Gold Coast,7,31,31.59,188,Mid-Forward,2014,147,78,0,,16,6,7.863,59.075,11.558,5.701,0.531,6.445,44.3,9.65,4.45,0.4
Noah Anderson,Gold Coast,15,25,25.86,192,Midfielder,2020,129,54,2,1,25,12,13.757,99.116,25.736,10.55,0.419,17.685,113.55,29.9,12.9,0.55
Oscar Adams,Gold Coast,48,23,23.44,198,Key Defender,2025,8,0,0,,8,0,3.237,34.125,6.75,2.625,0,3.237,34.125,6.75,2.625,0
Sam Clohesy,Gold Coast,33,24,24.05,189,Midfielder,2024,34,10,0,,14,4,8.444,67.353,15.794,4.824,0.294,7.47,63.4,15.8,4.7,0.2
Sam Collins,Gold Coast,25,32,32.54,194,Key Defender,2016,149,0,2,0,22,0,10.819,72.779,11.745,5.564,0,11.205,71.3,11.5,5.65,0
Touk Miller,Gold Coast,11,30,30.85,178,Midfielder,2015,214,71,2,0,23,16,12.482,96.664,23.664,10.71,0.332,15.215,105.9,24.8,10.35,0.5
Wil Powell,Gold Coast,27,27,27.34,188,Gen. Defender,2018,130,16,2,0,25,1,8.677,76.7,16.038,4.815,0.123,9.48,79.8,16.55,5.1,0.05
Will Graham,Gold Coast,26,21,21.43,186,Gen. Forward,2024,25,18,0,,8,10,9.08,63.68,12.08,5.24,0.72,9.245,61.35,11.95,5.3,0.85
Zak Evans,Gold Coast,36,26,26.76,192,Gen. Defender,,0,,,,0,,,,,,,,,,,
Zeke Uwland,Gold Coast,32,19,19.68,180,Midfielder,,0,,,,0,,,,,,,,,,,
Aaron Cadman,Greater Western Sydney,5,22,22.83,195,Key Forward,2023,59,80,3,4,24,44,6.169,50.492,7.797,3.644,1.356,8.51,69,10.25,4.6,2
Brent Daniels,Greater Western Sydney,16,27,27.81,172,Gen. Forward,2018,112,72,9,4,6,1,9.632,69.58,14.768,5.902,0.643,13.13,84.7,17.35,7.15,0.7
Callum Brown,Greater Western Sydney,46,26,26.37,188,Gen. Forward,2021,64,67,4,3,22,25,8.012,56.312,9.641,3.906,1.047,9.475,66,11.55,4.55,1.15
Clayton Oliver,Greater Western Sydney,10,29,29.44,189,Midfielder,2016,205,58,10,5,22,4,14.428,109.41,28.171,14.727,0.283,10.82,90.55,25.05,11.45,0.15
Cody Angove,Greater Western Sydney,29,20,20.59,182,Gen. Forward,2025,4,1,0,,4,1,5.725,37,11,3.75,0.25,5.725,37,11,3.75,0.25
Connor Idun,Greater Western Sydney,39,26,26.42,193,Gen. Defender,2019,117,0,8,0,24,0,8.683,75,16.162,4.94,0,8.77,83.85,18.35,5.2,0
Conor Stone,Greater Western Sydney,18,24,24.69,189,Gen. Defender,2021,20,4,1,2,7,0,3.92,33.4,8.1,2.2,0.2,3.92,33.4,8.1,2.2,0.2
Darcy Jones,Greater Western Sydney,2,22,22.74,175,Gen. Forward,2024,37,31,3,2,23,19,10.386,68.973,13.595,5.892,0.838,10.775,74.95,14.35,6.3,0.85
Finn Callaghan,Greater Western Sydney,17,23,23.68,192,Midfielder,2022,71,13,6,2,21,6,11.549,85.042,23.338,6.958,0.183,14.775,110,28.15,8.75,0.2
Finnegan Davis,Greater Western Sydney,45,19,19.94,187,Gen. Defender,,0,,,,0,,,,,,,,,,,
Harrison Oliver,Greater Western Sydney,19,20,20.54,181,Gen. Defender,,0,,,,0,,,,,,,,,,,
Harry Himmelberg,Greater Western Sydney,27,30,30.64,195,Gen. Defender,2016,201,164,17,16,24,3,9.65,77.383,15.204,5.303,0.816,9.76,82.75,17.55,4.95,0.15
Harry Rowston,Greater Western Sydney,24,22,22.38,182,Midfielder,2023,17,6,0,,10,5,5.506,43.118,9.588,3.059,0.353,5.506,43.118,9.588,3.059,0.353
Harvey Thomas,Greater Western Sydney,1,21,21.39,176,Gen. Forward,2024,40,18,1,1,18,9,7.195,53.8,11.45,4.25,0.45,6.97,52.05,10.85,3.4,0.45
Jack Buckley,Greater Western Sydney,44,29,29.03,195,Key Defender,2020,85,1,5,0,19,0,10.584,73.906,12.718,5.129,0.012,10.275,73.15,12.15,4.8,0
Jack Ough,Greater Western Sydney,28,20,20.04,194,Midfielder,,0,,,,0,,,,,,,,,,,
Jake Riccardi,Greater Western Sydney,26,27,27.14,198,Key Forward,2020,89,110,4,6,20,23,5.417,56.921,10.539,3.629,1.236,7.405,70.2,12.55,4.8,1.15
Jake Stringer,Greater Western Sydney,20,32,32.68,192,Gen. Forward,2013,227,392,8,9,15,25,10.989,68.802,12.872,6.361,1.727,8.455,60.9,10.75,5.4,1.7
James Leake,Greater Western Sydney,30,21,21.24,188,Gen. Defender,2025,3,1,0,,3,1,3.7,39,8,4,0.333,3.7,39,8,4,0.333
Jayden Laverde,Greater Western Sydney,25,30,30.72,193,Key Defender,2015,145,38,2,1,14,0,6.312,65.138,13.862,4.331,0.262,5.575,66.3,16.05,3.8,0
Jesse Hogan,Greater Western Sydney,23,31,31.88,196,Key Forward,2015,181,397,7,20,16,46,8.791,79.448,13.503,6.193,2.193,10.225,83,10.75,5.4,3.1
Joe Fonti,Greater Western Sydney,37,22,22.01,189,Gen. Defender,2024,22,0,1,0,17,0,5.891,49.409,11.273,3.364,0,5.725,49.7,10.85,3.4,0
Josaia Delana,Greater Western Sydney,38,20,20.5,176,Gen. Forward,2025,3,0,0,,3,0,0.733,28,5,1.667,0,0.733,28,5,1.667,0
Josh Kelly,Greater Western Sydney,22,31,31.88,184,Midfielder,2014,230,144,18,11,15,5,12.22,98.109,24.491,8.783,0.626,10.25,86.15,21.8,7.4,0.3
Kieren Briggs,Greater Western Sydney,32,27,27.23,201,Ruck,2021,70,14,6,2,20,4,12.517,89.729,13.3,9.086,0.2,11.11,81.35,11.1,7,0.2
Lachie Ash,Greater Western Sydney,7,25,25.52,188,Gen. Defender,2020,125,8,8,1,24,1,8.431,79.712,20.352,4.464,0.064,11.765,108.15,28.25,5.2,0.05
Lachie Whitfield,Greater Western Sydney,6,32,32.45,185,Gen. Defender,2013,257,71,18,2,23,0,10.342,94.805,24.576,5.786,0.276,10.04,111,28.25,5.15,0
Leek Aleer,Greater Western Sydney,21,25,25.36,194,Key Defender,2022,25,0,1,0,13,0,6.344,53.76,9.72,4.32,0,6.785,54.25,10,4.5,0
Logan Smith,Greater Western Sydney,36,20,20.26,204,Ruck,,0,,,,0,,,,,,,,,,,
Max Gruzewski,Greater Western Sydney,35,22,22.44,192,Key Forward,2024,11,13,0,,7,10,4.6,33.182,5.091,2.182,1.182,4.6,33.182,5.091,2.182,1.182
Nathan Wardius,Greater Western Sydney,42,22,22.21,181,Gen. Forward,,0,,,,0,,,,,,,,,,,
Nicholas Madden,Greater Western Sydney,41,22,22.62,204,Ruck,2025,3,0,0,,3,0,12.267,86,11,9.667,0,12.267,86,11,9.667,0
Oliver Hannaford,Greater Western Sydney,13,20,20.33,180,Gen. Forward,,0,,,,0,,,,,,,,,,,
Oskar Taylor,Greater Western Sydney,34,19,19.41,182,Gen. Defender,,0,,,,0,,,,,,,,,,,
Phoenix Gothard,Greater Western Sydney,11,21,21.31,179,Gen. Forward,,0,,,,0,,,,,,,,,,,
Riley Hamilton,Greater Western Sydney,43,20,20.37,189,Mid-Forward,,0,,,,0,,,,,,,,,,,
Ryan Angwin,Greater Western Sydney,9,24,24.05,185,Midfielder,2022,30,3,1,0,10,1,6.2,51.367,12.167,4.533,0.1,7.13,58.9,13.6,5.2,0.15
Sam Taylor,Greater Western Sydney,15,27,27.65,198,Key Defender,2018,131,2,12,0,20,1,10.608,76.443,12.855,6.45,0.015,10.87,80.7,14,6.3,0.05
Stephen Coniglio,Greater Western Sydney,3,33,33.04,182,Midfielder,2012,227,124,14,9,10,4,10.908,91.731,23.859,9.233,0.546,6.69,59.8,16.6,6.4,0.25
Toby Bedford,Greater Western Sydney,14,26,26.59,179,Mid-Forward,2020,83,48,5,4,23,17,7.27,53.687,10.265,4.012,0.578,7.955,59.9,10.9,4.25,0.75
Toby Greene,Greater Western Sydney,4,33,33.26,182,Gen. Forward,2012,261,416,17,29,22,41,11.319,86.31,19.935,8.115,1.594,10.855,77.55,16.05,6.4,1.85
Toby McMullin,Greater Western Sydney,31,22,22.4,183,Midfielder,2023,28,8,1,1,11,1,4.529,39.857,9.393,2.821,0.286,5.115,42.4,10.3,2.95,0.35
Tom Green,Greater Western Sydney,12,25,25.93,192,Midfielder,2020,115,49,7,2,23,13,13.51,100.13,27.13,13.365,0.426,16.705,110.75,29.05,16,0.5
Xavier O'Halloran,Greater Western Sydney,33,26,26.47,187,Midfielder,2020,90,34,6,2,23,9,7.073,50.633,12.056,4.556,0.378,9.01,63.15,15.45,6.25,0.35
Aidan Schubert,Hawthorn,29,19,19.02,195,Key Forward,,0,,,,0,,,,,,,,,,,
Bailey Macdonald,Hawthorn,42,22,22.4,182,Gen. Defender,2023,8,1,0,,6,1,4.025,30,7.125,1.75,0.125,4.025,30,7.125,1.75,0.125
Blake Hardwick,Hawthorn,15,29,29.9,183,Gen. Defender,2016,198,32,7,0,26,11,8.767,76.298,16.53,4.753,0.162,9.555,75.7,15.55,4.95,0.25
Bodie Ryan,Hawthorn,26,21,21.69,187,Gen. Defender,,0,,,,0,,,,,,,,,,,
Calsher Dear,Hawthorn,13,21,21.4,195,Key Forward,2024,26,35,3,5,9,10,5.388,51.192,7.115,4.038,1.346,5.72,51.65,7.15,3.85,1.4
Cam Mackenzie,Hawthorn,28,22,22.94,188,Midfielder,2023,46,12,0,,12,0,7.741,58.739,14.87,5.435,0.261,8.125,62.85,16.25,5.8,0.2
Cameron Nairn,Hawthorn,22,19,19.21,185,Mid-Forward,,0,,,,0,,,,,,,,,,,
Cody Anderson,Hawthorn,32,20,20.91,183,Midfielder,,0,,,,0,,,,,,,,,,,
Connor Macdonald,Hawthorn,9,23,23.96,185,Gen. Forward,2022,90,71,5,7,24,22,7.741,66.133,15.767,4.878,0.789,7.27,71.6,15.35,4.45,0.95
Conor Nash,Hawthorn,11,28,28.42,198,Midfielder,2018,120,22,7,2,22,5,8.666,69.433,17.058,7.483,0.183,8.875,72.1,18.1,8,0.2
Dylan Moore,Hawthorn,8,27,27.4,177,Gen. Forward,2019,126,133,5,3,26,23,11.336,87.214,18.619,6.833,1.056,11.635,90.7,20.2,7.1,0.8
Finn Maginness,Hawthorn,20,25,25.85,189,Gen. Forward,2020,58,14,2,2,13,4,4.488,45.862,12.328,4.241,0.241,4.31,48,13.6,4.75,0.3
Harry Morrison,Hawthorn,1,28,28.13,184,Midfielder,2017,123,30,4,0,20,5,7.883,66.382,16.293,4.854,0.244,8.72,71.65,17.4,5.3,0.25
Henry Hustwaite,Hawthorn,44,22,22.44,195,Midfielder,2023,10,2,0,,4,0,5.52,41.7,10.9,4.7,0.2,5.52,41.7,10.9,4.7,0.2
Jack Dalton,Hawthorn,34,19,19.73,177,Midfielder,,0,,,,0,,,,,,,,,,,
Jack Ginnivan,Hawthorn,33,24,24.06,185,Gen. Forward,2021,90,115,11,11,25,29,7.764,63.789,13.789,4.9,1.278,10.615,83.35,20.05,6.4,1.35
Jack Gunston,Hawthorn,19,35,35.2,193,Key Forward,2010,283,554,20,47,23,73,10.699,80.558,14.102,4.989,1.958,11.645,88.7,12.45,4.3,3.15
Jack Scrimshaw,Hawthorn,14,28,28.32,194,Gen. Defender,2017,123,11,5,0,16,0,9.678,76.821,17.276,5.333,0.089,9.64,72.65,15,5.05,0
Jai Newcombe,Hawthorn,3,25,25.41,187,Midfielder,2021,102,43,5,3,26,11,13.251,92.608,22.804,10.373,0.422,12.65,93.4,22.1,11.1,0.4
Jaime Uhr-Henry,Hawthorn,43,23,23.63,209,Ruck,,0,,,,0,,,,,,,,,,,
James Blanck,Hawthorn,36,26,26.11,196,Key Defender,2022,24,0,0,,0,,6.188,37.583,6.5,3.208,0,5.28,35.45,6.05,3,0
James Sicily,Hawthorn,6,31,31.98,188,Gen. Defender,2015,179,76,8,2,23,6,11.042,93.402,20.24,6.363,0.425,8.735,86.6,19.3,5.8,0.2
Jarman Impey,Hawthorn,4,31,31.47,178,Gen. Defender,2014,221,68,8,2,24,5,8.09,68.733,16.05,4.71,0.308,9.35,87.7,20.95,4.7,0.25
Josh Battle,Hawthorn,24,28,28.33,193,Key Defender,2017,149,30,5,1,26,0,7.452,70.577,15,4.483,0.201,9.2,83.1,19.05,5.25,0
Josh Ward,Hawthorn,25,23,23.37,183,Midfielder,2022,67,8,5,0,25,3,9.469,71.836,19.284,6.254,0.119,11.14,84.2,20.6,7.9,0.1
Josh Weddle,Hawthorn,23,22,22.6,191,Gen. Defender,2023,60,23,5,1,18,9,10.325,72.533,15.633,5.05,0.383,10.44,76.6,15.9,5.95,0.45
Karl Amon,Hawthorn,10,31,31.36,181,Gen. Defender,2015,195,72,10,2,25,4,9.723,82.436,20.523,4.672,0.369,10.9,93.8,24.05,3.7,0.15
Lloyd Meek,Hawthorn,17,28,28.69,203,Ruck,2021,77,24,5,1,25,10,10.827,87.351,12.273,7.701,0.312,11.425,101.7,13.65,8.6,0.25
Mabior Chol,Hawthorn,18,29,29.92,200,Key Forward,2016,108,157,6,4,24,42,8.374,62.796,8.704,4.87,1.454,9.99,71.25,10.35,5.45,1.8
Massimo D'Ambrosio,Hawthorn,16,23,23.57,178,Midfielder,2022,66,17,5,0,26,5,8.427,70.909,17.606,5.076,0.258,8.48,71.5,18.65,5.1,0.2
Matt Hill,Hawthorn,41,22,22.99,187,Gen. Forward,,0,,,,0,,,,,,,,,,,
Matthew LeRay,Hawthorn,31,19,19.85,193,Midfielder,,0,,,,0,,,,,,,,,,,
Max Ramsden,Hawthorn,38,23,23.7,203,Key Forward,2023,9,5,0,,4,4,3.011,45.111,7.444,4.333,0.556,3.011,45.111,7.444,4.333,0.556
Mitch Lewis,Hawthorn,2,28,28.21,199,Key Forward,2018,78,133,2,3,8,8,7.779,62.372,10.218,4.91,1.705,7.02,55.4,9.45,3.95,1.45
Ned Reeves,Hawthorn,7,28,28.16,210,Ruck,2021,43,11,0,,1,0,9.558,67.047,8.047,5.163,0.256,9.255,66.95,8.65,5.55,0.1
Nick Watson,Hawthorn,5,21,21.84,170,Gen. Forward,2024,43,61,5,11,25,36,9.177,65.395,10.86,5.279,1.419,9.885,62,10.45,5.45,1.5
Noah Mraz,Hawthorn,21,20,20.86,198,Key Defender,,0,,,,0,,,,,,,,,,,
Oliver Greeves,Hawthorn,35,19,19.89,191,Midfielder,,0,,,,0,,,,,,,,,,,
Sam Butler,Hawthorn,30,23,23.88,184,Mid-Forward,2022,25,15,3,3,6,3,5.032,42.16,9.6,3.84,0.6,4.985,42.75,9.7,3.7,0.55
Tom Barrass,Hawthorn,37,31,31.23,197,Key Defender,2015,175,1,12,0,25,0,10.242,76.269,12.406,4.731,0.006,9.435,61.6,9.5,4.35,0
Will Day,Hawthorn,12,25,25.57,191,Midfielder,2020,76,19,0,,6,6,10.917,84.132,19.961,7.105,0.25,12.515,96.4,20.6,9.2,0.45
William McCabe,Hawthorn,27,21,21.25,197,Key Forward,,0,,,,0,,,,,,,,,,,
Aidan Johnson,Melbourne,42,26,26.81,193,Key Forward,2025,5,3,0,,5,3,2.96,37.6,5.4,3.4,0.6,2.96,37.6,5.4,3.4,0.6
Andy Moniz-Wakefield,Melbourne,45,23,23.18,182,Gen. Defender,2024,6,0,0,,0,,7.15,53.667,12.667,4.333,0,7.15,53.667,12.667,4.333,0
Bailey Laurie,Melbourne,16,24,24.77,179,Gen. Forward,2023,12,2,1,0,1,0,3.683,27.333,7.75,3.167,0.167,3.683,27.333,7.75,3.167,0.167
Bayley Fritsch,Melbourne,31,30,30.06,188,Gen. Forward,2018,171,288,9,21,22,36,9.154,68.187,12.123,4.439,1.684,8.705,70.3,13,4.45,1.75
Blake Howes,Melbourne,22,23,23.73,191,Gen. Defender,2024,28,1,0,,12,1,5.279,54.536,11.893,4.321,0.036,4.91,51.75,11.35,3.9,0.05
Brody Mihocek,Melbourne,28,33,33.9,192,Key Forward,2018,159,267,16,18,22,36,7.865,64.396,10.535,4.761,1.679,7.145,64.55,9.65,4.55,1.55
Caleb Windsor,Melbourne,6,21,21.56,185,Gen. Defender,2024,36,10,0,,17,2,7.308,56.194,14.361,4.056,0.278,6.875,53.25,14.05,3.55,0.2
Changkuoth Jiath,Melbourne,14,27,27.55,185,Gen. Defender,2019,76,5,3,0,20,0,7.883,67.526,15.763,5.092,0.066,6.275,59.2,13.8,4.65,0
Christian Salem,Melbourne,3,31,31.46,184,Gen. Defender,2014,199,27,10,1,23,1,8.314,80.518,20.161,5.231,0.136,8.275,90,22.65,3.95,0.05
Daniel Turner,Melbourne,10,24,24.92,194,Key Defender,2022,37,24,0,,19,7,7.522,57.162,10.135,3.892,0.649,8.915,69.45,12,4.55,0.4
Ed Langdon,Melbourne,15,30,30.91,182,Mid-Forward,2015,202,84,7,5,23,8,8.41,77.515,20.649,5.96,0.416,6.73,70.15,18.65,5.2,0.4
Harrison Petty,Melbourne,35,27,27.13,197,Key Forward,2018,101,48,5,1,19,20,6.704,55.792,9.297,4.129,0.475,6.9,53.85,8.65,4.2,1
Harry Sharp,Melbourne,30,24,24.03,182,Gen. Forward,2021,34,12,0,,18,8,3.953,31.382,7.588,2.265,0.353,3.57,28.95,6.65,2,0.4
Harvey Langford,Melbourne,4,20,20.79,190,Midfielder,2025,22,14,0,,22,14,10.073,71.091,17.955,6.545,0.636,10.185,72.95,18.2,6.35,0.65
Jack Henderson,Melbourne,43,27,27.24,177,Gen. Forward,2025,5,2,0,,5,2,3.98,43,10,4.6,0.4,3.98,43,10,4.6,0.4
Jack Steele,Melbourne,9,31,31.04,187,Midfielder,2015,202,70,3,1,21,4,12.112,100.663,23.104,10.431,0.347,10.305,94.95,20.95,9.2,0.2
Jack Viney,Melbourne,7,32,32.71,179,Midfielder,2013,237,70,10,0,18,4,11.073,89.143,22.511,11.076,0.295,10.035,86.9,21.75,10.3,0.3
Jacob van Rooyen,Melbourne,2,23,23.7,193,Key Forward,2023,57,74,1,0,16,16,6.991,62.211,9.719,4.702,1.298,7.05,60.05,10.1,5.1,1
Jai Culley,Melbourne,13,23,23.84,194,Midfielder,2022,16,10,0,,4,3,7.537,54.125,11.062,5.688,0.625,7.537,54.125,11.062,5.688,0.625
Jake Bowey,Melbourne,17,24,24.3,175,Gen. Defender,2021,84,8,5,0,23,2,8.377,74.119,18.06,5.464,0.095,9.645,90.85,22.6,6.05,0
Jake Lever,Melbourne,8,30,30.82,194,Gen. Defender,2015,186,5,12,1,8,0,9.861,74.005,14.027,5.489,0.027,8.915,67.4,13.1,4.5,0
Jake Melksham,Melbourne,18,35,35.33,186,Key Forward,2010,248,221,6,6,19,33,8.671,60.589,13.899,5.177,0.891,9.515,63,9.95,4.4,1.65
Jed Adams,Melbourne,26,22,22.63,196,Key Defender,2025,1,0,0,,1,0,6.6,36,5,2,0,6.6,36,5,2,0
Kade Chandler,Melbourne,37,26,26.96,175,Gen. Forward,2019,79,60,2,0,23,18,8.062,59.57,11.57,4.101,0.759,9.29,71.9,14.35,5.25,0.7
Kalani White,Melbourne,34,19,19.65,199,Ruck,,0,,,,0,,,,,,,,,,,
Koltyn Tholstrup,Melbourne,12,21,21.5,186,Gen. Forward,2024,19,8,0,,9,3,5.458,46.579,9.526,4.421,0.421,5.458,46.579,9.526,4.421,0.421
Kysaiah Pickett,Melbourne,36,25,25.58,171,Mid-Forward,2020,126,201,7,11,20,40,10.174,69.27,12.429,5.675,1.595,13.59,91.45,19.55,7.8,2
Latrelle Pickett,Melbourne,33,21,21,180,Gen. Forward,,0,,,,0,,,,,,,,,,,
Luker Kentfield,Melbourne,44,21,21.3,194,Key Defender,,0,,,,0,,,,,,,,,,,
Matthew Jefferson,Melbourne,21,22,22.81,195,Key Forward,2025,7,4,0,,7,4,1.686,26.429,5.429,2.286,0.571,1.686,26.429,5.429,2.286,0.571
Max Gawn,Melbourne,11,35,35,209,Ruck,2011,247,115,10,8,23,6,14.668,113.227,16.255,9.628,0.466,15.82,132.35,21.35,14.1,0.3
Max Heath,Melbourne,27,24,24.18,204,Key Forward,2025,4,3,0,,4,3,4.325,45.5,6.75,5.5,0.75,4.325,45.5,6.75,5.5,0.75
Oscar Berry,Melbourne,38,24,24.98,194,Gen. Defender,,0,,,,0,,,,,,,,,,,
Ricky Mentha,Melbourne,39,20,20.32,179,Gen. Forward,,0,,,,0,,,,,,,,,,,
Riley Onley,Melbourne,40,19,19.75,194,Midfielder,,0,,,,0,,,,,,,,,,,
Shane McAdam,Melbourne,23,31,31.59,186,Gen. Forward,2020,53,73,0,,0,,6.494,60.038,9.509,4.019,1.377,6.505,58.6,10.1,3.6,1.35
Steven May,Melbourne,1,34,34.97,193,Key Defender,2011,251,24,7,0,16,0,10.238,81.371,16.096,4.594,0.096,9.295,89.4,18.1,4.25,0
Thomas Matthews,Melbourne,20,19,19.83,171,Gen. Forward,,0,,,,0,,,,,,,,,,,
Tom Campbell,Melbourne,29,35,35.16,201,Ruck,2012,58,30,0,,0,,7.471,60.845,9.431,6.103,0.517,7.02,61.45,9.55,6.25,0.45
Tom McDonald,Melbourne,25,34,34.28,195,Key Defender,2011,249,170,8,9,17,1,10.455,79.462,15.325,5.518,0.683,8.995,77.35,14.8,4.95,0.05
Tom Sparrow,Melbourne,32,26,26.58,183,Gen. Forward,2019,117,44,7,5,22,10,7.686,59.923,13.932,5.308,0.376,6.625,58.7,12.05,4.25,0.45
Trent Rivers,Melbourne,24,25,25.42,188,Gen. Defender,2020,123,13,7,0,23,4,9.197,74.65,18.073,5.602,0.106,10.96,83.65,21.4,6.35,0.2
Xavier Lindsay,Melbourne,5,20,20.41,183,Midfielder,2025,18,2,0,,18,2,4.917,50.611,13.556,3.556,0.111,4.917,50.611,13.556,3.556,0.111
Xavier Taylor,Melbourne,19,19,19.91,191,Gen. Defender,,0,,,,0,,,,,,,,,,,
Aidan Corr,North Melbourne,4,32,32.62,195,Key Defender,2013,172,3,7,0,10,0,7.369,60.448,11.831,3.419,0.017,7.495,63,13.1,3.6,0
Bailey Scott,North Melbourne,8,26,26.47,186,Midfielder,2019,113,35,0,,12,3,6.928,64.788,16.743,4.265,0.31,6.635,60.3,14.8,4.3,0.3
Blake Thredgold,North Melbourne,23,19,19.34,194,Key Defender,,0,,,,0,,,,,,,,,,,
Brayden George,North Melbourne,33,22,22.96,187,Gen. Forward,,0,,,,0,,,,,,,,,,,
Caleb Daniel,North Melbourne,5,30,30.48,171,Gen. Defender,2015,215,49,12,4,23,0,10.128,85.47,22.172,6.07,0.228,8.64,92.05,25.05,4.4,0
Callum Coleman-Jones,North Melbourne,21,27,27.55,200,Ruck,2019,32,20,0,,1,0,5.612,52,9.625,5.188,0.625,4.565,44.55,9.3,4.6,0.35
Cameron Zurhaar,North Melbourne,44,28,28.61,190,Gen. Forward,2017,143,200,0,,22,38,7.971,64.476,12.168,5.378,1.399,7.8,62.65,9.75,4.75,1.65
Charlie Comben,North Melbourne,30,25,25.44,199,Key Defender,2021,48,8,0,,20,0,6.927,63.521,11.792,4.667,0.167,6.68,61,12.25,4.4,0
Charlie Spargo,North Melbourne,13,27,27.09,172,Gen. Forward,2018,108,64,9,7,10,1,6.176,53.417,11.028,3.556,0.593,4.755,44,10.2,3.3,0.3
Colby McKercher,North Melbourne,10,21,21.72,182,Gen. Defender,2024,39,12,0,,23,12,8.531,85.282,23.41,4.103,0.308,9.675,85.9,23.95,4.35,0.55
Cooper Harvey,North Melbourne,37,22,22.47,180,Gen. Forward,2023,10,11,0,,7,10,5.4,42.5,8.8,2.9,1.1,5.4,42.5,8.8,2.9,1.1
Cooper Trembath,North Melbourne,47,21,21.2,193,Key Forward,2025,3,9,0,,3,9,11.867,71.333,8.667,6.667,3,11.867,71.333,8.667,6.667,3
Dylan Stephens,North Melbourne,15,25,25.97,184,Midfielder,2020,81,17,3,2,22,6,5.716,55.667,14.346,4.247,0.21,6.635,64.65,18.45,4.3,0.25
Finn O'Sullivan,North Melbourne,2,20,20.58,183,Gen. Defender,2025,22,1,0,,22,1,6.232,58,14.318,3.727,0.045,5.95,59.15,14.35,3.75,0.05
George Wardlaw,North Melbourne,6,22,22.55,182,Midfielder,2023,39,12,0,,13,4,10.969,77.333,17,8.462,0.308,10.8,78.5,17.4,8.65,0.35
Griffin Logue,North Melbourne,19,28,28.71,193,Key Defender,2017,97,11,2,3,16,1,7.634,62.124,11.577,4.773,0.113,7.725,61.35,11.35,3.95,0.05
Harry Sheezel,North Melbourne,3,22,22.21,185,Mid-Forward,2023,67,25,0,,23,8,11.652,107.925,28.687,8.433,0.373,9.95,109.45,29.45,8.4,0.4
Hugo Mikunda,North Melbourne,28,19,19.8,180,Midfielder,,0,,,,0,,,,,,,,,,,
Jack Darling,North Melbourne,27,34,34.55,191,Key Forward,2011,320,556,17,34,22,24,9.828,73.578,11.603,6.037,1.738,8.62,58.1,9.3,5.6,1.05
Jackson Archer,North Melbourne,34,23,23.97,187,Gen. Defender,2022,26,0,0,,3,0,3.846,42.308,9.5,3.654,0,3.865,42.85,9.55,3.45,0
Jacob Konstanty,North Melbourne,41,22,22.14,177,Gen. Forward,2025,23,11,0,,23,11,4.365,44.87,9.13,3.913,0.478,3.94,44.05,9.2,3.95,0.4
Josh Goater,North Melbourne,31,23,23.58,190,Gen. Defender,2022,12,0,0,,0,,5.933,56.167,14.25,3.583,0,5.933,56.167,14.25,3.583,0
Jy Simpkin,North Melbourne,12,28,28.82,183,Mid-Forward,2017,173,74,0,,21,12,10.107,80.064,20.624,8.896,0.428,11.34,85.45,21.75,8.55,0.55
Lachy Dovaston,North Melbourne,1,19,19.59,177,Gen. Forward,,0,,,,0,,,,,,,,,,,
Luke Davies-Uniacke,North Melbourne,9,27,27.56,188,Midfielder,2018,130,49,0,,22,8,12.351,91.977,22.8,10.469,0.377,13.405,97.3,25.05,11.7,0.3
Luke McDonald,North Melbourne,11,31,31.89,189,Gen. Defender,2014,218,18,5,1,15,0,7.795,72.849,17.28,4.752,0.083,7.585,70.8,15.65,3.9,0
Luke Parker,North Melbourne,26,34,34.18,183,Midfielder,2011,315,225,26,21,22,12,12.792,95.644,23.232,11.305,0.714,10.77,89.85,23.5,11.05,0.55
Luke Urquhart,North Melbourne,14,20,20.28,185,Midfielder,,0,,,,0,,,,,,,,,,,
Matt Whitlock,North Melbourne,35,20,20.62,197,Key Defender,2025,2,1,0,,2,1,3.05,21,6,2.5,0.5,3.05,21,6,2.5,0.5
Nick Larkey,North Melbourne,20,28,28.56,198,Key Forward,2017,134,278,0,,17,41,7.782,61.448,9.172,4.5,2.075,8.545,68.1,9.8,5.15,2.15
Paul Curtis,North Melbourne,25,23,23.82,185,Gen. Forward,2022,78,97,0,,19,38,7.86,59.192,10.59,5.167,1.244,10.385,76.5,11.6,6.1,1.95
Riley Hardeman,North Melbourne,17,21,21.84,184,Gen. Defender,2024,20,0,0,,17,0,5.44,53.2,12.55,3.2,0,5.44,53.2,12.55,3.2,0
River Stevens,North Melbourne,36,20,20.51,177,Gen. Forward,,0,,,,0,,,,,,,,,,,
Robert Hansen Jr,North Melbourne,46,22,22.8,182,Mid-Forward,2023,20,7,0,,12,3,4.59,32.3,8.15,2.6,0.35,4.59,32.3,8.15,2.6,0.35
Taylor Goad,North Melbourne,22,21,21.67,207,Ruck,,0,,,,0,,,,,,,,,,,
Toby Pink,North Melbourne,32,28,28.38,194,Key Defender,2024,32,7,0,,17,0,5.362,49.031,8.875,3.125,0.219,5.51,54.95,10.15,3.6,0.1
Tom Powell,North Melbourne,24,24,24.83,184,Midfielder,2021,91,31,0,,23,6,8.811,70.901,18.692,6.055,0.341,9.115,84.1,22.5,6.9,0.25
Tristan Xerri,North Melbourne,38,27,27.79,202,Ruck,2020,76,25,0,,20,4,12.553,96.211,13.934,10.013,0.329,17.48,126.9,17.25,13.5,0.2
Wil Dawson,North Melbourne,18,21,21.03,200,Key Defender,2024,8,0,0,,5,0,5.15,42.25,6.375,2.5,0,5.15,42.25,6.375,2.5,0
Zac Banch,North Melbourne,45,23,23.94,173,Gen. Forward,2025,4,1,0,,4,1,2.1,29,6.75,3.5,0.25,2.1,29,6.75,3.5,0.25
Zac Fisher,North Melbourne,16,28,28.54,175,Gen. Forward,2017,132,55,0,,7,2,8.253,67.818,17.765,6.121,0.417,6.525,74.1,20.6,5.2,0.1
Zane Duursma,North Melbourne,7,21,21.34,190,Gen. Forward,2024,23,13,0,,10,4,4.361,34.043,7.174,2.478,0.565,4.425,31.5,6.65,2.3,0.55
Aliir Aliir,Port Adelaide,21,32,32.32,194,Key Defender,2016,178,6,11,0,22,1,9.944,74.528,13.758,5.792,0.034,9.09,70.85,13.1,5.15,0.05
Benny Barrett,Port Adelaide,40,20,20.66,176,Mid-Forward,,0,,,,0,,,,,,,,,,,
Brandon Zerk-Thatcher,Port Adelaide,25,28,28.35,195,Key Defender,2019,90,0,3,0,13,0,7.36,61.344,11.111,4,0,6.64,61.95,11.25,4.7,0
Christian Moraes,Port Adelaide,11,20,20.14,183,Midfielder,2025,14,2,0,,14,2,4.886,46.929,12.214,3.143,0.143,4.886,46.929,12.214,3.143,0.143
Connor Rozee,Port Adelaide,1,26,26.93,185,Gen. Defender,2019,150,124,9,8,21,11,11.241,89.993,21,7.32,0.827,11.23,103.9,27.05,6.95,0.55
Corey Durdin,Port Adelaide,44,24,24.71,176,Gen. Forward,2021,64,48,1,0,16,14,5.959,43.828,7.781,3.375,0.75,5.185,43.05,7.55,3.05,0.75
Dante Visentini,Port Adelaide,38,23,23.87,202,Ruck,2023,14,2,0,,8,1,5.9,52.714,8.071,4.714,0.143,5.9,52.714,8.071,4.714,0.143
Darcy Byrne-Jones,Port Adelaide,33,31,31.27,181,Gen. Forward,2016,221,72,10,3,22,19,8.287,72.448,16.575,5.611,0.326,7.465,65.55,12.65,4.6,0.85
Esava Ratugolea,Port Adelaide,27,28,28.43,197,Key Defender,2018,111,42,8,4,13,0,6.822,59.216,8.946,5.252,0.378,7.345,62.7,9.8,5,0.05
Ewan Mackinlay,Port Adelaide,31,23,23.45,182,Midfielder,2025,1,1,0,,1,1,7.4,80,15,3,1,7.4,80,15,3,1
Harrison Ramm,Port Adelaide,32,20,20.07,202,Key Defender,2025,1,0,0,,1,0,3.6,28,5,0,0,3.6,28,5,0,0
Ivan Soldo,Port Adelaide,13,30,30.71,204,Ruck,2017,66,28,3,1,1,0,8.38,69.318,8.364,4.682,0.424,9.495,77,9.4,5.35,0.6
Jack Lukosius,Port Adelaide,12,26,26.39,195,Key Forward,2019,123,87,0,,7,8,8.261,69,14.301,4.024,0.707,7.4,59.3,10.3,3.75,1.35
Jack Watkins,Port Adelaide,37,26,26.03,176,Midfielder,,0,,,,0,,,,,,,,,,,
Jack Whitlock,Port Adelaide,17,20,20.62,200,Key Forward,2025,4,4,0,,4,4,4.05,41,6.5,2,1,4.05,41,6.5,2,1
Jackson Mead,Port Adelaide,3,25,25.25,184,Midfielder,2022,64,12,3,0,20,3,6.6,51.703,12.422,4.047,0.188,6.725,52.4,13.2,3.85,0.15
Jacob Moss,Port Adelaide,42,22,22.02,198,Key Defender,,0,,,,0,,,,,,,,,,,
Jacob Wehr,Port Adelaide,15,28,28.49,185,Midfielder,2022,39,7,0,,14,3,6.113,55.154,12.462,4.179,0.179,5.585,56.45,13.1,4.5,0.15
Jase Burgoyne,Port Adelaide,7,23,23.46,186,Midfielder,2022,56,10,3,3,20,3,7.805,71.214,16.821,5.625,0.179,8.105,74.2,19.2,6.05,0.15
Jason Horne-Francis,Port Adelaide,18,23,23.52,185,Midfielder,2022,80,61,5,3,15,14,10.369,83.812,19.225,9.2,0.762,11.375,93.3,20.8,9.1,1
Joe Berry,Port Adelaide,5,20,20.7,180,Gen. Forward,2025,12,3,0,,12,3,3.367,39.5,9,2.833,0.25,3.367,39.5,9,2.833,0.25
Joe Richards,Port Adelaide,35,27,27.1,177,Gen. Forward,2024,31,21,0,,22,15,7.906,66.194,14.129,4.742,0.677,7.78,70.25,14.75,5.2,0.7
Jordon Sweet,Port Adelaide,24,28,28.9,206,Ruck,2021,47,10,3,0,19,4,8.968,82.745,10.021,5.745,0.213,9.36,87,11.2,6.8,0.2
Josh Lai,Port Adelaide,43,21,21.24,185,Gen. Defender,,0,,,,0,,,,,,,,,,,
Josh Sinn,Port Adelaide,8,23,23.98,187,Gen. Defender,2022,30,1,2,0,20,0,4.547,46.467,11.033,2.667,0.033,5.015,49.5,11.45,2.65,0
Kane Farrell,Port Adelaide,6,27,27.79,182,Gen. Defender,2018,114,49,2,0,21,3,8.399,71.737,15.649,3.763,0.43,8.415,87.35,20.15,3.7,0.15
Lachie Jones,Port Adelaide,34,24,24.72,186,Gen. Defender,2021,74,7,5,0,18,1,7.151,53.419,10.838,4.622,0.095,7.955,56.3,10.85,4.9,0.05
Logan Evans,Port Adelaide,22,21,21.23,190,Gen. Defender,2024,23,3,3,0,10,1,6.978,63.087,14.478,3.609,0.13,6.96,62.25,14.3,3.7,0.1
Mani Liddy,Port Adelaide,50,24,24.86,184,Midfielder,2025,9,1,0,,9,1,3.856,51.111,14.111,3.444,0.111,3.856,51.111,14.111,3.444,0.111
Miles Bergman,Port Adelaide,14,25,25.2,190,Gen. Defender,2021,102,26,7,0,19,6,7.798,69.824,15.343,5.314,0.255,9.235,81.25,17.65,5.95,0.3
Mitch Georgiades,Port Adelaide,19,25,25.25,192,Key Forward,2020,92,167,3,5,23,58,6.015,64.402,10.793,4.424,1.815,6.67,73.3,12.05,4.9,2.6
Ollie Lord,Port Adelaide,30,24,24.99,197,Key Forward,2023,34,33,2,5,15,12,4.159,45.588,6.471,3.735,0.971,4.18,43.6,6.05,3.45,0.9
Ollie Wines,Port Adelaide,16,32,32.23,187,Midfielder,2013,273,103,15,10,20,3,11.693,96.165,25.062,11.784,0.377,8.72,92.8,25.4,11.6,0.15
Sam Powell-Pepper,Port Adelaide,2,28,28.97,187,Gen. Forward,2017,158,124,7,5,16,18,8.296,70.07,15.861,6.956,0.785,6.985,64.3,13.55,4.65,1.05
Todd Marshall,Port Adelaide,4,28,28.23,198,Key Forward,2017,116,159,8,8,0,,7.447,62.716,9.474,3.957,1.371,5.495,53.8,9,2.95,1.15
Tom Anastasopoulos,Port Adelaide,29,21,21.58,176,Midfielder,,0,,,,0,,,,,,,,,,,
Tom Cochrane,Port Adelaide,26,20,20.92,183,Gen. Forward,2025,3,2,0,,3,2,3.933,34,6.667,2.333,0.667,3.933,34,6.667,2.333,0.667
Will Brodie,Port Adelaide,23,28,28.35,190,Midfielder,2017,54,10,2,0,0,,9.407,79.667,22.037,9.852,0.185,11.65,91.95,25.1,11.1,0.3
Will Lorenz,Port Adelaide,36,21,21.86,186,Midfielder,2024,8,2,1,0,6,2,5.475,49.25,9.5,4,0.25,5.475,49.25,9.5,4,0.25
Willem Drew,Port Adelaide,28,28,28.24,188,Midfielder,2019,130,21,7,1,23,2,10.863,83.946,17.923,8.408,0.162,10.1,81.45,18.25,8.4,0.1
Xavier Walsh,Port Adelaide,45,21,21.31,195,Key Defender,,0,,,,0,,,,,,,,,,,
Zak Butters,Port Adelaide,9,26,26.31,181,Midfielder,2019,139,68,9,1,20,1,13.049,98.129,22.561,8.993,0.489,15.92,121,27.95,12.45,0.05
Ben Miller,Richmond,12,27,27.33,198,Key Defender,2021,69,9,1,0,23,0,8.775,67.101,10.681,3.58,0.13,8.195,69.25,12.1,3.45,0
Campbell Gray,Richmond,50,23,23.97,195,Key Defender,2025,3,0,0,,3,0,9.367,64.333,9.667,3,0,9.367,64.333,9.667,3,0
Dion Prestia,Richmond,3,34,34.21,175,Midfielder,2011,237,77,13,8,12,4,12.254,88.962,23.637,9.578,0.325,11.565,84.25,23.2,8.6,0.3
Harry Armstrong,Richmond,34,20,20.54,195,Key Forward,2025,8,6,0,,8,6,3.638,31.625,6.625,3.375,0.75,3.638,31.625,6.625,3.375,0.75
Hugo Ralphsmith,Richmond,13,25,25.14,187,Midfielder,2021,62,21,0,,12,6,6.353,52.129,12.677,3.839,0.339,7.215,59.7,13.4,4.5,0.5
Jack Ross,Richmond,5,26,26.32,187,Mid-Forward,2019,93,19,1,1,23,4,8.644,65.935,16.505,5.634,0.204,9.35,78.15,19,6.9,0.1
Jacob Hopper,Richmond,2,29,29.89,187,Midfielder,2016,165,58,13,2,23,6,9.63,84.388,22.636,10.527,0.352,10.28,91.8,26.8,11.85,0.25
James Trezise,Richmond,36,24,24.54,188,Midfielder,2023,24,3,0,,16,3,6.517,55.792,13.333,4.25,0.125,6.335,54.55,13.45,4.25,0.15
Jasper Alger,Richmond,29,20,20.03,183,Gen. Forward,2025,4,2,0,,4,2,2.75,23.25,5,2,0.5,2.75,23.25,5,2,0.5
Jayden Short,Richmond,15,30,30.93,178,Gen. Defender,2016,190,38,10,0,15,3,8.832,84.505,20.4,4.063,0.2,8.645,87.35,22.3,3.2,0.15
Jonty Faull,Richmond,8,20,20.91,195,Key Forward,2025,16,9,0,,16,9,2.794,39.938,7.25,3.812,0.562,2.794,39.938,7.25,3.812,0.562
Josh Gibcus,Richmond,18,23,23.74,196,Key Defender,2022,21,3,1,0,1,0,7.171,52.571,8.667,3.571,0.143,7.285,52.4,8.6,3.6,0.15
Josh Smillie,Richmond,16,20,20.62,195,Midfielder,,0,,,,0,,,,,,,,,,,
Judson Clarke,Richmond,23,23,23.2,180,Gen. Defender,2022,17,14,0,,0,,5.829,41.471,8.471,3.471,0.824,5.829,41.471,8.471,3.471,0.824
Kaleb Smith,Richmond,49,22,22.11,181,Gen. Defender,2024,12,1,0,,8,0,3.758,35,9.583,3.083,0.083,3.758,35,9.583,3.083,0.083
Kane McAuliffe,Richmond,28,21,21.83,187,Midfielder,2024,14,0,0,,5,0,6.479,58.286,13.929,6.143,0,6.479,58.286,13.929,6.143,0
Liam Fawcett,Richmond,43,21,21.69,197,Key Forward,2025,1,1,0,,1,1,10.8,30,5,1,1,10.8,30,5,1,1
Luke Trainor,Richmond,11,20,20.72,195,Gen. Defender,2025,21,1,0,,21,1,4.157,52.667,13.952,3.762,0.048,4.125,52.8,13.9,3.7,0.05
Maurice Rioli,Richmond,17,24,24.33,179,Gen. Forward,2021,49,31,1,1,13,5,5.52,44.755,7.918,3.551,0.633,6.495,51.6,9.2,4.55,0.6
Mykelti Lefau,Richmond,42,28,28.52,195,Key Forward,2024,11,14,0,,1,0,5.3,50.091,6.727,3.273,1.273,5.3,50.091,6.727,3.273,1.273
Nathan Broad,Richmond,35,33,33.71,192,Gen. Defender,2016,170,4,12,0,22,0,7.595,66.741,13.924,3.741,0.024,8.315,68.9,14.5,3.35,0
Nick Vlastuin,Richmond,1,32,32.7,187,Gen. Defender,2013,255,29,16,1,22,0,10.218,83.8,17.31,5.608,0.114,10.705,90.1,19.3,6.1,0
Noah Balta,Richmond,21,27,27.18,194,Key Defender,2019,117,41,5,0,13,4,8.597,63.957,12.137,4.974,0.35,7.775,57.95,11.35,4.6,0.3
Noah Roberts-Thomson,Richmond,27,19,19.75,182,Midfielder,,0,,,,0,,,,,,,,,,,
Oliver Hayes-Brown,Richmond,47,26,26.67,208,Ruck,,0,,,,0,,,,,,,,,,,
Patrick Retschko,Richmond,33,20,20.83,186,Midfielder,,0,,,,0,,,,,,,,,,,
Rhyan Mansell,Richmond,7,26,26.57,180,Gen. Forward,2021,73,50,0,,20,18,6.69,52.479,10.219,3.699,0.685,7.175,58,11.25,4.25,0.9
Sam Banks,Richmond,6,23,23.74,187,Gen. Defender,2023,43,6,0,,22,4,6.767,65.302,16.884,3.581,0.14,7.78,83.35,21.75,3.5,0.2
Sam Cumming,Richmond,22,19,19.43,184,Midfielder,,0,,,,0,,,,,,,,,,,
Sam Grlj,Richmond,24,19,19.43,182,Midfielder,,0,,,,0,,,,,,,,,,,
Sam Lalor,Richmond,4,20,20.33,188,Gen. Forward,2025,11,11,0,,11,11,8.791,55.182,12,5.636,1,8.791,55.182,12,5.636,1
Samson Ryan,Richmond,32,26,26.06,206,Ruck,2021,25,15,0,,2,0,5.568,47.48,6.64,3.28,0.6,5.43,49.45,7.15,3.25,0.5
Seth Campbell,Richmond,44,22,22,182,Gen. Forward,2024,43,38,0,,22,28,8.298,58.209,12.14,4.605,0.884,9.71,64.55,13.15,5,1.2
Steely Green,Richmond,48,22,22.97,179,Gen. Forward,2024,25,16,0,,19,11,5.348,38.36,7.68,2.76,0.64,5.22,38.4,7.3,2.8,0.6
Taj Hotton,Richmond,10,20,20.53,183,Gen. Forward,2025,7,3,0,,7,3,8.271,54.714,12.714,6.571,0.429,8.271,54.714,12.714,6.571,0.429
Tim Taranto,Richmond,14,28,28.92,188,Midfielder,2017,173,88,10,3,21,15,10.635,94.075,24.543,10.318,0.509,12.535,99.85,25.4,11.8,0.75
Toby Nankervis,Richmond,25,32,32.38,199,Ruck,2015,179,45,14,0,22,6,11.918,93.642,15.279,8.598,0.251,12.68,98.4,15.75,8.6,0.2
Tom Brown,Richmond,30,23,23.42,193,Gen. Defender,2023,42,10,0,,23,6,7.583,60.714,13.405,4.214,0.238,7.54,62.1,14.2,3.85,0.2
Tom Lynch,Richmond,19,34,34.16,199,Key Forward,2011,236,488,7,16,16,26,9.984,76.411,12.636,6.691,2.068,6.665,53.7,9.6,5.4,1.6
Tom Sims,Richmond,38,20,20.63,199,Key Forward,2025,11,4,0,,11,4,3.736,39.091,6.818,4.091,0.364,3.736,39.091,6.818,4.091,0.364
Tyler Sonsie,Richmond,40,23,23.92,181,Mid-Forward,2022,40,10,1,1,16,3,5.188,47.775,14.125,4.425,0.25,4.24,45.3,14.2,4.05,0.2
Zane Peucker,Richmond,26,19,19.07,178,Gen. Forward,,0,,,,0,,,,,,,,,,,
Alex Dodson,St Kilda,30,20,20.54,203,Key Forward,2025,1,0,0,,1,0,-1,13,8,0,0,-1,13,8,0,0
Alixzander Tauru,St Kilda,26,20,20.12,193,Key Defender,2025,10,1,0,,10,1,5.27,51.7,9,3.7,0.1,5.27,51.7,9,3.7,0.1
Angus Hastie,St Kilda,24,21,21.28,190,Gen. Defender,2024,14,1,0,,9,0,3.014,30.357,7.571,1.929,0.071,3.014,30.357,7.571,1.929,0.071
Anthony Caminiti,St Kilda,47,23,23.06,196,Key Defender,2023,56,38,1,0,23,4,6.621,57.571,10.054,4.661,0.679,7.475,64.75,11.5,4.85,0.2
Bradley Hill,St Kilda,8,33,33.47,182,Mid-Forward,2012,277,109,15,12,22,6,8.859,72.177,19.74,3.971,0.394,8.69,76.05,20.6,3.75,0.25
Callum Wilkie,St Kilda,44,30,30.81,191,Key Defender,2019,155,1,3,0,23,0,9.24,82.865,16.529,4.787,0.006,10.985,95,18.9,4.9,0
Charlie Banfield,St Kilda,36,19,19.45,191,Mid-Forward,,0,,,,0,,,,,,,,,,,
Cooper Sharman,St Kilda,43,26,26.43,193,Key Forward,2021,70,80,1,2,21,34,7.809,57.629,9.857,4.329,1.143,9.205,70.2,11.55,4.55,1.6
Dan Butler,St Kilda,16,30,30.57,182,Gen. Forward,2017,151,172,6,6,6,7,8.329,56.159,10.411,3.868,1.139,4.59,39.8,8,3.05,0.95
Darcy Wilson,St Kilda,22,21,21.36,185,Mid-Forward,2024,41,30,0,,18,15,7.344,63.829,15.439,4.756,0.732,7.415,64.45,16.35,4.8,0.85
Dougal Howard,St Kilda,20,30,30.76,199,Key Defender,2016,138,15,3,0,3,0,8.75,68.819,12,3.812,0.109,6.19,58.9,11,3.15,0
Eamonn Armstrong,St Kilda,46,20,20.43,191,Gen. Defender,,0,,,,0,,,,,,,,,,,
Hugh Boxshall,St Kilda,38,20,20.47,188,Midfielder,2025,11,2,0,,11,2,6.673,58.273,12.636,6.273,0.182,6.673,58.273,12.636,6.273,0.182
Hugo Garcia,St Kilda,34,21,21.61,185,Midfielder,2024,26,5,0,,17,4,6.808,56.923,12.923,5.769,0.192,7.225,59.75,14.1,5.9,0.2
Hunter Clark,St Kilda,11,27,27.76,186,Midfielder,2018,111,14,3,0,13,1,7.356,68.126,17.658,6.441,0.126,8.02,66.2,17.5,7.55,0.05
Isaac Keeler,St Kilda,17,22,22.69,198,Key Forward,2025,11,10,0,,11,10,4.973,40.273,7.364,2.909,0.909,4.973,40.273,7.364,2.909,0.909
Jack Carroll,St Kilda,18,24,24.03,188,Midfielder,2022,24,5,0,,3,0,5.321,39.333,9.833,3.417,0.208,5.39,36.2,8.9,3.15,0.2
Jack Higgins,St Kilda,1,27,27.78,178,Gen. Forward,2018,145,204,3,4,23,46,8.888,68.441,13.455,5.772,1.407,8.475,57.95,9.15,4.35,1.85
Jack Macrae,St Kilda,6,32,32.41,192,Midfielder,2013,270,60,13,2,21,1,12.522,105.652,27.522,10.659,0.222,12.575,99.6,24.1,12.35,0.05
Jack Silvagni,St Kilda,3,29,29.03,194,Key Defender,2016,128,89,0,,13,2,7.353,62.234,12.367,4.688,0.695,9.655,75.05,13.5,5.45,0.4
Jack Sinclair,St Kilda,35,31,31.88,181,Gen. Defender,2015,210,69,3,0,23,9,12.544,90.005,21.695,7.11,0.329,13.815,108.8,26.65,6.15,0.35
James Barrat,St Kilda,28,20,20.1,194,Key Defender,,0,,,,0,,,,,,,,,,,
Kobe McDonald,St Kilda,0,19,19.06,,Gen. Defender,,0,,,,0,,,,,,,,,,,
Kye Fincher,St Kilda,37,19,19.11,185,Midfielder,,0,,,,0,,,,,,,,,,,
Lance Collard,St Kilda,4,21,21.76,185,Gen. Forward,2024,15,8,0,,12,8,3.547,26,4.8,2.267,0.533,3.547,26,4.8,2.267,0.533
Liam Henry,St Kilda,23,25,25.34,180,Gen. Forward,2020,61,22,0,,6,2,6.725,51.705,12.738,4.377,0.361,8.295,54.85,12.8,4.75,0.45
Liam O'Connell,St Kilda,45,23,23.82,189,Gen. Defender,2025,7,0,0,,7,0,4.114,35.714,6.143,2.714,0,4.114,35.714,6.143,2.714,0
Liam Ryan,St Kilda,31,30,30.24,181,Gen. Forward,2018,125,158,6,8,20,22,9.04,63.08,11.36,4.968,1.264,8.405,62.3,11.25,4.95,1.1
Liam Stocker,St Kilda,14,26,26.93,184,Gen. Defender,2019,84,2,1,0,17,0,5.419,56.964,13.643,4.345,0.024,4.49,53.65,11.2,4.25,0
Marcus Windhager,St Kilda,2,23,23.62,185,Midfielder,2022,75,10,1,0,23,4,6.132,65.08,17.28,6.067,0.133,8.24,82.45,22.25,6.85,0.1
Mason Wood,St Kilda,32,33,33.29,192,Mid-Forward,2014,156,149,1,0,21,22,8.587,71.346,15.359,5.647,0.955,7.69,71.9,14.65,4.95,1
Mattaes Phillipou,St Kilda,25,22,22.01,190,Gen. Forward,2023,44,25,1,0,7,4,6.643,50.068,12.523,5.136,0.568,5.76,49.95,12.35,4.65,0.6
Max Hall,St Kilda,40,24,24.71,183,Gen. Forward,2025,23,23,0,,23,23,11.326,75.087,15.261,5.826,1,12.085,76.75,15.2,6.2,0.95
Max King,St Kilda,12,26,26.48,202,Key Forward,2020,83,159,3,5,0,,7.582,62.518,9.53,5.542,1.916,6.575,55.85,9.85,4.95,1.8
Mitch Owens,St Kilda,10,23,23.26,191,Key Forward,2022,72,74,1,1,19,25,8.694,68.056,13.167,7.264,1.028,8.205,64.95,12.9,7.05,1.25
Nasiah Wanganeen-Milera,St Kilda,7,23,23.85,187,Gen. Defender,2022,86,23,1,1,23,17,10.859,90.581,23.802,5.326,0.267,16.375,116.3,30.15,7.9,0.8
Paddy Dow,St Kilda,15,27,27.2,184,Midfielder,2018,83,24,0,,0,,7.617,54.205,14.205,6.663,0.289,8.56,57.85,16.05,6.95,0.25
Patrick Said,St Kilda,33,20,20.68,180,Gen. Forward,,0,,,,0,,,,,,,,,,,
Rowan Marshall,St Kilda,19,31,31.1,201,Ruck,2017,156,78,3,1,23,10,12.679,102.487,17.513,9.635,0.5,11.89,105.65,18.2,8.85,0.45
Ryan Byrnes,St Kilda,13,25,25.66,181,Gen. Defender,2020,80,15,0,,17,3,5.811,55.188,15.062,4.312,0.188,6.39,63.9,16.75,4.45,0.2
Sam Flanders,St Kilda,9,25,25.43,183,Gen. Forward,2020,89,37,2,1,23,12,9.437,77.989,19.843,6.528,0.416,8.86,70.7,17.9,5.6,0.45
Tobie Travaglia,St Kilda,5,20,20.18,188,Gen. Defender,2025,12,2,0,,12,2,3.892,39.667,9.25,2.833,0.167,3.892,39.667,9.25,2.833,0.167
Tom De Koning,St Kilda,21,27,27.46,201,Ruck,2018,100,36,4,2,22,6,10.284,80.19,13.01,7.94,0.36,10.805,93.95,16.7,9.05,0.3
Angus Sheldrick,Sydney,12,23,23.14,178,Midfielder,2022,29,9,0,,20,6,8.128,61.31,15.034,6.931,0.31,9.225,65.75,16.05,7.65,0.3
Billy Cootee,Sydney,25,24,24.03,178,Midfielder,,0,,,,0,,,,,,,,,,,
Braeden Campbell,Sydney,16,24,24.9,181,Gen. Forward,2021,94,32,7,1,23,16,6.264,55.181,12.085,3.894,0.34,7.09,58.8,12.35,3.7,0.7
Brodie Grundy,Sydney,4,32,32.71,202,Ruck,2013,242,79,12,2,22,7,12.937,106.707,17.434,10.326,0.326,15.315,129.1,20.05,12.9,0.35
Caiden Cleary,Sydney,33,21,21.82,182,Gen. Forward,2024,17,3,0,,12,1,4.059,40.235,9.706,3.824,0.176,4.059,40.235,9.706,3.824,0.176
Callum Mills,Sydney,14,29,29.74,188,Gen. Defender,2016,174,30,9,3,12,2,10.286,90.759,20.615,6.736,0.172,10.33,89.45,21.4,5.35,0.2
Chad Warner,Sydney,1,25,25.61,185,Midfielder,2020,108,98,8,6,23,20,13.84,93.324,22.148,9.185,0.907,13.525,91.55,22.15,10,0.75
Charlie Curnow,Sydney,35,29,29.9,194,Key Forward,2016,149,313,3,3,18,32,10.828,78.255,12.779,6.235,2.101,7.71,65.25,11.15,4.7,1.65
Corey Warner,Sydney,37,23,23.23,182,Mid-Forward,2023,23,10,0,,14,8,4.974,40.217,9.957,3,0.435,5.475,43.15,10.85,3.35,0.45
Dane Rampe,Sydney,24,36,36.58,187,Gen. Defender,2013,272,9,23,1,21,0,8.829,75.007,15.86,4.301,0.033,6.15,62.85,13.5,2.9,0
Errol Gulden,Sydney,21,24,24.45,175,Midfielder,2021,103,75,8,2,10,6,12.725,96.903,23.068,7.913,0.728,12.915,103.55,26.15,8.75,0.55
Harry Cunningham,Sydney,7,33,33.06,181,Gen. Defender,2012,219,52,15,4,11,0,6.732,63.735,14.333,3.877,0.237,4.86,59,13.2,2.95,0
Harry Kyle,Sydney,32,19,19.46,188,Gen. Defender,,0,,,,0,,,,,,,,,,,
Hayden McLean,Sydney,2,27,27.94,197,Key Forward,2019,98,100,6,3,19,25,7.315,64.786,10.184,4.939,1.02,5.72,59.75,9.2,4.4,1.25
Isaac Heeney,Sydney,5,30,30.65,185,Midfielder,2015,224,298,17,18,23,37,12.94,93.951,18.777,8.857,1.33,17.365,111.85,23.85,11.65,1.75
Jai Serong,Sydney,13,23,23.87,193,Key Defender,2022,10,1,1,0,0,,4.03,37.7,7.6,3,0.1,4.03,37.7,7.6,3,0.1
Jake Lloyd,Sydney,44,33,33.27,182,Midfielder,2014,271,49,20,5,22,7,9.153,91.325,23.701,5.077,0.181,6.86,80.45,20.15,4.35,0.3
James Jordon,Sydney,17,26,26.03,187,Midfielder,2021,114,36,7,0,23,10,7.157,62.763,15.43,5.14,0.316,6.78,62.3,13.55,5.6,0.5
James Rowbottom,Sydney,8,26,26.28,186,Midfielder,2019,140,44,8,4,23,9,10.686,81.271,16.864,8.664,0.314,9.745,80.1,16,8.05,0.4
Jesse Dattoli,Sydney,9,20,20.4,180,Gen. Forward,2025,3,0,0,,3,0,0.767,36,9,3.667,0,0.767,36,9,3.667,0
Jevan Phillipou,Sydney,18,19,19.75,181,Midfielder,,0,,,,0,,,,,,,,,,,
Joel Amartey,Sydney,36,27,27.32,195,Key Forward,2020,61,86,4,5,8,13,5.625,55.016,7.902,4.23,1.41,4.355,54,8.65,4.3,1.25
Joel Hamling,Sydney,29,33,33.72,194,Key Defender,2015,105,3,5,0,14,3,7.426,60.019,10.981,3.962,0.029,5.295,51.2,8.55,3.3,0.15
Justin McInerney,Sydney,27,26,26.36,189,Mid-Forward,2019,109,45,8,1,17,8,9.435,74.642,17.963,5.413,0.413,9.595,82.5,20,7,0.4
Lewis Melican,Sydney,43,30,30.15,194,Key Defender,2017,101,2,5,0,17,0,7.542,56.99,10.228,3.891,0.02,8.235,58.45,9.75,3.7,0
Liam Hetherton,Sydney,39,19,19.66,197,Key Forward,,0,,,,0,,,,,,,,,,,
Logan McDonald,Sydney,6,24,24.74,195,Key Forward,2021,70,93,6,6,0,,6.829,57.057,9.543,3.8,1.329,6.21,59.6,10.6,3.55,1.2
Malcolm Rosas,Sydney,10,25,25.51,180,Gen. Forward,2021,49,46,0,,4,1,6.8,46.327,8.367,3.816,0.939,7.825,48.2,8.4,3.6,1.2
Matt Roberts,Sydney,34,23,23.41,184,Gen. Defender,2022,48,4,3,0,18,1,7.55,74.625,17.646,4.188,0.083,7.865,86,20.95,5.15,0.05
Max King,Sydney,31,19,19.97,192,Key Forward,,0,,,,0,,,,,,,,,,,
Ned Bowman,Sydney,23,20,20.3,187,Gen. Forward,,0,,,,0,,,,,,,,,,,
Nick Blakey,Sydney,22,26,26.84,196,Gen. Defender,2019,151,49,7,0,23,10,10.906,79.245,17.172,4.338,0.325,13.725,100.95,21.1,3.85,0.45
Noah Chamberlain,Sydney,42,19,19.78,194,Key Forward,,0,,,,0,,,,,,,,,,,
Patrick Snell,Sydney,41,21,21.45,194,Key Defender,,0,,,,0,,,,,,,,,,,
Peter Ladhams,Sydney,19,28,28.96,204,Ruck,2019,63,34,4,3,10,7,8.643,71.206,13.476,7.429,0.54,7.12,57.8,12.5,6.55,0.55
Riak Andrew,Sydney,20,21,21.03,193,Key Defender,,0,,,,0,,,,,,,,,,,
Riley Bice,Sydney,26,26,26.26,186,Gen. Defender,2025,16,1,0,,16,1,7.013,62.062,13.812,3.438,0.062,7.013,62.062,13.812,3.438,0.062
Sam Wicks,Sydney,15,27,27.29,181,Gen. Defender,2020,87,44,2,0,21,0,6.047,53.529,11.161,4.149,0.506,4.855,54.95,14.45,3.55,0
Taylor Adams,Sydney,3,33,33.27,181,Gen. Forward,2012,229,86,10,6,4,1,10.955,88.144,23.227,10.1,0.376,6.87,58.05,15.55,6.85,0.4
Tom Hanily,Sydney,40,21,21.58,179,Gen. Forward,2025,8,6,0,,8,6,3.925,34.375,7.125,3.125,0.75,3.925,34.375,7.125,3.125,0.75
Tom McCartin,Sydney,30,27,27,194,Key Defender,2018,152,31,9,0,20,3,8.048,61.711,11.112,4.993,0.204,8.475,69.8,13.25,5.25,0.15
Tom Papley,Sydney,11,30,30.46,177,Gen. Forward,2016,196,304,15,27,11,10,10.053,74.255,14.25,6.117,1.551,9.6,71.95,14.7,5.9,1.3
William Edwards,Sydney,28,23,23.64,197,Key Defender,,0,,,,0,,,,,,,,,,,
William Green,Sydney,45,21,21.31,204,Ruck,,0,,,,0,,,,,,,,,,,
Archer Reid,West Coast,22,21,21.28,203,Key Forward,2025,14,5,0,,14,5,4.829,45.071,5.643,4,0.357,4.829,45.071,5.643,4,0.357
Bailey J. Williams,West Coast,32,26,26.7,201,Ruck,2020,88,30,0,,16,11,7.866,62.466,10.307,6.83,0.341,6.27,56.75,9.8,6.15,0.55
Bo Allan,West Coast,26,20,20.87,191,Gen. Defender,2025,6,0,0,,6,0,3.067,31.333,7.667,1.833,0,3.067,31.333,7.667,1.833,0
Brady Hough,West Coast,19,23,23.82,191,Midfielder,2022,75,3,0,,22,3,5.763,60.907,14.36,3.853,0.04,7.915,68.35,15.5,4.7,0.15
Brandon Starcevich,West Coast,4,27,27.43,188,Gen. Defender,2018,132,8,18,0,14,1,6.594,57.75,11.788,4.159,0.061,6.545,54.7,11.05,3.6,0.05
Clay Hall,West Coast,29,21,21.63,190,Midfielder,2024,16,2,0,,13,2,6.95,60.688,14.875,6.688,0.125,6.95,60.688,14.875,6.688,0.125
Cooper Duff-Tytler,West Coast,21,19,19.35,200,Ruck,,0,,,,0,,,,,,,,,,,
Deven Robertson,West Coast,40,25,25.5,185,Gen. Forward,2020,47,10,7,2,4,0,5.415,49.277,10.34,4.66,0.213,4.345,39.95,8.35,3.8,0.15
Elijah Hewett,West Coast,8,22,22.59,186,Midfielder,2023,34,14,0,,20,10,6.212,56.353,15.088,6.706,0.412,7.52,63.9,16.25,7.2,0.5
Elliot Yeo,West Coast,6,33,33.24,191,Midfielder,2012,212,85,11,3,0,,11.562,86.972,19.722,9.425,0.401,13.91,104.8,22.5,12.2,0.55
Finlay Macrae,West Coast,45,24,24.8,188,Midfielder,2021,21,5,0,,0,,5.09,38.571,10.762,3.952,0.238,5.08,38.45,10.4,3.95,0.25
Fred Rodriguez,West Coast,39,19,19.47,184,Midfielder,,0,,,,0,,,,,,,,,,,
Hamish Davis,West Coast,38,20,20.66,190,Midfielder,2025,8,1,0,,8,1,5.45,40.375,10.625,4.125,0.125,5.45,40.375,10.625,4.125,0.125
Harley Reid,West Coast,9,21,21.7,187,Midfielder,2024,39,24,0,,19,14,10.131,75.667,18.692,9.205,0.615,9.135,70.9,18.65,8.6,0.8
Harry Barnett,West Coast,30,22,22.93,203,Ruck,2023,2,0,0,,0,,-0.35,15,4,1.5,0,-0.35,15,4,1.5,0
Harry Edwards,West Coast,42,26,26.24,200,Key Defender,2020,55,0,0,,16,0,7.996,58.364,9.364,3.527,0,8.69,57.6,8.9,3.4,0
Harry Schoenberg,West Coast,48,25,25.85,180,Midfielder,2020,62,22,0,,1,0,7.582,60.855,15.468,6.468,0.355,6.855,52.2,13.15,5.4,0.3
Harvey Johnston,West Coast,24,21,21.36,185,Gen. Defender,2024,6,0,0,,0,,3.933,30.667,8.5,2.667,0,3.933,30.667,8.5,2.667,0
Jack Graham,West Coast,17,28,28.84,181,Mid-Forward,2017,149,53,11,4,18,2,9.37,75.819,16.799,6.349,0.356,10.615,85.5,19,8.2,0.2
Jack Hutchinson,West Coast,44,25,25.13,190,Midfielder,2024,23,3,0,,16,1,5.048,54.348,11.957,4.478,0.13,4.995,56.5,13.1,4.75,0.15
Jack Williams,West Coast,34,23,23.08,198,Key Forward,2022,42,37,0,,13,16,5.317,47.81,7.667,3.69,0.881,6.405,55.8,8.85,4.4,1.15
Jacob Newton,West Coast,46,20,20.78,178,Key Forward,2025,2,1,0,,2,1,2.9,25.5,3,1.5,0.5,2.9,25.5,3,1.5,0.5
Jake Waterman,West Coast,2,28,28.65,192,Key Forward,2018,112,149,3,2,8,17,6.972,62.438,11.491,3.321,1.33,8.29,69.95,11.15,3.1,2.3
Jamie Cripps,West Coast,15,34,34.69,184,Gen. Forward,2011,272,335,12,13,21,24,9.098,68.305,12.985,4.754,1.232,7.495,61.2,11.15,3.9,1.2
Jobe Shanahan,West Coast,35,20,20.41,195,Key Forward,2025,9,12,0,,9,12,4.633,50.222,7.667,3.333,1.333,4.633,50.222,7.667,3.333,1.333
Josh Lindsay,West Coast,5,19,19.73,183,Gen. Defender,,0,,,,0,,,,,,,,,,,
Liam Baker,West Coast,3,28,28.92,173,Gen. Defender,2018,151,59,8,1,23,5,9.922,79.358,18.821,7.311,0.391,11.55,92.3,22,9.35,0.25
Liam Duggan,West Coast,14,30,30.05,186,Gen. Defender,2015,200,15,6,0,21,0,7.788,73.465,18.245,4.795,0.075,8.14,80.15,20.25,3.95,0
Lucca Grego,West Coast,31,20,20.29,184,Gen. Defender,2025,1,0,0,,1,0,3.6,59,14,6,0,3.6,59,14,6,0
Malakai Champion,West Coast,37,20,20.62,172,Gen. Forward,2025,2,0,0,,2,0,2.15,19,6.5,2,0,2.15,19,6.5,2,0
Matt Flynn,West Coast,25,29,29.29,202,Ruck,2021,55,17,0,,18,6,10.809,83.309,11.655,7.382,0.309,8.815,79.5,12.1,7.1,0.3
Matthew Owies,West Coast,16,29,29.78,179,Gen. Forward,2020,88,96,2,2,16,7,6.162,51.989,8.92,3.807,1.091,4.275,45.25,9.15,3.75,0.65
Noah Long,West Coast,13,22,22.35,179,Gen. Forward,2023,36,12,0,,10,3,5.072,46.528,9.889,3.972,0.333,3.735,42.35,9.25,3.2,0.25
Reuben Ginbey,West Coast,7,22,22.3,191,Gen. Defender,2023,63,2,0,,23,0,8.559,68.349,14.302,6.302,0.032,8.415,70.3,13.45,5.45,0
Rhett Bazzo,West Coast,33,23,23.2,195,Key Defender,2022,28,0,0,,7,0,3.429,40.321,9.5,2.714,0,3.56,40.9,9.6,2.85,0
Ryan Maric,West Coast,23,22,22.31,196,Gen. Defender,2023,51,17,0,,22,1,6.547,62.941,14.608,3.863,0.333,7.8,88.4,21.25,4.3,0.05
Sam Allen,West Coast,12,19,19.96,183,Mid-Forward,,0,,,,0,,,,,,,,,,,
Sandy Brock,West Coast,41,24,24.04,198,Key Defender,2025,14,0,0,,14,0,8.671,62.5,11,3.857,0,8.671,62.5,11,3.857,0
Tim Kelly,West Coast,11,32,32.43,184,Mid-Forward,2018,164,84,5,7,20,5,11.837,92.585,23.402,10.701,0.512,8.735,74.2,17.6,7.65,0.25
Tom Cole,West Coast,28,29,29.59,188,Gen. Defender,2016,131,5,4,0,18,1,6.702,62.847,13.74,4.42,0.038,8.58,75,16,4.7,0.05
Tom Gross,West Coast,27,20,20.29,183,Mid-Forward,2025,8,1,0,,8,1,3.475,36.25,8.75,3.75,0.125,3.475,36.25,8.75,3.75,0.125
Tom McCarthy,West Coast,18,26,26.47,187,Gen. Defender,2025,10,0,0,,10,0,10.3,93.3,23.6,6.2,0,10.3,93.3,23.6,6.2,0
Tylah Williams,West Coast,36,19,19.85,175,Gen. Forward,,0,,,,0,,,,,,,,,,,
Tylar Young,West Coast,20,28,28.32,196,Key Defender,2023,35,0,0,,7,0,7.697,54.229,10.2,3.429,0,7.54,56.1,10.95,3.1,0
Tyler Brockman,West Coast,10,24,24.1,180,Gen. Forward,2021,56,38,0,,20,14,6.879,49.25,10.304,4.214,0.679,7.07,52.95,11.4,5.35,0.7
Tyrell Dewar,West Coast,43,22,22.76,185,Midfielder,2024,23,10,0,,16,5,5.465,41.304,11.217,2.522,0.435,5.995,45.4,12.25,2.85,0.45
Willem Duursma,West Coast,1,19,19.52,191,Midfielder,,0,,,,0,,,,,,,,,,,
Aaron Naughton,Western Bulldogs,33,27,27.08,196,Key Forward,2018,166,286,8,13,23,60,9.29,70.711,11.114,5.819,1.723,10.615,82.15,11.85,5.6,2.8
Adam Treloar,Western Bulldogs,1,33,33.81,185,Mid-Forward,2012,258,156,14,6,4,2,13.302,102.054,27.953,10.671,0.605,15.37,109.55,29.6,10.9,0.75
Arthur Jones,Western Bulldogs,32,23,23.45,180,Mid-Forward,2023,18,7,0,,4,2,3.917,31.722,6.944,3.056,0.389,3.917,31.722,6.944,3.056,0.389
Bailey Dale,Western Bulldogs,31,30,30.44,188,Gen. Defender,2015,178,87,7,0,23,4,11.158,83.264,21.253,5.011,0.489,13.845,100.45,27.1,5.6,0.1
Bailey Williams,Western Bulldogs,34,29,29.22,190,Midfielder,2016,174,43,7,1,23,5,8.595,71.414,17.241,4.661,0.247,10.475,80.45,19.65,4.95,0.25
Buku Khamis,Western Bulldogs,24,26,26.77,191,Key Forward,2021,41,20,0,,14,13,5.683,50.146,9.463,3.317,0.488,6.365,51.45,9.1,3.05,0.65
Cody Weightman,Western Bulldogs,3,25,25.95,179,Gen. Forward,2020,76,126,5,6,0,,7.962,60.158,9.816,4.711,1.658,8.035,65.95,10.55,4.9,1.5
Connor Budarick,Western Bulldogs,19,25,25.73,175,Gen. Forward,2020,55,7,2,2,19,6,5.307,54.127,12.327,3.8,0.127,4.24,47.55,11.8,3.6,0.3
Cooper Hynes,Western Bulldogs,6,20,20.83,190,Gen. Forward,2025,8,4,0,,8,4,3.55,27.625,6.25,3.25,0.5,3.55,27.625,6.25,3.25,0.5
Ed Richards,Western Bulldogs,20,27,27.49,188,Midfielder,2018,148,58,4,1,23,22,11.408,78.054,17.703,6.486,0.392,19.525,113,25.75,10.9,1.05
Harvey Gallagher,Western Bulldogs,12,23,23.26,181,Gen. Defender,2024,25,9,1,0,5,0,4.56,43.48,12.08,3.28,0.36,4.22,42.25,12.05,3.5,0.25
James Harmes,Western Bulldogs,22,31,31.23,186,Midfielder,2015,174,94,9,3,13,9,9.194,75.08,18.23,7.494,0.54,9.11,70.05,16.85,6.15,0.8
James O'Donnell,Western Bulldogs,18,24,24.33,197,Key Defender,2023,48,7,1,0,22,4,6.083,50.271,10.104,3.458,0.146,7.43,55.9,10.5,3.65,0.1
Jedd Busslinger,Western Bulldogs,5,22,22.8,198,Key Defender,2025,7,0,0,,7,0,4.2,44.143,9.714,2,0,4.2,44.143,9.714,2,0
Joel Freijah,Western Bulldogs,27,21,21.12,191,Mid-Forward,2024,36,19,1,0,23,18,10.983,75.556,17.861,6.389,0.528,12.325,77.25,18.5,6.9,0.8
Jordan Croft,Western Bulldogs,16,21,21.63,201,Key Forward,2025,2,4,0,,2,4,7.3,64.5,11.5,7,2,7.3,64.5,11.5,7,2
Josh Dolan,Western Bulldogs,26,20,20.13,177,Gen. Forward,2025,11,1,0,,11,1,4.009,27.455,7.818,2.727,0.091,4.009,27.455,7.818,2.727,0.091
Lachie Jaques,Western Bulldogs,11,20,20.58,185,Gen. Defender,,0,,,,0,,,,,,,,,,,
Lachlan Bramble,Western Bulldogs,29,28,28.7,182,Gen. Defender,2021,77,9,1,0,23,5,7.695,66.987,17.481,3.649,0.117,7.225,67.15,17.55,3.15,0.25
Lachlan Carmichael,Western Bulldogs,2,19,19.34,185,Gen. Defender,,0,,,,0,,,,,,,,,,,
Lachlan McNeil,Western Bulldogs,30,25,25.32,184,Gen. Forward,2021,75,42,1,0,21,17,5.512,43.307,8.827,4,0.56,5.935,45.55,9.2,4.2,0.75
Lachlan Smith,Western Bulldogs,40,21,21.23,203,Ruck,,0,,,,0,,,,,,,,,,,
Laitham Vandermeer,Western Bulldogs,23,27,27.9,182,Gen. Forward,2020,87,44,6,3,19,13,5.37,48.552,10.414,3.425,0.506,6.26,47.55,10.4,3.85,0.7
Louis Emmett,Western Bulldogs,25,19,19.77,199,Ruck,,0,,,,0,,,,,,,,,,,
Luke Cleary,Western Bulldogs,36,24,24.82,191,Gen. Defender,2022,23,2,0,,16,2,6.174,52.13,11.739,3.435,0.087,6.54,53.15,12.05,3.5,0.1
Luke Kennedy,Western Bulldogs,35,20,20.22,180,Midfielder,,0,,,,0,,,,,,,,,,,
Marcus Bontempelli,Western Bulldogs,4,31,31.1,194,Midfielder,2014,258,253,13,12,18,21,16.685,113.089,24.136,11.426,0.981,19.265,126.5,26.35,11.65,1.15
Matthew Kennedy,Western Bulldogs,8,29,29.73,188,Midfielder,2016,141,78,3,1,23,21,9.394,76.773,18.674,7.851,0.553,12.625,94.1,23.35,9,0.95
Michael Sellwood,Western Bulldogs,37,23,23.24,186,Gen. Defender,,0,,,,0,,,,,,,,,,,
Nick Coffield,Western Bulldogs,17,27,27.18,191,Gen. Defender,2018,64,2,2,0,4,0,5.809,61.75,14.031,3.609,0.031,4.05,51.15,11.75,2.85,0
Oskar Baker,Western Bulldogs,13,28,28.6,184,Midfielder,2019,48,14,0,,9,1,5.925,52.667,13.896,3.229,0.292,6.405,56.35,14.3,3.45,0.35
Rhylee West,Western Bulldogs,14,26,26.47,183,Gen. Forward,2019,81,85,1,0,23,39,8.416,61.321,11.864,5.333,1.049,11.805,72.7,13.8,6.2,1.85
Riley Garcia,Western Bulldogs,38,25,25.91,178,Mid-Forward,2021,39,15,0,,8,2,7.403,52.128,13.077,5.795,0.385,8.005,62.25,15,6.55,0.35
Rory Lobb,Western Bulldogs,7,33,33.89,207,Key Defender,2014,199,175,10,6,23,3,9.74,74.206,11.342,6.035,0.879,9.72,66.15,12.15,4.9,0.15
Ryan Gardner,Western Bulldogs,43,29,29.58,197,Key Defender,2019,54,3,5,0,1,0,6.804,52.241,8.87,3.167,0.056,9.12,61.3,10.25,3.75,0.05
Ryley Sanders,Western Bulldogs,9,21,21.94,186,Mid-Forward,2024,35,13,0,,21,13,7.869,67.429,17.743,5.257,0.371,8.615,70.75,18.75,5.15,0.55
Sam Darcy,Western Bulldogs,10,23,23.45,208,Key Forward,2022,45,89,2,2,17,48,10.578,78.911,12.467,7.556,1.978,15.06,96.35,14.35,8.8,2.9
Sam Davidson,Western Bulldogs,42,25,25.04,191,Midfielder,2025,19,13,0,,19,13,8.905,63.895,15.526,4.526,0.684,8.905,63.895,15.526,4.526,0.684
Tim English,Western Bulldogs,44,29,29.39,208,Ruck,2017,154,90,8,2,23,13,11.827,101.071,15.708,7.182,0.584,12.95,115.1,18.45,8.15,0.65
Tom Liberatore,Western Bulldogs,21,34,34.62,184,Midfielder,2011,257,91,10,4,23,6,14.31,98.681,22.872,12.296,0.354,14.41,107.8,25.85,12.05,0.2
Will Darcy,Western Bulldogs,15,19,19.8,198,Key Defender,,0,,,,0,,,,,,,,,,,
Zac Walker,Western Bulldogs,41,20,20.83,191,Key Defender,,0,,,,0,,,,,,,,,,,
